timestamp,ask_price,bid_price,midpoint,spread
1730261796.569538,0.5459417375000001,0.5459076141899789,0.5459246758449895,3.4123310021172415e-05
1730261797.570838,0.5459565875,0.5460076149794562,0.5459821012397281,-5.102747945617825e-05
1730261798.572309,0.5459565875,0.5460076149794562,0.5459821012397281,-5.102747945617825e-05
1730261799.573822,0.5459565875,0.5460076149794562,0.5459821012397281,-5.102747945617825e-05
1730261800.575192,0.5459565875,0.5460076149794562,0.5459821012397281,-5.102747945617825e-05
1730261801.576579,0.5459565875,0.5460076149794562,0.5459821012397281,-5.102747945617825e-05
1730261802.5770571,0.5459565875,0.5460076149794562,0.5459821012397281,-5.102747945617825e-05
1730261803.710696,0.5460161124999999,0.5459076141899789,0.5459618633449894,0.00010849831002102128
1730261804.735625,0.5460161124999999,0.5459076141899789,0.5459618633449894,0.00010849831002102128
1730261805.786748,0.5460161124999999,0.5459076141899789,0.5459618633449894,0.00010849831002102128
1730261806.804466,0.5460161124999999,0.5459076141899789,0.5459618633449894,0.00010849831002102128
1730261807.848164,0.5460161124999999,0.5459076141899789,0.5459618633449894,0.00010849831002102128
1730261808.861547,0.5460161124999999,0.5459076141899789,0.5459618633449894,0.00010849831002102128
1730261809.9100108,0.5460161124999999,0.5459076141899789,0.5459618633449894,0.00010849831002102128
1730261810.911723,0.5460161124999999,0.5459076141899789,0.5459618633449894,0.00010849831002102128
1730261811.914921,0.5460155025,0.5459076141899789,0.5459615583449895,0.0001078883100210648
1730261812.9229069,0.5460155025,0.5459076141899789,0.5459615583449895,0.0001078883100210648
1730261814.025642,0.5460155025,0.5459076141899789,0.5459615583449895,0.0001078883100210648
1730261815.067887,0.5460155025,0.5459076141899789,0.5459615583449895,0.0001078883100210648
1730261816.069576,0.5460155025,0.5459076141899789,0.5459615583449895,0.0001078883100210648
1730261817.117269,0.5460155025,0.5459076141899789,0.5459615583449895,0.0001078883100210648
1730261818.1189399,0.5460155025,0.5459076141899789,0.5459615583449895,0.0001078883100210648
1730261819.164212,0.54599544625,0.5459076132704763,0.5459515297602382,8.783297952363878e-05
1730261820.166278,0.54599544625,0.5459076132704763,0.5459515297602382,8.783297952363878e-05
1730261821.167707,0.54599544625,0.5459076132704763,0.5459515297602382,8.783297952363878e-05
1730261822.1698592,0.54599544625,0.5459076132704763,0.5459515297602382,8.783297952363878e-05
1730261823.173186,0.54599544625,0.5459076132704763,0.5459515297602382,8.783297952363878e-05
1730261824.176241,0.54599544625,0.5459076132704763,0.5459515297602382,8.783297952363878e-05
1730261825.178415,0.54599661875,0.5459076132704763,0.5459521160102382,8.900547952372939e-05
1730261826.181775,0.54599661875,0.5459076132704763,0.5459521160102382,8.900547952372939e-05
1730261827.185107,0.54599661875,0.5459076132704763,0.5459521160102382,8.900547952372939e-05
1730261828.1883352,0.54599661875,0.5459076132704763,0.5459521160102382,8.900547952372939e-05
1730261829.2623832,0.54599661875,0.5459076132704763,0.5459521160102382,8.900547952372939e-05
1730261830.263784,0.5459242825,0.5458401283097054,0.5458822054048527,8.415419029461635e-05
1730261831.2653031,0.5459242825,0.5458401283097054,0.5458822054048527,8.415419029461635e-05
1730261832.267595,0.5459242825,0.5458401283097054,0.5458822054048527,8.415419029461635e-05
1730261833.271094,0.5459242825,0.5458401283097054,0.5458822054048527,8.415419029461635e-05
1730261834.274414,0.5459242825,0.5458401283097054,0.5458822054048527,8.415419029461635e-05
1730261835.277545,0.5459242825,0.5458401283097054,0.5458822054048527,8.415419029461635e-05
1730261836.2808828,0.5459242825,0.5458401283097054,0.5458822054048527,8.415419029461635e-05
1730261837.2839968,0.545878925,0.5457076116915104,0.5457932683457551,0.000171313308489629
1730261838.2873049,0.545878925,0.5457076116915104,0.5457932683457551,0.000171313308489629
1730261839.290596,0.545878925,0.5457076116915104,0.5457932683457551,0.000171313308489629
1730261840.293922,0.545878925,0.5457076116915104,0.5457932683457551,0.000171313308489629
1730261841.29659,0.545878925,0.5457076116915104,0.5457932683457551,0.000171313308489629
1730261842.299618,0.545878925,0.5457076116915104,0.5457932683457551,0.000171313308489629
1730261843.302786,0.54588008375,0.545607610901708,0.545743847325854,0.0002724728482920158
1730261844.306114,0.54588008375,0.545607610901708,0.545743847325854,0.0002724728482920158
1730261845.309294,0.54588008375,0.545607610901708,0.545743847325854,0.0002724728482920158
1730261846.312545,0.54588008375,0.545607610901708,0.545743847325854,0.0002724728482920158
1730261847.3157089,0.54588008375,0.545607610901708,0.545743847325854,0.0002724728482920158
1730261848.31898,0.5459389325,0.5457076116915104,0.5458232720957552,0.00023132080848964343
1730261849.321565,0.5459389325,0.5457076116915104,0.5458232720957552,0.00023132080848964343
1730261850.324325,0.5459389325,0.5457076116915104,0.5458232720957552,0.00023132080848964343
1730261851.3274229,0.5459389325,0.5457076116915104,0.5458232720957552,0.00023132080848964343
1730261852.330485,0.5459389325,0.5457076116915104,0.5458232720957552,0.00023132080848964343
1730261853.335409,0.5459389325,0.5457076116915104,0.5458232720957552,0.00023132080848964343
1730261854.3391092,0.54594497,0.5457076121527514,0.5458262910763757,0.0002373578472485427
1730261855.342474,0.54594497,0.5457076121527514,0.5458262910763757,0.0002373578472485427
1730261856.345709,0.54594497,0.5457076121527514,0.5458262910763757,0.0002373578472485427
1730261857.348927,0.54594497,0.5457076121527514,0.5458262910763757,0.0002373578472485427
1730261858.352314,0.54594497,0.5457076121527514,0.5458262910763757,0.0002373578472485427
1730261859.355607,0.54594497,0.5457076121527514,0.5458262910763757,0.0002373578472485427
1730261860.358766,0.54594497,0.5457076121527514,0.5458262910763757,0.0002373578472485427
1730261861.3620968,0.5459436962499999,0.5457076121527514,0.5458256542013757,0.00023608409724851231
1730261862.366325,0.5459436962499999,0.5457076121527514,0.5458256542013757,0.00023608409724851231
1730261863.370122,0.5459436962499999,0.5457076121527514,0.5458256542013757,0.00023608409724851231
1730261864.3734121,0.5459436962499999,0.5457076121527514,0.5458256542013757,0.00023608409724851231
1730261865.3769999,0.5459436962499999,0.5457076121527514,0.5458256542013757,0.00023608409724851231
1730261866.3801658,0.5459436962499999,0.5457076121527514,0.5458256542013757,0.00023608409724851231
1730261867.383282,0.545944425,0.5457227678525199,0.54583359642626,0.00022165714748001442
1730261868.386632,0.545944425,0.5457227678525199,0.54583359642626,0.00022165714748001442
1730261869.3894641,0.545944425,0.5457227678525199,0.54583359642626,0.00022165714748001442
1730261870.392601,0.545944425,0.5457227678525199,0.54583359642626,0.00022165714748001442
1730261871.3958862,0.545944425,0.5457227678525199,0.54583359642626,0.00022165714748001442
1730261872.399106,0.545944425,0.5457227678525199,0.54583359642626,0.00022165714748001442
1730261873.402307,0.545944425,0.5457227678525199,0.54583359642626,0.00022165714748001442
1730261874.406416,0.54603962125,0.5458076129425091,0.5459236170962546,0.00023200830749092738
1730261875.4093592,0.54603962125,0.5458076129425091,0.5459236170962546,0.00023200830749092738
1730261876.412586,0.54603962125,0.5458076129425091,0.5459236170962546,0.00023200830749092738
1730261877.415831,0.54603962125,0.5458076129425091,0.5459236170962546,0.00023200830749092738
1730261878.419258,0.54603962125,0.5458076129425091,0.5459236170962546,0.00023200830749092738
1730261879.422582,0.5459846174999999,0.5458076129425091,0.5458961152212545,0.0001770045574908119
1730261880.425689,0.5459846174999999,0.5458076129425091,0.5458961152212545,0.0001770045574908119
1730261881.4289532,0.5459846174999999,0.5458076129425091,0.5458961152212545,0.0001770045574908119
1730261882.432281,0.5459846174999999,0.5458076129425091,0.5458961152212545,0.0001770045574908119
1730261883.435429,0.5459846174999999,0.5458076129425091,0.5458961152212545,0.0001770045574908119
1730261884.438654,0.5459846174999999,0.5458076129425091,0.5458961152212545,0.0001770045574908119
1730261885.441843,0.5459846174999999,0.5458076129425091,0.5458961152212545,0.0001770045574908119
1730261886.4450529,0.54594439125,0.5458076129425091,0.5458760020962545,0.00013677830749092568
1730261887.448243,0.54594439125,0.5458076129425091,0.5458760020962545,0.00013677830749092568
1730261888.451755,0.54594439125,0.5458076129425091,0.5458760020962545,0.00013677830749092568
1730261889.4550242,0.54594439125,0.5458076129425091,0.5458760020962545,0.00013677830749092568
1730261890.458657,0.54594439125,0.5458076129425091,0.5458760020962545,0.00013677830749092568
1730261891.4618108,0.54594439125,0.5458076129425091,0.5458760020962545,0.00013677830749092568
1730261892.46576,0.54594439125,0.5458076129425091,0.5458760020962545,0.00013677830749092568
1730261893.4685252,0.5459445625,0.5458076129425091,0.5458760877212545,0.0001369495574908841
1730261894.4718049,0.5459445625,0.5458076129425091,0.5458760877212545,0.0001369495574908841
1730261895.474994,0.5459445625,0.5458076129425091,0.5458760877212545,0.0001369495574908841
1730261896.478122,0.5459445625,0.5458076129425091,0.5458760877212545,0.0001369495574908841
1730261897.48129,0.5459445625,0.5458076129425091,0.5458760877212545,0.0001369495574908841
1730261898.484661,0.5459445625,0.5458076129425091,0.5458760877212545,0.0001369495574908841
1730261899.487778,0.5459445625,0.5458076129425091,0.5458760877212545,0.0001369495574908841
1730261900.491113,0.5459445625,0.5458076129425091,0.5458760877212545,0.0001369495574908841
1730261901.4942238,0.5459445625,0.5458076129425091,0.5458760877212545,0.0001369495574908841
1730261902.497498,0.5459445625,0.5458076129425091,0.5458760877212545,0.0001369495574908841
1730261903.5026822,0.5459445625,0.5458076129425091,0.5458760877212545,0.0001369495574908841
1730261904.5062542,0.5459445625,0.5458076129425091,0.5458760877212545,0.0001369495574908841
1730261905.509372,0.5459445625,0.5458076129425091,0.5458760877212545,0.0001369495574908841
1730261906.512619,0.54578675875,0.5458076122765024,0.5457971855132513,-2.085352650238459e-05
1730261907.5158641,0.54578675875,0.5458076122765024,0.5457971855132513,-2.085352650238459e-05
1730261908.519177,0.54578675875,0.5458076122765024,0.5457971855132513,-2.085352650238459e-05
1730261909.52252,0.54578675875,0.5458076122765024,0.5457971855132513,-2.085352650238459e-05
1730261910.525771,0.54578675875,0.5458076122765024,0.5457971855132513,-2.085352650238459e-05
1730261911.529089,0.54578675875,0.5458076122765024,0.5457971855132513,-2.085352650238459e-05
1730261912.532314,0.54578675875,0.5458076122765024,0.5457971855132513,-2.085352650238459e-05
1730261913.5356128,0.545844805,0.5458076122765024,0.5458262086382513,3.7192723497558866e-05
1730261914.5388968,0.545844805,0.5458076122765024,0.5458262086382513,3.7192723497558866e-05
1730261915.5420952,0.545844805,0.5458076122765024,0.5458262086382513,3.7192723497558866e-05
1730261916.545147,0.545844805,0.5458076122765024,0.5458262086382513,3.7192723497558866e-05
1730261917.548234,0.545844805,0.5458076122765024,0.5458262086382513,3.7192723497558866e-05
1730261918.551487,0.54584323,0.5458076122765024,0.5458254211382512,3.5617723497582965e-05
1730261919.554473,0.54584323,0.5458076122765024,0.5458254211382512,3.5617723497582965e-05
1730261920.557635,0.54584323,0.5458076122765024,0.5458254211382512,3.5617723497582965e-05
1730261921.5608552,0.54584323,0.5458076122765024,0.5458254211382512,3.5617723497582965e-05
1730261922.564338,0.54584323,0.5458076122765024,0.5458254211382512,3.5617723497582965e-05
1730261923.567856,0.54584323,0.5458076122765024,0.5458254211382512,3.5617723497582965e-05
1730261924.5713038,0.54584385375,0.5458076122923345,0.5458257330211673,3.62414576654535e-05
1730261925.575543,0.54584385375,0.5458076122923345,0.5458257330211673,3.62414576654535e-05
1730261926.577816,0.54584385375,0.5458076122923345,0.5458257330211673,3.62414576654535e-05
1730261927.5804312,0.54584385375,0.5458076122923345,0.5458257330211673,3.62414576654535e-05
1730261928.5837471,0.54584385375,0.5458076122923345,0.5458257330211673,3.62414576654535e-05
1730261929.5871081,0.5458426875,0.5458076122923345,0.5458251498961673,3.5075207665435926e-05
1730261930.5903912,0.5458426875,0.5458076122923345,0.5458251498961673,3.5075207665435926e-05
1730261931.593411,0.5458426875,0.5458076122923345,0.5458251498961673,3.5075207665435926e-05
1730261932.596679,0.5458426875,0.5458076122923345,0.5458251498961673,3.5075207665435926e-05
1730261933.59995,0.5458426875,0.5458076122923345,0.5458251498961673,3.5075207665435926e-05
1730261934.603402,0.5458426875,0.5458076122923345,0.5458251498961673,3.5075207665435926e-05
1730261935.606934,0.5458426875,0.5458076122923345,0.5458251498961673,3.5075207665435926e-05
1730261936.609819,0.5458426875,0.5458076122923345,0.5458251498961673,3.5075207665435926e-05
1730261937.613029,0.54584316375,0.5460172873409761,0.5459302255454881,-0.0001741235909761274
1730261938.6161761,0.54584316375,0.5460172873409761,0.5459302255454881,-0.0001741235909761274
1730261939.61935,0.54584316375,0.5460172873409761,0.5459302255454881,-0.0001741235909761274
1730261940.62246,0.54584316375,0.5460172873409761,0.5459302255454881,-0.0001741235909761274
1730261941.625538,0.54584316375,0.5460172873409761,0.5459302255454881,-0.0001741235909761274
1730261942.628741,0.54584316375,0.5460172873409761,0.5459302255454881,-0.0001741235909761274
1730261943.632002,0.54584316375,0.5460172873409761,0.5459302255454881,-0.0001741235909761274
1730261944.6355221,0.54584316375,0.5460172873409761,0.5459302255454881,-0.0001741235909761274
1730261945.6390662,0.54584316375,0.5460172873409761,0.5459302255454881,-0.0001741235909761274
1730261946.642316,0.54589220625,0.5460969006464054,0.5459945534482027,-0.00020469439640535825
1730261947.6455412,0.54589220625,0.5460969006464054,0.5459945534482027,-0.00020469439640535825
1730261948.648749,0.54589220625,0.5460969006464054,0.5459945534482027,-0.00020469439640535825
1730261949.652045,0.54589220625,0.5460969006464054,0.5459945534482027,-0.00020469439640535825
1730261950.655382,0.54589220625,0.5460969006464054,0.5459945534482027,-0.00020469439640535825
1730261951.659202,0.54589220625,0.5460969006464144,0.5459945534482071,-0.00020469439641435105
1730261952.662225,0.54589220625,0.5460969006464144,0.5459945534482071,-0.00020469439641435105
1730261953.665596,0.54589220625,0.5460969006464144,0.5459945534482071,-0.00020469439641435105
1730261954.669079,0.54589220625,0.5460969006464144,0.5459945534482071,-0.00020469439641435105
1730261955.672821,0.54589220625,0.5460969006464144,0.5459945534482071,-0.00020469439641435105
1730261956.6759622,0.54589220625,0.5460969006464144,0.5459945534482071,-0.00020469439641435105
1730261957.679167,0.54589220625,0.5460969006464144,0.5459945534482071,-0.00020469439641435105
1730261958.682355,0.5458608425,0.5460076138707215,0.5459342281853607,-0.00014677137072149904
1730261959.6856341,0.5458608425,0.5460076138707215,0.5459342281853607,-0.00014677137072149904
1730261960.688854,0.5458608425,0.5460076138707215,0.5459342281853607,-0.00014677137072149904
1730261961.692013,0.5458608425,0.5460076138707215,0.5459342281853607,-0.00014677137072149904
1730261962.695155,0.5458608425,0.5460076138707215,0.5459342281853607,-0.00014677137072149904
1730261963.698297,0.545842635,0.5460076131725703,0.5459251240862851,-0.0001649781725703292
1730261964.701824,0.545842635,0.5460076131725703,0.5459251240862851,-0.0001649781725703292
1730261965.7052422,0.545842635,0.5460076131725703,0.5459251240862851,-0.0001649781725703292
1730261966.708489,0.545842635,0.5460076131725703,0.5459251240862851,-0.0001649781725703292
1730261967.7116249,0.545842635,0.5460076131725703,0.5459251240862851,-0.0001649781725703292
1730261968.7145972,0.545842635,0.5460076131725703,0.5459251240862851,-0.0001649781725703292
1730261969.717845,0.54584321125,0.5460076131725703,0.5459254122112851,-0.00016440192257027864
1730261970.721015,0.54584321125,0.5460076131725703,0.5459254122112851,-0.00016440192257027864
1730261971.724472,0.54584321125,0.5460076131725703,0.5459254122112851,-0.00016440192257027864
1730261972.727469,0.54584321125,0.5460076131725703,0.5459254122112851,-0.00016440192257027864
1730261973.730603,0.54584321125,0.5460076131725703,0.5459254122112851,-0.00016440192257027864
1730261974.7338712,0.54584321125,0.5460076131725703,0.5459254122112851,-0.00016440192257027864
1730261975.737419,0.5461190575,0.5460076131725703,0.5460633353362851,0.00011144432742971055
1730261976.740997,0.5461190575,0.5460076131725703,0.5460633353362851,0.00011144432742971055
1730261977.7440991,0.5461190575,0.5460076131725703,0.5460633353362851,0.00011144432742971055
1730261978.747412,0.5461190575,0.5460076131725703,0.5460633353362851,0.00011144432742971055
1730261979.750689,0.5461190575,0.5460076131725703,0.5460633353362851,0.00011144432742971055
1730261980.753952,0.5461190575,0.5460076131725703,0.5460633353362851,0.00011144432742971055
1730261981.757211,0.5461190575,0.5460076131725703,0.5460633353362851,0.00011144432742971055
1730261982.760193,0.5461190575,0.5460076131725703,0.5460633353362851,0.00011144432742971055
1730261983.76349,0.5461190575,0.5460076131725703,0.5460633353362851,0.00011144432742971055
1730261984.766725,0.5461190575,0.5460076131725703,0.5460633353362851,0.00011144432742971055
1730261985.7701619,0.5461190575,0.5460076131725703,0.5460633353362851,0.00011144432742971055
1730261986.773508,0.5461190575,0.5460076131725703,0.5460633353362851,0.00011144432742971055
1730261987.7765172,0.5461190575,0.5460076131725703,0.5460633353362851,0.00011144432742971055
1730261988.7796311,0.5461190575,0.5460076131725703,0.5460633353362851,0.00011144432742971055
1730261989.782916,0.5461190575,0.5460076131725703,0.5460633353362851,0.00011144432742971055
1730261990.7862241,0.5461190575,0.5460076131725703,0.5460633353362851,0.00011144432742971055
1730261991.7894158,0.5460471075000001,0.5460076131725703,0.5460273603362852,3.9494327429778764e-05
1730261992.792585,0.5460471075000001,0.5460076131725703,0.5460273603362852,3.9494327429778764e-05
1730261993.795773,0.5460471075000001,0.5460076131725703,0.5460273603362852,3.9494327429778764e-05
1730261994.798917,0.5460471075000001,0.5460076131725703,0.5460273603362852,3.9494327429778764e-05
1730261995.802279,0.5460471075000001,0.5460076131725703,0.5460273603362852,3.9494327429778764e-05
1730261996.805672,0.5460471075000001,0.5460076131725703,0.5460273603362852,3.9494327429778764e-05
1730261997.8090198,0.54603316125,0.5460076131725703,0.5460203872112852,2.5548077429715654e-05
1730261998.813909,0.54603316125,0.5460076131725703,0.5460203872112852,2.5548077429715654e-05
1730261999.8175519,0.54603316125,0.5460076131725703,0.5460203872112852,2.5548077429715654e-05
1730262000.820847,0.54603316125,0.5460076131725703,0.5460203872112852,2.5548077429715654e-05
1730262001.8242471,0.54603316125,0.5460076131725703,0.5460203872112852,2.5548077429715654e-05
1730262002.827142,0.54603316125,0.5460076131725703,0.5460203872112852,2.5548077429715654e-05
1730262003.830265,0.54603316125,0.5460076131725703,0.5460203872112852,2.5548077429715654e-05
1730262004.833444,0.54603251125,0.5460076131725703,0.5460200622112852,2.4898077429669208e-05
1730262005.836848,0.54603251125,0.5460076131725703,0.5460200622112852,2.4898077429669208e-05
1730262006.840278,0.54603251125,0.5460076131725703,0.5460200622112852,2.4898077429669208e-05
1730262007.8436632,0.54603251125,0.5460076131725703,0.5460200622112852,2.4898077429669208e-05
1730262008.846848,0.54603251125,0.5460076131725703,0.5460200622112852,2.4898077429669208e-05
1730262009.850157,0.54603251125,0.5460076131725703,0.5460200622112852,2.4898077429669208e-05
1730262010.853405,0.5460324087499999,0.5461076147118321,0.5460700117309161,-7.520596183219208e-05
1730262011.85658,0.5460324087499999,0.5461076147118321,0.5460700117309161,-7.520596183219208e-05
1730262012.859586,0.5460324087499999,0.5461076147118321,0.5460700117309161,-7.520596183219208e-05
1730262013.862771,0.5460324087499999,0.5461076147118321,0.5460700117309161,-7.520596183219208e-05
1730262014.866424,0.5460324087499999,0.5461076147118321,0.5460700117309161,-7.520596183219208e-05
1730262015.869956,0.5460324087499999,0.5461076147118321,0.5460700117309161,-7.520596183219208e-05
1730262016.8733912,0.5460726524999999,0.546007613922955,0.5460401332114775,6.503857704487359e-05
1730262017.876682,0.5460726524999999,0.546007613922955,0.5460401332114775,6.503857704487359e-05
1730262018.8799438,0.5460726524999999,0.546007613922955,0.5460401332114775,6.503857704487359e-05
1730262019.8832152,0.5460726524999999,0.546007613922955,0.5460401332114775,6.503857704487359e-05
1730262020.886608,0.5460726524999999,0.546007613922955,0.5460401332114775,6.503857704487359e-05
1730262021.889726,0.5460726524999999,0.546007613922955,0.5460401332114775,6.503857704487359e-05
1730262022.892411,0.5460726524999999,0.546007613922955,0.5460401332114775,6.503857704487359e-05
1730262023.895452,0.5460726524999999,0.546007613922955,0.5460401332114775,6.503857704487359e-05
1730262024.898586,0.546093825,0.546007613922955,0.5460507194614775,8.621107704498421e-05
1730262025.9019039,0.546093825,0.546007613922955,0.5460507194614775,8.621107704498421e-05
1730262026.905278,0.546093825,0.546007613922955,0.5460507194614775,8.621107704498421e-05
1730262027.908585,0.546093825,0.546007613922955,0.5460507194614775,8.621107704498421e-05
1730262028.911849,0.546093825,0.546007613922955,0.5460507194614775,8.621107704498421e-05
1730262029.915097,0.546093825,0.546007613922955,0.5460507194614775,8.621107704498421e-05
1730262030.918313,0.546093825,0.546007613922955,0.5460507194614775,8.621107704498421e-05
1730262031.921543,0.546093825,0.546007613922955,0.5460507194614775,8.621107704498421e-05
1730262032.924775,0.54609337375,0.5460957590032985,0.5460945663766492,-2.3852532985424446e-06
1730262033.927753,0.54609337375,0.5460957590032985,0.5460945663766492,-2.3852532985424446e-06
1730262034.930944,0.54609337375,0.5460957590032985,0.5460945663766492,-2.3852532985424446e-06
1730262035.934321,0.54609337375,0.5460957590032985,0.5460945663766492,-2.3852532985424446e-06
1730262036.937834,0.54609337375,0.5460957590032985,0.5460945663766492,-2.3852532985424446e-06
1730262037.941453,0.54609337375,0.5460957590032985,0.5460945663766492,-2.3852532985424446e-06
1730262038.9445279,0.54609337375,0.5460957590032985,0.5460945663766492,-2.3852532985424446e-06
1730262039.948029,0.54609337375,0.5460957590032985,0.5460945663766492,-2.3852532985424446e-06
1730262040.95139,0.54609337375,0.5460957590032985,0.5460945663766492,-2.3852532985424446e-06
1730262041.954249,0.546093225,0.546007613922955,0.5460504194614775,8.561107704496695e-05
1730262042.956442,0.546093225,0.546007613922955,0.5460504194614775,8.561107704496695e-05
1730262043.959693,0.546093225,0.546007613922955,0.5460504194614775,8.561107704496695e-05
1730262044.9628081,0.546093225,0.546007613922955,0.5460504194614775,8.561107704496695e-05
1730262045.96437,0.546093225,0.546007613922955,0.5460504194614775,8.561107704496695e-05
1730262046.966167,0.546093225,0.546007613922955,0.5460504194614775,8.561107704496695e-05
1730262047.9697049,0.546093225,0.546007613922955,0.5460504194614775,8.561107704496695e-05
1730262048.972992,0.5460942974999999,0.5460076139819044,0.5460509557409522,8.668351809548724e-05
1730262049.9750679,0.5460942974999999,0.5460076139819044,0.5460509557409522,8.668351809548724e-05
1730262050.978306,0.5460942974999999,0.5460076139819044,0.5460509557409522,8.668351809548724e-05
1730262051.981916,0.5460942974999999,0.5460076139819044,0.5460509557409522,8.668351809548724e-05
1730262052.985281,0.5460942974999999,0.5460076139819044,0.5460509557409522,8.668351809548724e-05
1730262053.987802,0.5460942974999999,0.5460076139819044,0.5460509557409522,8.668351809548724e-05
1730262054.991161,0.5460942974999999,0.5460076139819044,0.5460509557409522,8.668351809548724e-05
1730262055.994285,0.5460942974999999,0.5460076139819044,0.5460509557409522,8.668351809548724e-05
1730262056.9974241,0.54609505375,0.5460076139819044,0.5460513338659523,8.74397680955541e-05
1730262058.000829,0.54609505375,0.5460076139819044,0.5460513338659523,8.74397680955541e-05
1730262059.0041,0.54609505375,0.5460076139819044,0.5460513338659523,8.74397680955541e-05
1730262060.0064142,0.54609505375,0.5460076139819044,0.5460513338659523,8.74397680955541e-05
1730262061.009216,0.54609505375,0.5460076139819044,0.5460513338659523,8.74397680955541e-05
1730262062.0125499,0.54609505375,0.5460076139819044,0.5460513338659523,8.74397680955541e-05
1730262063.015327,0.54609505375,0.5460076139819044,0.5460513338659523,8.74397680955541e-05
1730262064.01871,0.54609505375,0.5460076139819044,0.5460513338659523,8.74397680955541e-05
1730262065.021953,0.5461796075,0.5460076139819044,0.5460936107409522,0.00017199351809560337
1730262066.0250251,0.5461796075,0.5460076139819044,0.5460936107409522,0.00017199351809560337
1730262067.028256,0.5461796075,0.5460076139819044,0.5460936107409522,0.00017199351809560337
1730262068.0311239,0.5461796075,0.5460076139819044,0.5460936107409522,0.00017199351809560337
1730262069.032955,0.5461796075,0.5460076139819044,0.5460936107409522,0.00017199351809560337
1730262070.036173,0.5461796075,0.5460076139819044,0.5460936107409522,0.00017199351809560337
1730262071.039587,0.54614425125,0.5459076131927816,0.5460259322213907,0.00023663805721840792
1730262072.042954,0.54614425125,0.5459076131927816,0.5460259322213907,0.00023663805721840792
1730262073.04612,0.54614425125,0.5459076131927816,0.5460259322213907,0.00023663805721840792
1730262074.049424,0.54614425125,0.5459076131927816,0.5460259322213907,0.00023663805721840792
1730262075.05274,0.54614425125,0.5459076131927816,0.5460259322213907,0.00023663805721840792
1730262076.0559082,0.54614425125,0.5459076131927816,0.5460259322213907,0.00023663805721840792
1730262077.058783,0.5461447325000001,0.5459076131927816,0.5460261728463909,0.00023711930721848073
1730262078.062072,0.5461447325000001,0.5459076131927816,0.5460261728463909,0.00023711930721848073
1730262079.065239,0.5461447325000001,0.5459076131927816,0.5460261728463909,0.00023711930721848073
1730262080.068314,0.5461447325000001,0.5459076131927816,0.5460261728463909,0.00023711930721848073
1730262081.0715678,0.5461447325000001,0.5459076131927816,0.5460261728463909,0.00023711930721848073
1730262082.07482,0.5461447325000001,0.5459076131927816,0.5460261728463909,0.00023711930721848073
1730262083.0772119,0.54614472125,0.5460076139819044,0.5460761676159522,0.00013710726809557094
1730262084.08069,0.54614472125,0.5460076139819044,0.5460761676159522,0.00013710726809557094
1730262085.083192,0.54614472125,0.5460076139819044,0.5460761676159522,0.00013710726809557094
1730262086.0864792,0.54614472125,0.5460076139819044,0.5460761676159522,0.00013710726809557094
1730262087.0898938,0.54614472125,0.5460076139819044,0.5460761676159522,0.00013710726809557094
1730262088.0931368,0.54614472125,0.5460076139819044,0.5460761676159522,0.00013710726809557094
1730262089.096464,0.54614472125,0.5460076139819044,0.5460761676159522,0.00013710726809557094
1730262090.099673,0.5461442725,0.5460076140659459,0.5460759432829729,0.00013665843405408218
1730262091.1029289,0.5461442725,0.5460076140659459,0.5460759432829729,0.00013665843405408218
1730262092.106267,0.5461442725,0.5460076140659459,0.5460759432829729,0.00013665843405408218
1730262093.1095839,0.5461442725,0.5460076140659459,0.5460759432829729,0.00013665843405408218
1730262094.1127381,0.5461442725,0.5460076140659459,0.5460759432829729,0.00013665843405408218
1730262095.115793,0.5461442725,0.5460076140659459,0.5460759432829729,0.00013665843405408218
1730262096.118933,0.5461442725,0.5460076140659459,0.5460759432829729,0.00013665843405408218
1730262097.121651,0.5461437275000001,0.5460076140659459,0.546075670782973,0.00013611343405417475
1730262098.124875,0.5461437275000001,0.5460076140659459,0.546075670782973,0.00013611343405417475
1730262099.128054,0.5461437275000001,0.5460076140659459,0.546075670782973,0.00013611343405417475
1730262100.1311412,0.5461437275000001,0.5460076140659459,0.546075670782973,0.00013611343405417475
1730262101.134323,0.5461437275000001,0.5460076140659459,0.546075670782973,0.00013611343405417475
1730262102.13764,0.5461437275000001,0.5460076140659459,0.546075670782973,0.00013611343405417475
1730262103.141097,0.545999565,0.5460076140659459,0.5460035895329729,-8.049065945869849e-06
1730262104.144972,0.545999565,0.5460076140659459,0.5460035895329729,-8.049065945869849e-06
1730262105.148156,0.545999565,0.5460076140659459,0.5460035895329729,-8.049065945869849e-06
1730262106.1514618,0.545999565,0.5460076140659459,0.5460035895329729,-8.049065945869849e-06
1730262107.154795,0.545999565,0.5460076140659459,0.5460035895329729,-8.049065945869849e-06
1730262108.157851,0.545999565,0.5460076140659459,0.5460035895329729,-8.049065945869849e-06
1730262109.16021,0.545999565,0.5460076140659459,0.5460035895329729,-8.049065945869849e-06
1730262110.163459,0.545999565,0.5460076140659459,0.5460035895329729,-8.049065945869849e-06
1730262111.1667042,0.54599963875,0.5460076140659459,0.546003626407973,-7.975315945873973e-06
1730262112.169923,0.54599963875,0.5460076140659459,0.546003626407973,-7.975315945873973e-06
1730262113.172967,0.54599963875,0.5460076140659459,0.546003626407973,-7.975315945873973e-06
1730262114.176267,0.54599963875,0.5460076140659459,0.546003626407973,-7.975315945873973e-06
1730262115.17946,0.54599963875,0.5460076140659459,0.546003626407973,-7.975315945873973e-06
1730262116.182583,0.54599963875,0.5460076140659459,0.546003626407973,-7.975315945873973e-06
1730262117.185945,0.54599963875,0.5460076140659459,0.546003626407973,-7.975315945873973e-06
1730262118.189213,0.5461287275,0.5461678265561677,0.5461482770280839,-3.909905616772402e-05
1730262119.192001,0.5461287275,0.5461678265561677,0.5461482770280839,-3.909905616772402e-05
1730262120.195442,0.5461287275,0.5461678265561677,0.5461482770280839,-3.909905616772402e-05
1730262121.200387,0.5461287275,0.5461678265561677,0.5461482770280839,-3.909905616772402e-05
1730262122.203553,0.5461287275,0.5461678265561677,0.5461482770280839,-3.909905616772402e-05
1730262123.207328,0.5461287275,0.5461678265561677,0.5461482770280839,-3.909905616772402e-05
1730262124.2107809,0.5461287275,0.5461678265561677,0.5461482770280839,-3.909905616772402e-05
1730262125.213922,0.5461287275,0.5461678265561677,0.5461482770280839,-3.909905616772402e-05
1730262126.217067,0.5461287275,0.5461678265561677,0.5461482770280839,-3.909905616772402e-05
1730262127.220274,0.5461287275,0.5461678265561677,0.5461482770280839,-3.909905616772402e-05
1730262128.223464,0.5461973375,0.5461687951546034,0.5461830663273017,2.8542345396620483e-05
1730262129.226742,0.5461973375,0.5461687951546034,0.5461830663273017,2.8542345396620483e-05
1730262130.2300339,0.5461973375,0.5461687951546034,0.5461830663273017,2.8542345396620483e-05
1730262131.2332082,0.5461973375,0.5461687951546034,0.5461830663273017,2.8542345396620483e-05
1730262132.2363882,0.5461973375,0.5461687951546034,0.5461830663273017,2.8542345396620483e-05
1730262133.2400682,0.5461973375,0.5461687951546034,0.5461830663273017,2.8542345396620483e-05
1730262134.243739,0.5461922025,0.5461656928957437,0.5461789476978718,2.650960425631954e-05
1730262135.247051,0.5461922025,0.5461656928957437,0.5461789476978718,2.650960425631954e-05
1730262136.2503,0.5461922025,0.5461656928957437,0.5461789476978718,2.650960425631954e-05
1730262137.2536268,0.5461922025,0.5461656928957437,0.5461789476978718,2.650960425631954e-05
1730262138.2570398,0.5461922025,0.5461656928957437,0.5461789476978718,2.650960425631954e-05
1730262139.261163,0.5461922025,0.5461656928957437,0.5461789476978718,2.650960425631954e-05
1730262140.2643268,0.5461922025,0.5461656928957437,0.5461789476978718,2.650960425631954e-05
1730262141.267659,0.5461155025,0.5461718005253088,0.5461436515126543,-5.6298025308820776e-05
1730262142.271169,0.5461155025,0.5461718005253088,0.5461436515126543,-5.6298025308820776e-05
1730262143.274946,0.5461155025,0.5461718005253088,0.5461436515126543,-5.6298025308820776e-05
1730262144.27851,0.5461155025,0.5461718005253088,0.5461436515126543,-5.6298025308820776e-05
1730262145.28161,0.5461155025,0.5461718005253088,0.5461436515126543,-5.6298025308820776e-05
1730262146.284883,0.5461155025,0.5461718005253088,0.5461436515126543,-5.6298025308820776e-05
1730262147.288147,0.5461155025,0.5461718005253088,0.5461436515126543,-5.6298025308820776e-05
1730262148.291466,0.5461061825,0.546208014769357,0.5461570986346784,-0.00010183226935700507
1730262149.294919,0.5461061825,0.546208014769357,0.5461570986346784,-0.00010183226935700507
1730262150.297861,0.5461061825,0.546208014769357,0.5461570986346784,-0.00010183226935700507
1730262151.300438,0.5461061825,0.546208014769357,0.5461570986346784,-0.00010183226935700507
1730262152.303669,0.5461061825,0.546208014769357,0.5461570986346784,-0.00010183226935700507
1730262153.307203,0.5461061825,0.546208014769357,0.5461570986346784,-0.00010183226935700507
1730262154.310596,0.5461061825,0.546208014769357,0.5461570986346784,-0.00010183226935700507
1730262155.313705,0.5461922025,0.5462080147673021,0.546200108633651,-1.5812267302073302e-05
1730262156.31683,0.5461922025,0.5462080147673021,0.546200108633651,-1.5812267302073302e-05
1730262157.3200378,0.5461922025,0.5462080147673021,0.546200108633651,-1.5812267302073302e-05
1730262158.323297,0.5461922025,0.5462080147673021,0.546200108633651,-1.5812267302073302e-05
1730262159.326602,0.5461922025,0.5462080147673021,0.546200108633651,-1.5812267302073302e-05
1730262160.3297122,0.5461922025,0.5462080147673021,0.546200108633651,-1.5812267302073302e-05
1730262161.332744,0.5461922025,0.5462080147673021,0.546200108633651,-1.5812267302073302e-05
1730262162.335882,0.5461922025,0.5462080147673021,0.546200108633651,-1.5812267302073302e-05
1730262163.339051,0.54651305625,0.5463655233940491,0.5464392898220245,0.00014753285595092702
1730262164.342651,0.54651305625,0.5463655233940491,0.5464392898220245,0.00014753285595092702
1730262165.346121,0.54651305625,0.5463655233940491,0.5464392898220245,0.00014753285595092702
1730262166.349243,0.54651305625,0.5463655233940491,0.5464392898220245,0.00014753285595092702
1730262167.352653,0.54651305625,0.5463655233940491,0.5464392898220245,0.00014753285595092702
1730262168.35595,0.54651305625,0.5463655233940491,0.5464392898220245,0.00014753285595092702
1730262169.3594182,0.54652067875,0.546391574904201,0.5464561268271004,0.0001291038457990057
1730262170.3627598,0.54652067875,0.546391574904201,0.5464561268271004,0.0001291038457990057
1730262171.36593,0.54652067875,0.546391574904201,0.5464561268271004,0.0001291038457990057
1730262172.369267,0.54652067875,0.546391574904201,0.5464561268271004,0.0001291038457990057
1730262173.372416,0.54652067875,0.546391574904201,0.5464561268271004,0.0001291038457990057
1730262174.374552,0.54652067875,0.546391574904201,0.5464561268271004,0.0001291038457990057
1730262175.377894,0.54650396375,0.5463704919036898,0.5464372278268449,0.00013347184631018472
1730262176.380762,0.54650396375,0.5463704919036898,0.5464372278268449,0.00013347184631018472
1730262177.382952,0.54650396375,0.5463704919036898,0.5464372278268449,0.00013347184631018472
1730262178.386184,0.54650396375,0.5463704919036898,0.5464372278268449,0.00013347184631018472
1730262179.389651,0.54650396375,0.5463704919036898,0.5464372278268449,0.00013347184631018472
1730262180.393226,0.54650396375,0.5463704919036898,0.5464372278268449,0.00013347184631018472
1730262181.396485,0.5464972812500001,0.5463892246294567,0.5464432529397284,0.00010805662054336196
1730262182.399544,0.5464972812500001,0.5463892246294567,0.5464432529397284,0.00010805662054336196
1730262183.402873,0.5464972812500001,0.5463892246294567,0.5464432529397284,0.00010805662054336196
1730262184.406272,0.5464972812500001,0.5463892246294567,0.5464432529397284,0.00010805662054336196
1730262185.4093719,0.5464972812500001,0.5463892246294567,0.5464432529397284,0.00010805662054336196
1730262186.411307,0.5464972812500001,0.5463892246294567,0.5464432529397284,0.00010805662054336196
1730262187.414294,0.5464972812500001,0.5463892246294567,0.5464432529397284,0.00010805662054336196
1730262188.417532,0.5464972812500001,0.5463892246294567,0.5464432529397284,0.00010805662054336196
1730262189.4208908,0.5464972812500001,0.5463892246294567,0.5464432529397284,0.00010805662054336196
1730262190.424326,0.5465099,0.546400333541121,0.5464551167705605,0.00010956645887894023
1730262191.42742,0.5465099,0.546400333541121,0.5464551167705605,0.00010956645887894023
1730262192.430571,0.5465099,0.546400333541121,0.5464551167705605,0.00010956645887894023
1730262193.433905,0.5465099,0.546400333541121,0.5464551167705605,0.00010956645887894023
1730262194.437407,0.5465099,0.546400333541121,0.5464551167705605,0.00010956645887894023
1730262195.440523,0.5465099,0.546400333541121,0.5464551167705605,0.00010956645887894023
1730262196.443789,0.5465099,0.546400333541121,0.5464551167705605,0.00010956645887894023
1730262197.446914,0.5465099,0.546400333541121,0.5464551167705605,0.00010956645887894023
1730262198.449993,0.5465099,0.546400333541121,0.5464551167705605,0.00010956645887894023
1730262199.4532979,0.5465099,0.546400333541121,0.5464551167705605,0.00010956645887894023
1730262200.457528,0.5465099,0.546400333541121,0.5464551167705605,0.00010956645887894023
1730262201.460866,0.5465099,0.546400333541121,0.5464551167705605,0.00010956645887894023
1730262202.464201,0.5465099,0.546400333541121,0.5464551167705605,0.00010956645887894023
1730262203.467577,0.5463922,0.5464058551473349,0.5463990275736674,-1.3655147334867834e-05
1730262204.470966,0.5463922,0.5464058551473349,0.5463990275736674,-1.3655147334867834e-05
1730262205.4743402,0.5463922,0.5464058551473349,0.5463990275736674,-1.3655147334867834e-05
1730262206.477737,0.5463922,0.5464058551473349,0.5463990275736674,-1.3655147334867834e-05
1730262207.480779,0.5463922,0.5464058551473349,0.5463990275736674,-1.3655147334867834e-05
1730262208.4839091,0.5463922,0.5464058551473349,0.5463990275736674,-1.3655147334867834e-05
1730262209.487108,0.5463922,0.5464058551473349,0.5463990275736674,-1.3655147334867834e-05
1730262210.4905012,0.54630049125,0.5463427707233894,0.5463216309866947,-4.227947338941718e-05
1730262211.493911,0.54630049125,0.5463427707233894,0.5463216309866947,-4.227947338941718e-05
1730262212.497065,0.54630049125,0.5463427707233894,0.5463216309866947,-4.227947338941718e-05
1730262213.500171,0.54630049125,0.5463427707233894,0.5463216309866947,-4.227947338941718e-05
1730262214.503458,0.54630049125,0.5463427707233894,0.5463216309866947,-4.227947338941718e-05
1730262215.5067468,0.54630049125,0.5463427707233894,0.5463216309866947,-4.227947338941718e-05
1730262216.511521,0.54630049125,0.5463427707233894,0.5463216309866947,-4.227947338941718e-05
1730262217.515269,0.54651571875,0.5464554688296523,0.5464855937898262,6.024992034769916e-05
1730262218.5185778,0.54651571875,0.5464554688296523,0.5464855937898262,6.024992034769916e-05
1730262219.5221848,0.54651571875,0.5464554688296523,0.5464855937898262,6.024992034769916e-05
1730262220.5252311,0.54651571875,0.5464554688296523,0.5464855937898262,6.024992034769916e-05
1730262221.528648,0.54651571875,0.5464554688296523,0.5464855937898262,6.024992034769916e-05
1730262222.531692,0.54651571875,0.5464554688296523,0.5464855937898262,6.024992034769916e-05
1730262223.5349,0.54650779125,0.5464554729110234,0.5464816320805117,5.2318338976675705e-05
1730262224.538181,0.54650779125,0.5464554729110234,0.5464816320805117,5.2318338976675705e-05
1730262225.541389,0.54650779125,0.5464554729110234,0.5464816320805117,5.2318338976675705e-05
1730262226.5441651,0.54650779125,0.5464554729110234,0.5464816320805117,5.2318338976675705e-05
1730262227.546737,0.54650779125,0.5464554729110234,0.5464816320805117,5.2318338976675705e-05
1730262228.549542,0.54650779125,0.5464554729110234,0.5464816320805117,5.2318338976675705e-05
1730262229.552597,0.54659219625,0.5464552982153438,0.5465237472326718,0.00013689803465621875
1730262230.555989,0.54659219625,0.5464552982153438,0.5465237472326718,0.00013689803465621875
1730262231.5594912,0.54659219625,0.5464552982153438,0.5465237472326718,0.00013689803465621875
1730262232.562742,0.54659219625,0.5464552982153438,0.5465237472326718,0.00013689803465621875
1730262233.5662332,0.54659219625,0.5464552982153438,0.5465237472326718,0.00013689803465621875
1730262234.5692291,0.54659219625,0.5464552982153438,0.5465237472326718,0.00013689803465621875
1730262235.572714,0.54659219625,0.5464552982153438,0.5465237472326718,0.00013689803465621875
1730262236.575936,0.54659219625,0.5465296753724114,0.5465609358112057,6.252087758862324e-05
1730262237.579259,0.54659219625,0.5465296753724114,0.5465609358112057,6.252087758862324e-05
1730262238.58228,0.54659219625,0.5465296753724114,0.5465609358112057,6.252087758862324e-05
1730262239.5854652,0.54659219625,0.5465296753724114,0.5465609358112057,6.252087758862324e-05
1730262240.588796,0.54659219625,0.5465296753724114,0.5465609358112057,6.252087758862324e-05
1730262241.592318,0.54659219625,0.5465296753724114,0.5465609358112057,6.252087758862324e-05
1730262242.595708,0.54659219625,0.5465296753724114,0.5465609358112057,6.252087758862324e-05
1730262243.597732,0.54659219625,0.5465296753724114,0.5465609358112057,6.252087758862324e-05
1730262244.599943,0.546692195,0.5465296758228284,0.5466109354114141,0.00016251917717158282
1730262245.603568,0.546692195,0.5465296758228284,0.5466109354114141,0.00016251917717158282
1730262246.606859,0.546692195,0.5465296758228284,0.5466109354114141,0.00016251917717158282
1730262247.608744,0.546692195,0.5465296758228284,0.5466109354114141,0.00016251917717158282
1730262248.612019,0.546692195,0.5465296758228284,0.5466109354114141,0.00016251917717158282
1730262249.615181,0.546692195,0.5465296758228284,0.5466109354114141,0.00016251917717158282
1730262250.6172218,0.54669219375,0.5465755259521274,0.5466338598510637,0.00011666779787256054
1730262251.620652,0.54669219375,0.5465755259521274,0.5466338598510637,0.00011666779787256054
1730262252.624213,0.54669219375,0.5465755259521274,0.5466338598510637,0.00011666779787256054
1730262253.6274712,0.54669219375,0.5465755259521274,0.5466338598510637,0.00011666779787256054
1730262254.630784,0.54669219375,0.5465755259521274,0.5466338598510637,0.00011666779787256054
1730262255.634303,0.54669219375,0.5465755259521274,0.5466338598510637,0.00011666779787256054
1730262256.637383,0.54669219375,0.5465755259521274,0.5466338598510637,0.00011666779787256054
1730262257.6401558,0.54671698875,0.5465749706328933,0.5466459796914467,0.00014201811710667922
1730262258.643431,0.54671698875,0.5465749706328933,0.5466459796914467,0.00014201811710667922
1730262259.646506,0.54671698875,0.5465749706328933,0.5466459796914467,0.00014201811710667922
1730262260.648671,0.54671698875,0.5465749706328933,0.5466459796914467,0.00014201811710667922
1730262261.6522932,0.54671698875,0.5465749706328933,0.5466459796914467,0.00014201811710667922
1730262262.655235,0.54681493375,0.546668509492163,0.5467417216210815,0.00014642425783706337
1730262263.657557,0.54681493375,0.546668509492163,0.5467417216210815,0.00014642425783706337
1730262264.660832,0.54681493375,0.546668509492163,0.5467417216210815,0.00014642425783706337
1730262265.664133,0.54681493375,0.546668509492163,0.5467417216210815,0.00014642425783706337
1730262266.667564,0.54681493375,0.546668509492163,0.5467417216210815,0.00014642425783706337
1730262267.6708941,0.54681493375,0.546668509492163,0.5467417216210815,0.00014642425783706337
1730262268.67402,0.5468115775,0.5467250803316778,0.5467683289158389,8.649716832220822e-05
1730262269.6765592,0.5468115775,0.5467250803316778,0.5467683289158389,8.649716832220822e-05
1730262270.679829,0.5468115775,0.5467250803316778,0.5467683289158389,8.649716832220822e-05
1730262271.683094,0.5468115775,0.5467250803316778,0.5467683289158389,8.649716832220822e-05
1730262272.685911,0.5468115775,0.5467250803316778,0.5467683289158389,8.649716832220822e-05
1730262273.688947,0.5468115775,0.5467250803316778,0.5467683289158389,8.649716832220822e-05
1730262274.6920478,0.5468055725,0.5468074907459798,0.5468065316229899,-1.918245979837252e-06
1730262275.694837,0.5468055725,0.5468074907459798,0.5468065316229899,-1.918245979837252e-06
1730262276.697921,0.5468055725,0.5468074907459798,0.5468065316229899,-1.918245979837252e-06
1730262277.701272,0.5468055725,0.5468074907459798,0.5468065316229899,-1.918245979837252e-06
1730262278.70425,0.5468055725,0.5468074907459798,0.5468065316229899,-1.918245979837252e-06
1730262279.707402,0.5467921925,0.5468152211026058,0.546803706801303,-2.3028602605834614e-05
1730262280.7108119,0.5467921925,0.5468152211026058,0.546803706801303,-2.3028602605834614e-05
1730262281.714323,0.5467921925,0.5468152211026058,0.546803706801303,-2.3028602605834614e-05
1730262282.717744,0.5467921925,0.5468152211026058,0.546803706801303,-2.3028602605834614e-05
1730262283.7211,0.5467921925,0.5468152211026058,0.546803706801303,-2.3028602605834614e-05
1730262284.724289,0.5467921925,0.5468152211026058,0.546803706801303,-2.3028602605834614e-05
1730262285.727516,0.5467921925,0.5468152211026058,0.546803706801303,-2.3028602605834614e-05
1730262286.730735,0.5467921925,0.5468327460668306,0.5468124692834153,-4.055356683063671e-05
1730262287.7341828,0.5467921925,0.5468327460668306,0.5468124692834153,-4.055356683063671e-05
1730262288.7375,0.5467921925,0.5468327460668306,0.5468124692834153,-4.055356683063671e-05
1730262289.740692,0.5467921925,0.5468327460668306,0.5468124692834153,-4.055356683063671e-05
1730262290.743862,0.5467921925,0.5468327460668306,0.5468124692834153,-4.055356683063671e-05
1730262291.747252,0.5467921925,0.5468327460668306,0.5468124692834153,-4.055356683063671e-05
1730262292.750562,0.5467921925,0.5468327460668306,0.5468124692834153,-4.055356683063671e-05
1730262293.753661,0.5467921925,0.5468327460668306,0.5468124692834153,-4.055356683063671e-05
1730262294.7567098,0.54679219125,0.5468578267990991,0.5468250090245496,-6.563554909910785e-05
1730262295.7598872,0.54679219125,0.5468578267990991,0.5468250090245496,-6.563554909910785e-05
1730262296.763187,0.54679219125,0.5468578267990991,0.5468250090245496,-6.563554909910785e-05
1730262297.766607,0.54679219125,0.5468578267990991,0.5468250090245496,-6.563554909910785e-05
1730262298.7697659,0.54679219125,0.5468578267990991,0.5468250090245496,-6.563554909910785e-05
1730262299.7728589,0.54679219125,0.5468578267990991,0.5468250090245496,-6.563554909910785e-05
1730262300.776064,0.54679219125,0.5468578267990991,0.5468250090245496,-6.563554909910785e-05
1730262301.7793632,0.54679219125,0.5468578267990991,0.5468250090245496,-6.563554909910785e-05
1730262302.782795,0.54679219125,0.5468578267990991,0.5468250090245496,-6.563554909910785e-05
1730262303.786231,0.54689219,0.5468653781156776,0.5468787840578389,2.6811884322408552e-05
1730262304.789189,0.54689219,0.5468653781156776,0.5468787840578389,2.6811884322408552e-05
1730262305.792264,0.54689219,0.5468653781156776,0.5468787840578389,2.6811884322408552e-05
1730262306.7954829,0.54689219,0.5468653781156776,0.5468787840578389,2.6811884322408552e-05
1730262307.798672,0.54689219,0.5468653781156776,0.5468787840578389,2.6811884322408552e-05
1730262308.802208,0.54689219,0.5468653781156776,0.5468787840578389,2.6811884322408552e-05
1730262309.805284,0.54689219,0.5468653781156776,0.5468787840578389,2.6811884322408552e-05
1730262310.808434,0.54689219,0.5468653781156776,0.5468787840578389,2.6811884322408552e-05
1730262311.811611,0.54689219,0.5468653781156776,0.5468787840578389,2.6811884322408552e-05
1730262312.815042,0.54689219,0.5468653781156776,0.5468787840578389,2.6811884322408552e-05
1730262313.818541,0.5469033075,0.5469087013761949,0.5469060044380974,-5.393876194803582e-06
1730262314.821918,0.5469033075,0.5469087013761949,0.5469060044380974,-5.393876194803582e-06
1730262315.825064,0.5469033075,0.5469087013761949,0.5469060044380974,-5.393876194803582e-06
1730262316.828317,0.5469033075,0.5469087013761949,0.5469060044380974,-5.393876194803582e-06
1730262317.8314219,0.5469033075,0.5469087013761949,0.5469060044380974,-5.393876194803582e-06
1730262318.834742,0.5469033075,0.5469087013761949,0.5469060044380974,-5.393876194803582e-06
1730262319.8379688,0.5469033075,0.5469087013761949,0.5469060044380974,-5.393876194803582e-06
1730262320.841194,0.5469033075,0.5469087013761949,0.5469060044380974,-5.393876194803582e-06
1730262321.8442712,0.54689219,0.5469112377370505,0.5469017138685253,-1.904773705052598e-05
1730262322.847645,0.54689219,0.5469112377370505,0.5469017138685253,-1.904773705052598e-05
1730262323.851187,0.54689219,0.5469112377370505,0.5469017138685253,-1.904773705052598e-05
1730262324.8543732,0.54689219,0.5469112377370505,0.5469017138685253,-1.904773705052598e-05
1730262325.857406,0.54689219,0.5469112377370505,0.5469017138685253,-1.904773705052598e-05
1730262326.860765,0.54689219,0.5469112377370505,0.5469017138685253,-1.904773705052598e-05
1730262327.8640761,0.54689219,0.5469112377370505,0.5469017138685253,-1.904773705052598e-05
1730262328.875941,0.54689219,0.5469112377370505,0.5469017138685253,-1.904773705052598e-05
1730262329.879201,0.54691378375,0.5468928968767818,0.5469033403133909,2.0886873218217694e-05
1730262330.882655,0.54691378375,0.5468928968767818,0.5469033403133909,2.0886873218217694e-05
1730262331.885909,0.54691378375,0.5468928968767818,0.5469033403133909,2.0886873218217694e-05
1730262332.889086,0.54691378375,0.5468928968767818,0.5469033403133909,2.0886873218217694e-05
1730262333.8924081,0.54691378375,0.5468928968767818,0.5469033403133909,2.0886873218217694e-05
1730262334.895513,0.54691378375,0.5468928968767818,0.5469033403133909,2.0886873218217694e-05
1730262335.898975,0.5469043775,0.5469220017889684,0.5469131896444842,-1.7624288968454138e-05
1730262336.902097,0.5469043775,0.5469220017889684,0.5469131896444842,-1.7624288968454138e-05
1730262337.9052951,0.5469043775,0.5469220017889684,0.5469131896444842,-1.7624288968454138e-05
1730262338.908399,0.5469043775,0.5469220017889684,0.5469131896444842,-1.7624288968454138e-05
1730262339.911208,0.5469043775,0.5469220017889684,0.5469131896444842,-1.7624288968454138e-05
1730262340.91469,0.5469043775,0.5469220017889684,0.5469131896444842,-1.7624288968454138e-05
1730262341.918048,0.5469043775,0.5469220017889684,0.5469131896444842,-1.7624288968454138e-05
1730262342.921345,0.5469043775,0.5469220017889684,0.5469131896444842,-1.7624288968454138e-05
1730262343.9244192,0.5469985675,0.5469940889897326,0.5469963282448662,4.47851026741386e-06
1730262344.9276469,0.5469985675,0.5469940889897326,0.5469963282448662,4.47851026741386e-06
1730262345.9307299,0.5469985675,0.5469940889897326,0.5469963282448662,4.47851026741386e-06
1730262346.93392,0.5469985675,0.5469940889897326,0.5469963282448662,4.47851026741386e-06
1730262347.9372969,0.5469985675,0.5469940889897326,0.5469963282448662,4.47851026741386e-06
1730262348.940284,0.5469985675,0.5469940889897326,0.5469963282448662,4.47851026741386e-06
1730262349.943485,0.5469921875,0.5470759863226486,0.5470340869113244,-8.379882264863969e-05
1730262350.946984,0.5469921875,0.5470759863226486,0.5470340869113244,-8.379882264863969e-05
1730262351.95043,0.5469921875,0.5470759863226486,0.5470340869113244,-8.379882264863969e-05
1730262352.9538088,0.5469921875,0.5470759863226486,0.5470340869113244,-8.379882264863969e-05
1730262353.956846,0.5469921875,0.5470759863226486,0.5470340869113244,-8.379882264863969e-05
1730262354.96008,0.5469921875,0.5470759863226486,0.5470340869113244,-8.379882264863969e-05
1730262355.9632509,0.54709218625,0.5470328486772283,0.5470625174636141,5.933757277165608e-05
1730262356.966484,0.54709218625,0.5470328486772283,0.5470625174636141,5.933757277165608e-05
1730262357.9696808,0.54709218625,0.5470328486772283,0.5470625174636141,5.933757277165608e-05
1730262358.973119,0.54709218625,0.5470328486772283,0.5470625174636141,5.933757277165608e-05
1730262359.9763358,0.54709218625,0.5470328486772283,0.5470625174636141,5.933757277165608e-05
1730262360.981517,0.54709218625,0.5470328486772283,0.5470625174636141,5.933757277165608e-05
1730262361.985013,0.54709218625,0.5470328486772283,0.5470625174636141,5.933757277165608e-05
1730262362.988341,0.54710456125,0.5470328472454532,0.5470687042477266,7.171400454675236e-05
1730262363.991504,0.54710456125,0.5470328472454532,0.5470687042477266,7.171400454675236e-05
1730262364.994955,0.54710456125,0.5470328472454532,0.5470687042477266,7.171400454675236e-05
1730262365.998137,0.54710456125,0.5470328472454532,0.5470687042477266,7.171400454675236e-05
1730262367.0014012,0.54710456125,0.5470328472454532,0.5470687042477266,7.171400454675236e-05
1730262368.004568,0.54710456125,0.5470328472454532,0.5470687042477266,7.171400454675236e-05
1730262369.0076811,0.54710456125,0.5470328472454532,0.5470687042477266,7.171400454675236e-05
1730262370.010852,0.547092185,0.5470377306570927,0.5470649578285464,5.445434290729523e-05
1730262371.0150511,0.547092185,0.5470377306570927,0.5470649578285464,5.445434290729523e-05
1730262372.018451,0.547092185,0.5470377306570927,0.5470649578285464,5.445434290729523e-05
1730262373.021607,0.547092185,0.5470377306570927,0.5470649578285464,5.445434290729523e-05
1730262374.024666,0.547092185,0.5470377306570927,0.5470649578285464,5.445434290729523e-05
1730262375.0280168,0.547092185,0.5470377306570927,0.5470649578285464,5.445434290729523e-05
1730262376.031453,0.54699218625,0.5470458433770119,0.5470190148135059,-5.365712701188574e-05
1730262377.03467,0.54699218625,0.5470458433770119,0.5470190148135059,-5.365712701188574e-05
1730262378.0379908,0.54699218625,0.5470458433770119,0.5470190148135059,-5.365712701188574e-05
1730262379.0411048,0.54699218625,0.5470458433770119,0.5470190148135059,-5.365712701188574e-05
1730262380.0446599,0.54699218625,0.5470458433770119,0.5470190148135059,-5.365712701188574e-05
1730262381.0477052,0.54699218625,0.5470458433770119,0.5470190148135059,-5.365712701188574e-05
1730262382.051263,0.54706505,0.5469780753525931,0.5470215626762966,8.697464740692329e-05
1730262383.054191,0.54706505,0.5469780753525931,0.5470215626762966,8.697464740692329e-05
1730262384.0571918,0.54706505,0.5469780753525931,0.5470215626762966,8.697464740692329e-05
1730262385.0604,0.54706505,0.5469780753525931,0.5470215626762966,8.697464740692329e-05
1730262386.063693,0.54706505,0.5469780753525931,0.5470215626762966,8.697464740692329e-05
1730262387.066968,0.54706505,0.5469780753525931,0.5470215626762966,8.697464740692329e-05
1730262388.070252,0.54715672625,0.5470479465873684,0.5471023364186842,0.00010877966263156402
1730262389.0733922,0.54715672625,0.5470479465873684,0.5471023364186842,0.00010877966263156402
1730262390.076117,0.54715672625,0.5470479465873684,0.5471023364186842,0.00010877966263156402
1730262391.0793211,0.54715672625,0.5470479465873684,0.5471023364186842,0.00010877966263156402
1730262392.082168,0.54715672625,0.5470479465873684,0.5471023364186842,0.00010877966263156402
1730262393.085557,0.54715672625,0.5470479465873684,0.5471023364186842,0.00010877966263156402
1730262394.088748,0.54721005625,0.5470479474668718,0.5471290018584358,0.00016210878312816757
1730262395.091902,0.54721005625,0.5470479474668718,0.5471290018584358,0.00016210878312816757
1730262396.095205,0.54721005625,0.5470479474668718,0.5471290018584358,0.00016210878312816757
1730262397.0984142,0.54721005625,0.5470479474668718,0.5471290018584358,0.00016210878312816757
1730262398.101578,0.54721005625,0.5470479474668718,0.5471290018584358,0.00016210878312816757
1730262399.104633,0.54721005625,0.5470479474668718,0.5471290018584358,0.00016210878312816757
1730262400.107744,0.54721005625,0.5470479474668718,0.5471290018584358,0.00016210878312816757
1730262401.1108851,0.54721005625,0.5470479474668718,0.5471290018584358,0.00016210878312816757
1730262402.113926,0.54721005625,0.5470479474668718,0.5471290018584358,0.00016210878312816757
1730262403.1172101,0.54719218375,0.5471293060338857,0.5471607448919429,6.287771611435122e-05
1730262404.120738,0.54719218375,0.5471293060338857,0.5471607448919429,6.287771611435122e-05
1730262405.123787,0.54719218375,0.5471293060338857,0.5471607448919429,6.287771611435122e-05
1730262406.127071,0.54719218375,0.5471293060338857,0.5471607448919429,6.287771611435122e-05
1730262407.1302881,0.54719218375,0.5471293060338857,0.5471607448919429,6.287771611435122e-05
1730262408.133419,0.54719218375,0.5471293060338857,0.5471607448919429,6.287771611435122e-05
1730262409.1366699,0.54719218375,0.5471293060338857,0.5471607448919429,6.287771611435122e-05
1730262410.139649,0.54719218375,0.5471293060338857,0.5471607448919429,6.287771611435122e-05
1730262411.1427891,0.54719218375,0.5471293060338857,0.5471607448919429,6.287771611435122e-05
1730262412.145969,0.5471921825,0.5471292437327782,0.5471607131163891,6.293876722185399e-05
1730262413.149367,0.5471921825,0.5471292437327782,0.5471607131163891,6.293876722185399e-05
1730262414.15274,0.5471921825,0.5471292437327782,0.5471607131163891,6.293876722185399e-05
1730262415.155902,0.5471921825,0.5471292437327782,0.5471607131163891,6.293876722185399e-05
1730262416.159775,0.5471921825,0.5471292437327782,0.5471607131163891,6.293876722185399e-05
1730262417.163157,0.5471921825,0.5471292437327782,0.5471607131163891,6.293876722185399e-05
1730262418.166347,0.5471921825,0.5471292437327782,0.5471607131163891,6.293876722185399e-05
1730262419.169962,0.5471921825,0.5471292437327782,0.5471607131163891,6.293876722185399e-05
1730262420.173088,0.5471921825,0.5471292437327782,0.5471607131163891,6.293876722185399e-05
1730262421.1762471,0.5471921825,0.5471292437327782,0.5471607131163891,6.293876722185399e-05
1730262422.179359,0.54709218375,0.5471044871022206,0.5470983354261103,-1.2303352220577324e-05
1730262423.182186,0.54709218375,0.5471044871022206,0.5470983354261103,-1.2303352220577324e-05
1730262424.1855261,0.54709218375,0.5471044871022206,0.5470983354261103,-1.2303352220577324e-05
1730262425.1888,0.54709218375,0.5471044871022206,0.5470983354261103,-1.2303352220577324e-05
1730262426.191885,0.54709218375,0.5471044871022206,0.5470983354261103,-1.2303352220577324e-05
1730262427.1954072,0.54709218375,0.5471044871022206,0.5470983354261103,-1.2303352220577324e-05
1730262428.198774,0.5471044025,0.5471044870244058,0.5471044447622029,-8.452440580786202e-08
1730262429.202399,0.5471044025,0.5471044870244058,0.5471044447622029,-8.452440580786202e-08
1730262430.2059479,0.5471044025,0.5471044870244058,0.5471044447622029,-8.452440580786202e-08
1730262431.2092109,0.5471044025,0.5471044870244058,0.5471044447622029,-8.452440580786202e-08
1730262432.212509,0.5471044025,0.5471044870244058,0.5471044447622029,-8.452440580786202e-08
1730262433.215841,0.5471044025,0.5471044870244058,0.5471044447622029,-8.452440580786202e-08
1730262434.2192159,0.5471044025,0.5471044870244058,0.5471044447622029,-8.452440580786202e-08
1730262435.222301,0.54709218375,0.5471025013857267,0.5470973425678634,-1.0317635726675434e-05
1730262436.225408,0.54709218375,0.5471025013857267,0.5470973425678634,-1.0317635726675434e-05
1730262437.2285912,0.54709218375,0.5471025013857267,0.5470973425678634,-1.0317635726675434e-05
1730262438.2316391,0.54709218375,0.5471025013857267,0.5470973425678634,-1.0317635726675434e-05
1730262439.235244,0.54709218375,0.5471025013857267,0.5470973425678634,-1.0317635726675434e-05
1730262440.23839,0.54709218375,0.5471025013857267,0.5470973425678634,-1.0317635726675434e-05
1730262441.241504,0.54709218375,0.5471025013857267,0.5470973425678634,-1.0317635726675434e-05
1730262442.2448928,0.54709218375,0.5471011283842531,0.5470966560671265,-8.9446342530497e-06
1730262443.2483442,0.54709218375,0.5471011283842531,0.5470966560671265,-8.9446342530497e-06
1730262444.25151,0.54709218375,0.5471011283842531,0.5470966560671265,-8.9446342530497e-06
1730262445.2547479,0.54709218375,0.5471011283842531,0.5470966560671265,-8.9446342530497e-06
1730262446.25778,0.54709218375,0.5471011283842531,0.5470966560671265,-8.9446342530497e-06
1730262447.260982,0.54709218375,0.5471011283842531,0.5470966560671265,-8.9446342530497e-06
1730262448.264587,0.54709218375,0.5471011283842531,0.5470966560671265,-8.9446342530497e-06
1730262449.268113,0.54709218375,0.5471011283842531,0.5470966560671265,-8.9446342530497e-06
1730262450.271466,0.54709218375,0.5471011283842531,0.5470966560671265,-8.9446342530497e-06
1730262451.274524,0.5470921825,0.5470738127759012,0.5470829976379505,1.8369724098854512e-05
1730262452.277632,0.5470921825,0.5470738127759012,0.5470829976379505,1.8369724098854512e-05
1730262453.280981,0.5470921825,0.5470738127759012,0.5470829976379505,1.8369724098854512e-05
1730262454.284286,0.5470921825,0.5470738127759012,0.5470829976379505,1.8369724098854512e-05
1730262455.2876348,0.5470921825,0.5470738127759012,0.5470829976379505,1.8369724098854512e-05
1730262456.290535,0.5470921825,0.5470738127759012,0.5470829976379505,1.8369724098854512e-05
1730262457.293418,0.5470921825,0.5470738128002713,0.5470829976501357,1.8369699728681965e-05
1730262458.2976089,0.5470921825,0.5470738128002713,0.5470829976501357,1.8369699728681965e-05
1730262459.3008661,0.5470921825,0.5470738128002713,0.5470829976501357,1.8369699728681965e-05
1730262460.303877,0.5470921825,0.5470738128002713,0.5470829976501357,1.8369699728681965e-05
1730262461.306997,0.5470921825,0.5470738128002713,0.5470829976501357,1.8369699728681965e-05
1730262462.310318,0.5470921825,0.5470991628799425,0.5470956726899713,-6.980379942511661e-06
1730262463.313756,0.5470921825,0.5470991628799425,0.5470956726899713,-6.980379942511661e-06
1730262464.317068,0.5470921825,0.5470991628799425,0.5470956726899713,-6.980379942511661e-06
1730262465.320299,0.5470921825,0.5470991628799425,0.5470956726899713,-6.980379942511661e-06
1730262466.3231459,0.5470921825,0.5470991628799425,0.5470956726899713,-6.980379942511661e-06
1730262467.326336,0.5470921825,0.5470991628799425,0.5470956726899713,-6.980379942511661e-06
1730262468.3295848,0.5469444812500001,0.5470991624087007,0.5470218218293503,-0.00015468115870065358
1730262469.3326662,0.5469444812500001,0.5470991624087007,0.5470218218293503,-0.00015468115870065358
1730262470.33603,0.5469444812500001,0.5470991624087007,0.5470218218293503,-0.00015468115870065358
1730262471.3391612,0.5469444812500001,0.5470991624087007,0.5470218218293503,-0.00015468115870065358
1730262472.3422909,0.5469444812500001,0.5470991624087007,0.5470218218293503,-0.00015468115870065358
1730262473.345595,0.5469444812500001,0.5470991624087007,0.5470218218293503,-0.00015468115870065358
1730262474.349731,0.54698872125,0.5470630582212701,0.547025889735635,-7.433697127012806e-05
1730262475.353057,0.54698872125,0.5470630582212701,0.547025889735635,-7.433697127012806e-05
1730262476.356313,0.54698872125,0.5470630582212701,0.547025889735635,-7.433697127012806e-05
1730262477.359563,0.54698872125,0.5470630582212701,0.547025889735635,-7.433697127012806e-05
1730262478.362688,0.54698872125,0.5470630582212701,0.547025889735635,-7.433697127012806e-05
1730262479.365972,0.54698872125,0.5470630582212701,0.547025889735635,-7.433697127012806e-05
1730262480.369611,0.54695123375,0.5470831269985942,0.5470171803742971,-0.00013189324859419482
1730262481.373039,0.54695123375,0.5470831269985942,0.5470171803742971,-0.00013189324859419482
1730262482.37624,0.54695123375,0.5470831269985942,0.5470171803742971,-0.00013189324859419482
1730262483.379565,0.54695123375,0.5470831269985942,0.5470171803742971,-0.00013189324859419482
1730262484.382574,0.54695123375,0.5470831269985942,0.5470171803742971,-0.00013189324859419482
1730262485.385781,0.54695123375,0.5470831269985942,0.5470171803742971,-0.00013189324859419482
1730262486.3889542,0.54695123375,0.5470831269985942,0.5470171803742971,-0.00013189324859419482
1730262487.392043,0.54695123375,0.5470831269985942,0.5470171803742971,-0.00013189324859419482
1730262488.395265,0.54692988375,0.5470194634168396,0.5469746735834198,-8.957966683964536e-05
1730262489.398014,0.54692988375,0.5470194634168396,0.5469746735834198,-8.957966683964536e-05
1730262490.4013498,0.54692988375,0.5470194634168396,0.5469746735834198,-8.957966683964536e-05
1730262491.404154,0.54692988375,0.5470194634168396,0.5469746735834198,-8.957966683964536e-05
1730262492.4073348,0.54692988375,0.5470194634168396,0.5469746735834198,-8.957966683964536e-05
1730262493.410632,0.54692988375,0.5470194634168396,0.5469746735834198,-8.957966683964536e-05
1730262494.4138381,0.54692988375,0.5470194634168396,0.5469746735834198,-8.957966683964536e-05
1730262495.417105,0.54692988375,0.5470194634168396,0.5469746735834198,-8.957966683964536e-05
1730262496.4202938,0.54692988375,0.5470194634168396,0.5469746735834198,-8.957966683964536e-05
1730262497.4232802,0.54692988375,0.5470194634168396,0.5469746735834198,-8.957966683964536e-05
1730262498.4265118,0.54692988375,0.5470194634168396,0.5469746735834198,-8.957966683964536e-05
1730262499.429843,0.54692988375,0.5470194634168396,0.5469746735834198,-8.957966683964536e-05
1730262500.433413,0.54692988375,0.5470194634168396,0.5469746735834198,-8.957966683964536e-05
1730262501.4369972,0.54692988375,0.5470194634168396,0.5469746735834198,-8.957966683964536e-05
1730262502.4401019,0.54685834125,0.5469651035238091,0.5469117223869046,-0.00010676227380912451
1730262503.443336,0.54685834125,0.5469651035238091,0.5469117223869046,-0.00010676227380912451
1730262504.4470541,0.54685834125,0.5469651035238091,0.5469117223869046,-0.00010676227380912451
1730262505.4499662,0.54685834125,0.5469651035238091,0.5469117223869046,-0.00010676227380912451
1730262506.455467,0.54685834125,0.5469651035238091,0.5469117223869046,-0.00010676227380912451
1730262507.45843,0.54685834125,0.5469651035238091,0.5469117223869046,-0.00010676227380912451
1730262508.461586,0.54685834125,0.5469651035238091,0.5469117223869046,-0.00010676227380912451
1730262509.464837,0.54685834125,0.5469651035238091,0.5469117223869046,-0.00010676227380912451
1730262510.468381,0.5469543525,0.5469240084553577,0.5469391804776789,3.0344044642305334e-05
1730262511.471731,0.5469543525,0.5469240084553577,0.5469391804776789,3.0344044642305334e-05
1730262512.47488,0.5469543525,0.5469240084553577,0.5469391804776789,3.0344044642305334e-05
1730262513.478337,0.5469543525,0.5469240084553577,0.5469391804776789,3.0344044642305334e-05
1730262514.481611,0.5469543525,0.5469240084553577,0.5469391804776789,3.0344044642305334e-05
1730262515.485165,0.5469543525,0.5469240084553577,0.5469391804776789,3.0344044642305334e-05
1730262516.488215,0.5469543525,0.5469240084553577,0.5469391804776789,3.0344044642305334e-05
1730262517.49191,0.5469707475,0.5470226298076855,0.5469966886538427,-5.188230768549129e-05
1730262518.495285,0.5469707475,0.5470226298076855,0.5469966886538427,-5.188230768549129e-05
1730262519.4988601,0.5469707475,0.5470226298076855,0.5469966886538427,-5.188230768549129e-05
1730262520.502486,0.5469707475,0.5470226298076855,0.5469966886538427,-5.188230768549129e-05
1730262521.505735,0.5469707475,0.5470226298076855,0.5469966886538427,-5.188230768549129e-05
1730262522.508876,0.5469707475,0.5470226298076855,0.5469966886538427,-5.188230768549129e-05
1730262523.5122619,0.5469707475,0.5470226298076855,0.5469966886538427,-5.188230768549129e-05
1730262524.5154612,0.5469707475,0.5470226298076855,0.5469966886538427,-5.188230768549129e-05
1730262525.5187688,0.5469707475,0.5470226298076855,0.5469966886538427,-5.188230768549129e-05
1730262526.521962,0.5469707475,0.5470226298076855,0.5469966886538427,-5.188230768549129e-05
1730262527.525064,0.54697024875,0.5470709877107571,0.5470206182303785,-0.00010073896075712963
1730262528.528364,0.54697024875,0.5470709877107571,0.5470206182303785,-0.00010073896075712963
1730262529.531132,0.54697024875,0.5470709877107571,0.5470206182303785,-0.00010073896075712963
1730262530.534577,0.54697024875,0.5470709877107571,0.5470206182303785,-0.00010073896075712963
1730262531.538074,0.54697024875,0.5470709877107571,0.5470206182303785,-0.00010073896075712963
1730262532.541193,0.54697024875,0.5470709877107571,0.5470206182303785,-0.00010073896075712963
1730262533.54443,0.54700574625,0.5470702771331942,0.5470380116915972,-6.453088319424705e-05
1730262534.547643,0.54700574625,0.5470702771331942,0.5470380116915972,-6.453088319424705e-05
1730262535.550957,0.54700574625,0.5470702771331942,0.5470380116915972,-6.453088319424705e-05
1730262536.554118,0.54700574625,0.5470702771331942,0.5470380116915972,-6.453088319424705e-05
1730262537.557177,0.54700574625,0.5470702771331942,0.5470380116915972,-6.453088319424705e-05
1730262538.560703,0.54700574625,0.5470702771331942,0.5470380116915972,-6.453088319424705e-05
1730262539.5636868,0.54700574625,0.5471528560313472,0.5470793011406736,-0.00014710978134724328
1730262540.567095,0.54700574625,0.5471528560313472,0.5470793011406736,-0.00014710978134724328
1730262541.5706801,0.54700574625,0.5471528560313472,0.5470793011406736,-0.00014710978134724328
1730262542.5738199,0.54700574625,0.5471528560313472,0.5470793011406736,-0.00014710978134724328
1730262543.5771148,0.54700574625,0.5471528560313472,0.5470793011406736,-0.00014710978134724328
1730262544.5806248,0.54700574625,0.5471528560313472,0.5470793011406736,-0.00014710978134724328
1730262545.58385,0.54700574625,0.5471528560313472,0.5470793011406736,-0.00014710978134724328
1730262546.587219,0.54700574625,0.5471528560313472,0.5470793011406736,-0.00014710978134724328
1730262547.590288,0.54709218125,0.5471473314495119,0.547119756349756,-5.515019951185529e-05
1730262548.5934348,0.54709218125,0.5471473314495119,0.547119756349756,-5.515019951185529e-05
1730262549.5966341,0.54709218125,0.5471473314495119,0.547119756349756,-5.515019951185529e-05
1730262550.599464,0.54709218125,0.5471473314495119,0.547119756349756,-5.515019951185529e-05
1730262551.604238,0.54709218125,0.5471473314495119,0.547119756349756,-5.515019951185529e-05
1730262552.609331,0.54709218125,0.5471473314495119,0.547119756349756,-5.515019951185529e-05
1730262553.61359,0.54709218125,0.5471473314495119,0.547119756349756,-5.515019951185529e-05
1730262554.618359,0.54709218125,0.5471473314495119,0.547119756349756,-5.515019951185529e-05
1730262555.6253738,0.54709218125,0.5471473314495119,0.547119756349756,-5.515019951185529e-05
1730262556.642314,0.54709218125,0.5471707152241265,0.5471314482370633,-7.853397412649343e-05
1730262557.646465,0.54709218125,0.5471707152241265,0.5471314482370633,-7.853397412649343e-05
1730262558.650773,0.54709218125,0.5471707152241265,0.5471314482370633,-7.853397412649343e-05
1730262559.655096,0.54709218125,0.5471707152241265,0.5471314482370633,-7.853397412649343e-05
1730262560.65919,0.54709218125,0.5471707152241265,0.5471314482370633,-7.853397412649343e-05
1730262561.66365,0.54709218125,0.5471707152241265,0.5471314482370633,-7.853397412649343e-05
1730262562.668362,0.54709218125,0.5471707152241265,0.5471314482370633,-7.853397412649343e-05
1730262563.6727061,0.54709218125,0.5471707152241265,0.5471314482370633,-7.853397412649343e-05
1730262564.676835,0.54719218,0.5471130900432678,0.5471526350216339,7.908995673222563e-05
1730262565.681108,0.54719218,0.5471130900432678,0.5471526350216339,7.908995673222563e-05
1730262566.6854131,0.54719218,0.5471130900432678,0.5471526350216339,7.908995673222563e-05
1730262567.689646,0.54719218,0.5471130900432678,0.5471526350216339,7.908995673222563e-05
1730262568.693881,0.54719218,0.5471130900432678,0.5471526350216339,7.908995673222563e-05
1730262569.6982589,0.54719218,0.5471130900432678,0.5471526350216339,7.908995673222563e-05
1730262570.702467,0.54719218,0.5471130900432678,0.5471526350216339,7.908995673222563e-05
1730262571.7066848,0.54719218,0.5471130900432678,0.5471526350216339,7.908995673222563e-05
1730262572.7111812,0.54709218125,0.5470903227793239,0.547091252014662,1.8584706761304304e-06
1730262573.715701,0.54709218125,0.5470903227793239,0.547091252014662,1.8584706761304304e-06
1730262574.720068,0.54709218125,0.5470903227793239,0.547091252014662,1.8584706761304304e-06
1730262575.7244291,0.54709218125,0.5470903227793239,0.547091252014662,1.8584706761304304e-06
1730262576.728566,0.54709218125,0.5470903227793239,0.547091252014662,1.8584706761304304e-06
1730262577.732233,0.54709218125,0.5470903227793239,0.547091252014662,1.8584706761304304e-06
1730262578.736578,0.5470921825,0.5470922301450574,0.5470922063225288,-4.764505734389246e-08
1730262579.7407901,0.5470921825,0.5470922301450574,0.5470922063225288,-4.764505734389246e-08
1730262580.745009,0.5470921825,0.5470922301450574,0.5470922063225288,-4.764505734389246e-08
1730262581.749299,0.5470921825,0.5470922301450574,0.5470922063225288,-4.764505734389246e-08
1730262582.753648,0.5470921825,0.5470922301450574,0.5470922063225288,-4.764505734389246e-08
1730262583.757864,0.5470921825,0.5470918189111988,0.5470920007055995,3.6358880117770553e-07
1730262584.762503,0.5470921825,0.5470918189111988,0.5470920007055995,3.6358880117770553e-07
1730262585.7668731,0.5470921825,0.5470918189111988,0.5470920007055995,3.6358880117770553e-07
1730262586.771244,0.5470921825,0.5470918189111988,0.5470920007055995,3.6358880117770553e-07
1730262587.775253,0.5470921825,0.5470918189111988,0.5470920007055995,3.6358880117770553e-07
1730262588.779499,0.5470921825,0.5470918189111988,0.5470920007055995,3.6358880117770553e-07
1730262589.7840152,0.5470921825,0.5470918189111988,0.5470920007055995,3.6358880117770553e-07
1730262590.788507,0.54693323375,0.5470884595952149,0.5470108466726075,-0.00015522584521487914
1730262591.792619,0.54693323375,0.5470884595952149,0.5470108466726075,-0.00015522584521487914
1730262592.796882,0.54693323375,0.5470884595952149,0.5470108466726075,-0.00015522584521487914
1730262593.801214,0.54693323375,0.5470884595952149,0.5470108466726075,-0.00015522584521487914
1730262594.805575,0.54693323375,0.5470884595952149,0.5470108466726075,-0.00015522584521487914
1730262595.809689,0.54693323375,0.5470884595952149,0.5470108466726075,-0.00015522584521487914
1730262596.813994,0.54693323375,0.5470884595952149,0.5470108466726075,-0.00015522584521487914
1730262597.8185441,0.54693323375,0.5470884595952149,0.5470108466726075,-0.00015522584521487914
1730262598.8227599,0.54699218375,0.5470840669831057,0.5470381253665528,-9.188323310571622e-05
1730262599.826355,0.54699218375,0.5470840669831057,0.5470381253665528,-9.188323310571622e-05
1730262600.830564,0.54699218375,0.5470840669831057,0.5470381253665528,-9.188323310571622e-05
1730262601.834871,0.54699218375,0.5470840669831057,0.5470381253665528,-9.188323310571622e-05
1730262602.838912,0.54699218375,0.5470840669831057,0.5470381253665528,-9.188323310571622e-05
1730262603.843627,0.54699218375,0.5470840669831057,0.5470381253665528,-9.188323310571622e-05
1730262604.84846,0.54699218375,0.5470840669831057,0.5470381253665528,-9.188323310571622e-05
1730262605.852849,0.54699218375,0.5470840669831057,0.5470381253665528,-9.188323310571622e-05
1730262606.857001,0.54699218375,0.5470840669831057,0.5470381253665528,-9.188323310571622e-05
1730262607.861111,0.5470572925,0.5470890557428466,0.5470731741214233,-3.176324284659415e-05
1730262608.865024,0.5470572925,0.5470890557428466,0.5470731741214233,-3.176324284659415e-05
1730262609.8693671,0.5470572925,0.5470890557428466,0.5470731741214233,-3.176324284659415e-05
1730262610.873714,0.5470572925,0.5470890557428466,0.5470731741214233,-3.176324284659415e-05
1730262611.8778749,0.5470572925,0.5470890557428466,0.5470731741214233,-3.176324284659415e-05
1730262612.8822458,0.5470572925,0.5470890557428466,0.5470731741214233,-3.176324284659415e-05
1730262613.886693,0.5470572925,0.5470890557428466,0.5470731741214233,-3.176324284659415e-05
1730262614.891073,0.5470572925,0.5470890557428466,0.5470731741214233,-3.176324284659415e-05
1730262615.895382,0.5470572925,0.547076367122458,0.547066829811229,-1.907462245798186e-05
1730262616.899704,0.5470572925,0.547076367122458,0.547066829811229,-1.907462245798186e-05
1730262617.9036689,0.5470572925,0.547076367122458,0.547066829811229,-1.907462245798186e-05
1730262618.907777,0.5470572925,0.547076367122458,0.547066829811229,-1.907462245798186e-05
1730262619.9119282,0.5470572925,0.547076367122458,0.547066829811229,-1.907462245798186e-05
1730262620.91594,0.5470572925,0.547076367122458,0.547066829811229,-1.907462245798186e-05
1730262621.9203231,0.54701594,0.5470734018339563,0.5470446709169781,-5.74618339562738e-05
1730262622.923969,0.54701594,0.5470734018339563,0.5470446709169781,-5.74618339562738e-05
1730262623.9278562,0.54701594,0.5470734018339563,0.5470446709169781,-5.74618339562738e-05
1730262624.9321978,0.54701594,0.5470734018339563,0.5470446709169781,-5.74618339562738e-05
1730262625.936565,0.54701594,0.5470734018339563,0.5470446709169781,-5.74618339562738e-05
1730262626.9408371,0.54701594,0.5470734018339563,0.5470446709169781,-5.74618339562738e-05
1730262627.945129,0.54701594,0.5470734018339563,0.5470446709169781,-5.74618339562738e-05
1730262628.949424,0.54701594,0.5470734018339563,0.5470446709169781,-5.74618339562738e-05
1730262629.95349,0.547003085,0.5469076278168286,0.5469553564084142,9.545718317138796e-05
1730262630.957769,0.547003085,0.5469076278168286,0.5469553564084142,9.545718317138796e-05
1730262631.961965,0.547003085,0.5469076278168286,0.5469553564084142,9.545718317138796e-05
1730262632.966186,0.547003085,0.5469076278168286,0.5469553564084142,9.545718317138796e-05
1730262633.970437,0.54693323375,0.5469076278168286,0.5469204307834143,2.5605933171468642e-05
1730262634.974554,0.54693323375,0.5469076278168286,0.5469204307834143,2.5605933171468642e-05
1730262635.978821,0.54693323375,0.5469076278168286,0.5469204307834143,2.5605933171468642e-05
1730262636.98338,0.54693323375,0.5469076278168286,0.5469204307834143,2.5605933171468642e-05
1730262637.987875,0.54693323375,0.5469076278168286,0.5469204307834143,2.5605933171468642e-05
1730262638.99204,0.54693323375,0.5469076278168286,0.5469204307834143,2.5605933171468642e-05
1730262639.996289,0.54693323375,0.546907627111051,0.5469204304305255,2.560663894901616e-05
1730262641.0006452,0.54693323375,0.546907627111051,0.5469204304305255,2.560663894901616e-05
1730262642.004952,0.54693323375,0.546907627111051,0.5469204304305255,2.560663894901616e-05
1730262643.008961,0.54693323375,0.546907627111051,0.5469204304305255,2.560663894901616e-05
1730262644.0132139,0.54693323375,0.546907627111051,0.5469204304305255,2.560663894901616e-05
1730262645.017677,0.54693323375,0.546907627111051,0.5469204304305255,2.560663894901616e-05
1730262646.022023,0.54693323375,0.546907627111051,0.5469204304305255,2.560663894901616e-05
1730262647.0262332,0.54693323375,0.546907627111051,0.5469204304305255,2.560663894901616e-05
1730262648.0305102,0.54693323375,0.546907627111051,0.5469204304305255,2.560663894901616e-05
1730262649.0348,0.54693323375,0.546907627111051,0.5469204304305255,2.560663894901616e-05
1730262650.03927,0.54693323375,0.546907627111051,0.5469204304305255,2.560663894901616e-05
1730262651.045193,0.54693323375,0.546907627111051,0.5469204304305255,2.560663894901616e-05
1730262652.049484,0.54693323375,0.546907627111051,0.5469204304305255,2.560663894901616e-05
1730262653.053921,0.54693323375,0.546907627111051,0.5469204304305255,2.560663894901616e-05
1730262654.058021,0.54693323375,0.546907627111051,0.5469204304305255,2.560663894901616e-05
1730262655.062295,0.54693323375,0.546907627111051,0.5469204304305255,2.560663894901616e-05
1730262656.066592,0.54693323375,0.546907627111051,0.5469204304305255,2.560663894901616e-05
1730262657.07087,0.54689188125,0.546907627111051,0.5468997541805255,-1.5745861051019716e-05
1730262658.074892,0.54689188125,0.546907627111051,0.5468997541805255,-1.5745861051019716e-05
1730262659.079015,0.54689188125,0.546907627111051,0.5468997541805255,-1.5745861051019716e-05
1730262660.0832,0.54689188125,0.546907627111051,0.5468997541805255,-1.5745861051019716e-05
1730262661.086952,0.54689188125,0.546907627111051,0.5468997541805255,-1.5745861051019716e-05
1730262662.0911412,0.54689188125,0.546907627111051,0.5468997541805255,-1.5745861051019716e-05
1730262663.095489,0.54689188125,0.546907627111051,0.5468997541805255,-1.5745861051019716e-05
1730262664.099827,0.5468360125,0.5466076247423984,0.5467218186211993,0.00022838775760158914
1730262665.104224,0.5468360125,0.5466076247423984,0.5467218186211993,0.00022838775760158914
1730262666.1083379,0.5468360125,0.5466076247423984,0.5467218186211993,0.00022838775760158914
1730262667.112591,0.5468360125,0.5466076247423984,0.5467218186211993,0.00022838775760158914
1730262668.116931,0.5468360125,0.5466076247423984,0.5467218186211993,0.00022838775760158914
1730262669.121184,0.5468360125,0.5466076247423984,0.5467218186211993,0.00022838775760158914
1730262670.125303,0.5468360125,0.5466076247423984,0.5467218186211993,0.00022838775760158914
1730262671.128534,0.5467122475,0.5465534211610175,0.5466328343305087,0.00015882633898256504
1730262672.132957,0.5467122475,0.5465534211610175,0.5466328343305087,0.00015882633898256504
1730262673.137268,0.5467122475,0.5465534211610175,0.5466328343305087,0.00015882633898256504
1730262674.141463,0.5467122475,0.5465534211610175,0.5466328343305087,0.00015882633898256504
1730262675.145827,0.5467122475,0.5465534211610175,0.5466328343305087,0.00015882633898256504
1730262676.150304,0.5467122475,0.5465534211610175,0.5466328343305087,0.00015882633898256504
1730262677.154868,0.54670295375,0.5464873392667476,0.5465951465083738,0.00021561448325235766
1730262678.158921,0.54670295375,0.5464873392667476,0.5465951465083738,0.00021561448325235766
1730262679.163233,0.54670295375,0.5464873392667476,0.5465951465083738,0.00021561448325235766
1730262680.167503,0.54670295375,0.5464873392667476,0.5465951465083738,0.00021561448325235766
1730262681.171638,0.54670295375,0.5464873392667476,0.5465951465083738,0.00021561448325235766
1730262682.1756978,0.54670295375,0.5464873392667476,0.5465951465083738,0.00021561448325235766
1730262683.180159,0.54670295375,0.5464873392667476,0.5465951465083738,0.00021561448325235766
1730262684.184449,0.54670295875,0.5464873392667476,0.5465951490083738,0.00021561948325232727
1730262685.188712,0.54670295875,0.5464873392667476,0.5465951490083738,0.00021561948325232727
1730262686.1930408,0.54670295875,0.5464873392667476,0.5465951490083738,0.00021561948325232727
1730262687.197584,0.54670295875,0.5464873392667476,0.5465951490083738,0.00021561948325232727
1730262688.2020469,0.54670295875,0.5464873392667476,0.5465951490083738,0.00021561948325232727
1730262689.206253,0.54670295875,0.5464873392667476,0.5465951490083738,0.00021561948325232727
1730262690.210437,0.54679218875,0.5468826856707341,0.546837437210367,-9.049692073404003e-05
1730262691.214734,0.54679218875,0.5468826856707341,0.546837437210367,-9.049692073404003e-05
1730262692.219018,0.54679218875,0.5468826856707341,0.546837437210367,-9.049692073404003e-05
1730262693.223422,0.54679218875,0.5468826856707341,0.546837437210367,-9.049692073404003e-05
1730262694.227656,0.54679218875,0.5468826856707341,0.546837437210367,-9.049692073404003e-05
1730262695.232013,0.54669843625,0.5468909913978309,0.5467947138239155,-0.00019255514783089733
1730262696.236547,0.54669843625,0.5468909913978309,0.5467947138239155,-0.00019255514783089733
1730262697.24098,0.54669843625,0.5468909913978309,0.5467947138239155,-0.00019255514783089733
1730262698.245307,0.54669843625,0.5468909913978309,0.5467947138239155,-0.00019255514783089733
1730262699.249679,0.54669843625,0.5468909913978309,0.5467947138239155,-0.00019255514783089733
1730262700.253933,0.54669843625,0.5468909913978309,0.5467947138239155,-0.00019255514783089733
1730262701.2581792,0.54669843625,0.5468909913978309,0.5467947138239155,-0.00019255514783089733
1730262702.262496,0.54669843625,0.5468878417878428,0.5467931390189213,-0.00018940553784274616
1730262703.2670531,0.54669843625,0.5468878417878428,0.5467931390189213,-0.00018940553784274616
1730262704.271435,0.54669843625,0.5468878417878428,0.5467931390189213,-0.00018940553784274616
1730262705.27562,0.54669843625,0.5468878417878428,0.5467931390189213,-0.00018940553784274616
1730262706.279888,0.54669843625,0.5468878417878428,0.5467931390189213,-0.00018940553784274616
1730262707.284108,0.54668809625,0.5467982243978282,0.5467431603239141,-0.00011012814782818126
1730262708.2883892,0.54668809625,0.5467982243978282,0.5467431603239141,-0.00011012814782818126
1730262709.292421,0.54668809625,0.5467982243978282,0.5467431603239141,-0.00011012814782818126
1730262710.296671,0.54668809625,0.5467982243978282,0.5467431603239141,-0.00011012814782818126
1730262711.3011148,0.54668809625,0.5467982243978282,0.5467431603239141,-0.00011012814782818126
1730262712.305815,0.54667048875,0.5467076253282904,0.5466890570391452,-3.713657829040873e-05
1730262713.309838,0.54667048875,0.5467076253282904,0.5466890570391452,-3.713657829040873e-05
1730262714.3129401,0.54667048875,0.5467076253282904,0.5466890570391452,-3.713657829040873e-05
1730262715.317272,0.54667048875,0.5467076253282904,0.5466890570391452,-3.713657829040873e-05
1730262716.321501,0.54667048875,0.5467076253282904,0.5466890570391452,-3.713657829040873e-05
1730262717.32562,0.54670306375,0.5466883633555678,0.5466957135527839,1.4700394432187736e-05
1730262718.329857,0.54670306375,0.5466883633555678,0.5466957135527839,1.4700394432187736e-05
1730262719.334211,0.54670306375,0.5466883633555678,0.5466957135527839,1.4700394432187736e-05
1730262720.338461,0.54670306375,0.5466883633555678,0.5466957135527839,1.4700394432187736e-05
1730262721.3428092,0.54670306375,0.5466883633555678,0.5466957135527839,1.4700394432187736e-05
1730262722.3470678,0.54670306375,0.5466883633555678,0.5466957135527839,1.4700394432187736e-05
1730262723.351253,0.54670306375,0.5466883633555678,0.5466957135527839,1.4700394432187736e-05
1730262724.355513,0.54670306375,0.5466883633555678,0.5466957135527839,1.4700394432187736e-05
1730262725.3595462,0.54673278875,0.5466883633555678,0.546710576052784,4.44253944321682e-05
1730262726.36383,0.54673278875,0.5466883633555678,0.546710576052784,4.44253944321682e-05
1730262727.368287,0.54673278875,0.5466883633555678,0.546710576052784,4.44253944321682e-05
1730262728.372842,0.54673278875,0.5466883633555678,0.546710576052784,4.44253944321682e-05
1730262729.3769119,0.54673278875,0.5466883633555678,0.546710576052784,4.44253944321682e-05
1730262730.38122,0.54670306375,0.5465852822989047,0.5466441730244523,0.00011778145109531124
1730262731.385535,0.54670306375,0.5465852822989047,0.5466441730244523,0.00011778145109531124
1730262732.3897228,0.54670306375,0.5465852822989047,0.5466441730244523,0.00011778145109531124
1730262733.393883,0.54670306375,0.5465852822989047,0.5466441730244523,0.00011778145109531124
1730262734.3980002,0.54670306375,0.5465852822989047,0.5466441730244523,0.00011778145109531124
1730262735.4022,0.54670306375,0.5465852822989047,0.5466441730244523,0.00011778145109531124
1730262736.406611,0.54670306375,0.5465852822989047,0.5466441730244523,0.00011778145109531124
1730262737.410708,0.5466351199999999,0.5465610155504589,0.5465980677752293,7.410444954103479e-05
1730262738.414859,0.5466351199999999,0.5465610155504589,0.5465980677752293,7.410444954103479e-05
1730262739.418984,0.5466351199999999,0.5465610155504589,0.5465980677752293,7.410444954103479e-05
1730262740.423743,0.5466351199999999,0.5465610155504589,0.5465980677752293,7.410444954103479e-05
1730262741.427579,0.5466351199999999,0.5465610155504589,0.5465980677752293,7.410444954103479e-05
1730262742.431822,0.5466351199999999,0.5465610155504589,0.5465980677752293,7.410444954103479e-05
1730262743.4363892,0.5466351199999999,0.5465610155504589,0.5465980677752293,7.410444954103479e-05
1730262744.4403079,0.5465688,0.54657726393057,0.5465730319652851,-8.463930570079548e-06
1730262745.444499,0.5465688,0.54657726393057,0.5465730319652851,-8.463930570079548e-06
1730262746.448558,0.5465688,0.54657726393057,0.5465730319652851,-8.463930570079548e-06
1730262747.452606,0.5465688,0.54657726393057,0.5465730319652851,-8.463930570079548e-06
1730262748.457052,0.5465688,0.54657726393057,0.5465730319652851,-8.463930570079548e-06
1730262749.46124,0.54660805875,0.546679290536268,0.546643674643134,-7.123178626800009e-05
1730262750.465455,0.54660805875,0.546679290536268,0.546643674643134,-7.123178626800009e-05
1730262751.4695392,0.54660805875,0.546679290536268,0.546643674643134,-7.123178626800009e-05
1730262752.4740422,0.54660805875,0.546679290536268,0.546643674643134,-7.123178626800009e-05
1730262753.478082,0.54660805875,0.546679290536268,0.546643674643134,-7.123178626800009e-05
1730262754.4824152,0.54660805875,0.546679290536268,0.546643674643134,-7.123178626800009e-05
1730262755.4867961,0.54660805875,0.546679290536268,0.546643674643134,-7.123178626800009e-05
1730262756.491223,0.54660805875,0.546679290536268,0.546643674643134,-7.123178626800009e-05
1730262757.4955251,0.54660805875,0.546679290536268,0.546643674643134,-7.123178626800009e-05
1730262758.499976,0.54660805875,0.546679290536268,0.546643674643134,-7.123178626800009e-05
1730262759.504556,0.54660805875,0.546679290536268,0.546643674643134,-7.123178626800009e-05
1730262760.508828,0.5466507625,0.5465799372330956,0.5466153498665478,7.082526690438407e-05
1730262761.513143,0.5466507625,0.5465799372330956,0.5466153498665478,7.082526690438407e-05
1730262762.51745,0.5466507625,0.5465799372330956,0.5466153498665478,7.082526690438407e-05
1730262763.521926,0.5466507625,0.5465799372330956,0.5466153498665478,7.082526690438407e-05
1730262764.525959,0.5466507625,0.5465799372330956,0.5466153498665478,7.082526690438407e-05
1730262765.530137,0.5466507625,0.5465799372330956,0.5466153498665478,7.082526690438407e-05
1730262766.5343099,0.54656879875,0.546523295645063,0.5465460471975314,4.550310493700582e-05
1730262767.538784,0.54656879875,0.546523295645063,0.5465460471975314,4.550310493700582e-05
1730262768.5432918,0.54656879875,0.546523295645063,0.5465460471975314,4.550310493700582e-05
1730262769.547518,0.54656879875,0.546523295645063,0.5465460471975314,4.550310493700582e-05
1730262770.5518909,0.54656879875,0.546523295645063,0.5465460471975314,4.550310493700582e-05
1730262771.556222,0.54656879875,0.546523295645063,0.5465460471975314,4.550310493700582e-05
1730262772.560241,0.54656879875,0.546523295645063,0.5465460471975314,4.550310493700582e-05
1730262773.564517,0.54656879875,0.546523295645063,0.5465460471975314,4.550310493700582e-05
1730262774.56915,0.54659324875,0.5464697802754587,0.5465315145127294,0.0001234684745413661
1730262775.5735009,0.54659324875,0.5464697802754587,0.5465315145127294,0.0001234684745413661
1730262776.5776808,0.54659324875,0.5464697802754587,0.5465315145127294,0.0001234684745413661
1730262777.582,0.54659324875,0.5464697802754587,0.5465315145127294,0.0001234684745413661
1730262778.586389,0.54659324875,0.5464697802754587,0.5465315145127294,0.0001234684745413661
1730262779.590677,0.54659324875,0.5464697802754587,0.5465315145127294,0.0001234684745413661
1730262780.594908,0.54659324875,0.5464697802754587,0.5465315145127294,0.0001234684745413661
1730262781.599261,0.546623105,0.5463076206041657,0.5464653628020828,0.0003154843958342868
1730262782.603668,0.546623105,0.5463076206041657,0.5464653628020828,0.0003154843958342868
1730262783.6079109,0.546623105,0.5463076206041657,0.5464653628020828,0.0003154843958342868
1730262784.6119308,0.546623105,0.5463076206041657,0.5464653628020828,0.0003154843958342868
1730262785.616144,0.546623105,0.5463076206041657,0.5464653628020828,0.0003154843958342868
1730262786.620414,0.54648888,0.5462709546001366,0.5463799173000683,0.00021792539986331683
1730262787.624833,0.54648888,0.5462709546001366,0.5463799173000683,0.00021792539986331683
1730262788.629077,0.54648888,0.5462709546001366,0.5463799173000683,0.00021792539986331683
1730262789.63342,0.54648888,0.5462709546001366,0.5463799173000683,0.00021792539986331683
1730262790.637376,0.54648888,0.5462709546001366,0.5463799173000683,0.00021792539986331683
1730262791.641637,0.54648888,0.5462709546001366,0.5463799173000683,0.00021792539986331683
1730262792.645893,0.54648888,0.5462709546001366,0.5463799173000683,0.00021792539986331683
1730262793.650131,0.54648888,0.5462709546001366,0.5463799173000683,0.00021792539986331683
1730262794.655942,0.54648888,0.5462709546001366,0.5463799173000683,0.00021792539986331683
1730262795.660439,0.54648888,0.5462709546001366,0.5463799173000683,0.00021792539986331683
1730262796.66535,0.54649386625,0.5462905421219624,0.5463922041859812,0.00020332412803758526
1730262797.669861,0.54649386625,0.5462905421219624,0.5463922041859812,0.00020332412803758526
1730262798.6742,0.54649386625,0.5462905421219624,0.5463922041859812,0.00020332412803758526
1730262799.6767669,0.54649386625,0.5462905421219624,0.5463922041859812,0.00020332412803758526
1730262800.678283,0.54649386625,0.5462905421219624,0.5463922041859812,0.00020332412803758526
1730262801.68005,0.54649386625,0.5462905421219624,0.5463922041859812,0.00020332412803758526
1730262802.6818979,0.54644801625,0.5461877604938631,0.5463178883719315,0.00026025575613686236
1730262803.683728,0.54644801625,0.5461877604938631,0.5463178883719315,0.00026025575613686236
1730262804.685744,0.54644801625,0.5461877604938631,0.5463178883719315,0.00026025575613686236
1730262805.6878872,0.54644801625,0.5461877604938631,0.5463178883719315,0.00026025575613686236
1730262806.690241,0.54644801625,0.5461877604938631,0.5463178883719315,0.00026025575613686236
1730262807.693013,0.54644801625,0.5461877604938631,0.5463178883719315,0.00026025575613686236
1730262808.695849,0.54644801625,0.5461877604938631,0.5463178883719315,0.00026025575613686236
1730262809.6978502,0.54647047375,0.5462582338829295,0.5463643538164648,0.00021223986707052944
1730262810.700682,0.54647047375,0.5462582338829295,0.5463643538164648,0.00021223986707052944
1730262811.703588,0.54647047375,0.5462582338829295,0.5463643538164648,0.00021223986707052944
1730262812.7066429,0.54647047375,0.5462582338829295,0.5463643538164648,0.00021223986707052944
1730262813.7096949,0.54647047375,0.5462582338829295,0.5463643538164648,0.00021223986707052944
1730262814.712755,0.54632671375,0.546306278927642,0.546316496338821,2.0434822357917604e-05
1730262815.715976,0.54632671375,0.546306278927642,0.546316496338821,2.0434822357917604e-05
1730262816.719682,0.54632671375,0.546306278927642,0.546316496338821,2.0434822357917604e-05
1730262817.723114,0.54632671375,0.546306278927642,0.546316496338821,2.0434822357917604e-05
1730262818.726811,0.54632671375,0.546306278927642,0.546316496338821,2.0434822357917604e-05
1730262819.73031,0.54632671375,0.546306278927642,0.546316496338821,2.0434822357917604e-05
1730262820.733663,0.54632671375,0.546306278927642,0.546316496338821,2.0434822357917604e-05
1730262821.737358,0.54632671375,0.546306278927642,0.546316496338821,2.0434822357917604e-05
1730262822.740742,0.54632671375,0.546306278927642,0.546316496338821,2.0434822357917604e-05
1730262823.744797,0.54632671375,0.546306278927642,0.546316496338821,2.0434822357917604e-05
1730262824.7486348,0.5463188875,0.546306278927642,0.546312583213821,1.2608572357963865e-05
1730262825.752474,0.5463188875,0.546306278927642,0.546312583213821,1.2608572357963865e-05
1730262826.756207,0.5463188875,0.546306278927642,0.546312583213821,1.2608572357963865e-05
1730262827.759986,0.5463188875,0.546306278927642,0.546312583213821,1.2608572357963865e-05
1730262828.763776,0.5463188875,0.546306278927642,0.546312583213821,1.2608572357963865e-05
1730262829.766898,0.5463188875,0.546306278927642,0.546312583213821,1.2608572357963865e-05
1730262830.770664,0.54631752875,0.546306278927642,0.546311903838821,1.1249822357894956e-05
1730262831.774529,0.54631752875,0.546306278927642,0.546311903838821,1.1249822357894956e-05
1730262832.7787158,0.54631752875,0.546306278927642,0.546311903838821,1.1249822357894956e-05
1730262833.782778,0.54631752875,0.546306278927642,0.546311903838821,1.1249822357894956e-05
1730262834.7867808,0.54631752875,0.546306278927642,0.546311903838821,1.1249822357894956e-05
1730262835.790878,0.54631752875,0.546306278927642,0.546311903838821,1.1249822357894956e-05
1730262836.79493,0.54631752875,0.546306278927642,0.546311903838821,1.1249822357894956e-05
1730262837.798987,0.54631752875,0.546306278927642,0.546311903838821,1.1249822357894956e-05
1730262838.802956,0.54631958375,0.546306278927642,0.5463129313388211,1.3304822357951274e-05
1730262839.80704,0.54631958375,0.546306278927642,0.5463129313388211,1.3304822357951274e-05
1730262840.811457,0.54631958375,0.546306278927642,0.5463129313388211,1.3304822357951274e-05
1730262841.815542,0.54631958375,0.546306278927642,0.5463129313388211,1.3304822357951274e-05
1730262842.819747,0.54631958375,0.546306278927642,0.5463129313388211,1.3304822357951274e-05
1730262843.823999,0.5462857612500001,0.546306278927642,0.546296020088821,-2.0517677641995746e-05
1730262844.8282921,0.5462857612500001,0.546306278927642,0.546296020088821,-2.0517677641995746e-05
1730262845.832201,0.5462857612500001,0.546306278927642,0.546296020088821,-2.0517677641995746e-05
1730262846.836927,0.5462857612500001,0.546306278927642,0.546296020088821,-2.0517677641995746e-05
1730262847.8420951,0.5462857612500001,0.546306278927642,0.546296020088821,-2.0517677641995746e-05
1730262848.8465128,0.5462857612500001,0.546306278927642,0.546296020088821,-2.0517677641995746e-05
1730262849.851845,0.5462857612500001,0.546306278927642,0.546296020088821,-2.0517677641995746e-05
1730262850.856173,0.5462857612500001,0.546306278927642,0.546296020088821,-2.0517677641995746e-05
1730262851.8604128,0.5462857612500001,0.546306278927642,0.546296020088821,-2.0517677641995746e-05
1730262852.864353,0.5462857612500001,0.546306278927642,0.546296020088821,-2.0517677641995746e-05
1730262853.8683908,0.5462857612500001,0.546306278927642,0.546296020088821,-2.0517677641995746e-05
1730262854.872824,0.5462857612500001,0.546306278927642,0.546296020088821,-2.0517677641995746e-05
1730262855.876565,0.54628780125,0.546306278927642,0.546297040088821,-1.847767764207031e-05
1730262856.880391,0.54628780125,0.546306278927642,0.546297040088821,-1.847767764207031e-05
1730262857.8845818,0.54628780125,0.546306278927642,0.546297040088821,-1.847767764207031e-05
1730262858.889009,0.54628780125,0.546306278927642,0.546297040088821,-1.847767764207031e-05
1730262859.893357,0.54628780125,0.546306278927642,0.546297040088821,-1.847767764207031e-05
1730262860.897526,0.54628780125,0.546306278927642,0.546297040088821,-1.847767764207031e-05
1730262861.900946,0.54628780125,0.546306278927642,0.546297040088821,-1.847767764207031e-05
1730262862.904362,0.54628780125,0.546306278927642,0.546297040088821,-1.847767764207031e-05
1730262863.9088378,0.54628780125,0.546306278927642,0.546297040088821,-1.847767764207031e-05
1730262864.913019,0.54628780125,0.546306278927642,0.546297040088821,-1.847767764207031e-05
1730262865.9172611,0.54634651125,0.546306278927642,0.5463263950888211,4.023232235794705e-05
1730262866.921472,0.54634651125,0.546306278927642,0.5463263950888211,4.023232235794705e-05
1730262867.92567,0.54634651125,0.546306278927642,0.5463263950888211,4.023232235794705e-05
1730262868.929721,0.54634651125,0.546306278927642,0.5463263950888211,4.023232235794705e-05
1730262869.9339561,0.54634651125,0.546306278927642,0.5463263950888211,4.023232235794705e-05
1730262870.938275,0.54634651125,0.546306278927642,0.5463263950888211,4.023232235794705e-05
1730262871.942163,0.54634651125,0.546306278927642,0.5463263950888211,4.023232235794705e-05
1730262872.9460192,0.54634651125,0.5463133068875529,0.5463299090687764,3.320436244713676e-05
1730262873.9502301,0.54634651125,0.5463133068875529,0.5463299090687764,3.320436244713676e-05
1730262874.9543161,0.54634651125,0.5463133068875529,0.5463299090687764,3.320436244713676e-05
1730262875.958536,0.54634651125,0.5463133068875529,0.5463299090687764,3.320436244713676e-05
1730262876.962682,0.54634651125,0.5463133068875529,0.5463299090687764,3.320436244713676e-05
1730262877.966773,0.54634651125,0.5463133068875529,0.5463299090687764,3.320436244713676e-05
1730262878.970736,0.54634651125,0.5463133068875529,0.5463299090687764,3.320436244713676e-05
1730262879.9751759,0.54634651125,0.5463133068875529,0.5463299090687764,3.320436244713676e-05
1730262880.979415,0.54634651125,0.5463133068875529,0.5463299090687764,3.320436244713676e-05
1730262881.9834938,0.54621735375,0.5461765785248454,0.5461969661374226,4.0775225154665584e-05
1730262882.987377,0.54621735375,0.5461765785248454,0.5461969661374226,4.0775225154665584e-05
1730262883.991785,0.54621735375,0.5461765785248454,0.5461969661374226,4.0775225154665584e-05
1730262884.995958,0.54621735375,0.5461765785248454,0.5461969661374226,4.0775225154665584e-05
1730262886.0002491,0.54621735375,0.5461765785248454,0.5461969661374226,4.0775225154665584e-05
1730262887.0047119,0.54621735375,0.5461765785248454,0.5461969661374226,4.0775225154665584e-05
1730262888.0090728,0.546205505,0.5461695548957576,0.5461875299478788,3.5950104242399306e-05
1730262889.01313,0.546205505,0.5461695548957576,0.5461875299478788,3.5950104242399306e-05
1730262890.017326,0.546205505,0.5461695548957576,0.5461875299478788,3.5950104242399306e-05
1730262891.021558,0.546205505,0.5461695548957576,0.5461875299478788,3.5950104242399306e-05
1730262892.026398,0.546205505,0.5461695548957576,0.5461875299478788,3.5950104242399306e-05
1730262893.0303519,0.546205505,0.5461695548957576,0.5461875299478788,3.5950104242399306e-05
1730262894.034848,0.546205505,0.5461695548957576,0.5461875299478788,3.5950104242399306e-05
1730262895.0395641,0.546205505,0.5461659334586244,0.5461857192293122,3.9571541375571506e-05
1730262896.044023,0.546205505,0.5461659334586244,0.5461857192293122,3.9571541375571506e-05
1730262897.048129,0.546205505,0.5461659334586244,0.5461857192293122,3.9571541375571506e-05
1730262898.0525188,0.546205505,0.5461659334586244,0.5461857192293122,3.9571541375571506e-05
1730262899.0570219,0.546205505,0.5461659334586244,0.5461857192293122,3.9571541375571506e-05
1730262900.0614011,0.546205505,0.5461659334586244,0.5461857192293122,3.9571541375571506e-05
1730262901.0657768,0.546205505,0.5461659334586244,0.5461857192293122,3.9571541375571506e-05
1730262902.070061,0.546205505,0.5461659334586244,0.5461857192293122,3.9571541375571506e-05
1730262903.0745149,0.546205505,0.5461659334586244,0.5461857192293122,3.9571541375571506e-05
1730262904.0787468,0.546205505,0.5461129053227658,0.5461592051613828,9.259967723418416e-05
1730262905.083025,0.546205505,0.5461129053227658,0.5461592051613828,9.259967723418416e-05
1730262906.087306,0.546205505,0.5461129053227658,0.5461592051613828,9.259967723418416e-05
1730262907.091629,0.546205505,0.5461129053227658,0.5461592051613828,9.259967723418416e-05
1730262908.095705,0.546205505,0.5461129053227658,0.5461592051613828,9.259967723418416e-05
1730262909.099985,0.546205505,0.5461129053227658,0.5461592051613828,9.259967723418416e-05
1730262910.104449,0.546205505,0.5461129053227658,0.5461592051613828,9.259967723418416e-05
1730262911.1089761,0.546205505,0.5461129053227658,0.5461592051613828,9.259967723418416e-05
1730262912.113129,0.546205505,0.5461593421408835,0.5461824235704418,4.616285911651641e-05
1730262913.117418,0.546205505,0.5461593421408835,0.5461824235704418,4.616285911651641e-05
1730262914.121635,0.546205505,0.5461593421408835,0.5461824235704418,4.616285911651641e-05
1730262915.126003,0.546205505,0.5461593421408835,0.5461824235704418,4.616285911651641e-05
1730262916.129985,0.546205505,0.5461593421408835,0.5461824235704418,4.616285911651641e-05
1730262917.134298,0.546205505,0.5461593421408835,0.5461824235704418,4.616285911651641e-05
1730262918.1384299,0.54617018375,0.546182316947984,0.546176250348992,-1.213319798398782e-05
1730262919.1428008,0.54617018375,0.546182316947984,0.546176250348992,-1.213319798398782e-05
1730262920.146761,0.54617018375,0.546182316947984,0.546176250348992,-1.213319798398782e-05
1730262921.150629,0.54617018375,0.546182316947984,0.546176250348992,-1.213319798398782e-05
1730262922.1551502,0.54617018375,0.546182316947984,0.546176250348992,-1.213319798398782e-05
1730262923.1597838,0.54617018375,0.546182316947984,0.546176250348992,-1.213319798398782e-05
1730262924.164045,0.54617018375,0.546182316947984,0.546176250348992,-1.213319798398782e-05
1730262925.168332,0.54617018375,0.546182316947984,0.546176250348992,-1.213319798398782e-05
1730262926.1725938,0.5461701800000001,0.546170987505301,0.5461705837526505,-8.075053009592992e-07
1730262927.1779242,0.5461701800000001,0.546170987505301,0.5461705837526505,-8.075053009592992e-07
1730262928.1820931,0.5461701800000001,0.546170987505301,0.5461705837526505,-8.075053009592992e-07
1730262929.186523,0.5461701800000001,0.546170987505301,0.5461705837526505,-8.075053009592992e-07
1730262930.1918368,0.5461701800000001,0.546170987505301,0.5461705837526505,-8.075053009592992e-07
1730262931.19615,0.5461701800000001,0.546170987505301,0.5461705837526505,-8.075053009592992e-07
1730262932.2005,0.5461701800000001,0.546170987505301,0.5461705837526505,-8.075053009592992e-07
1730262933.204878,0.5461701800000001,0.546170987505301,0.5461705837526505,-8.075053009592992e-07
1730262934.2091038,0.5461701800000001,0.546170987505301,0.5461705837526505,-8.075053009592992e-07
1730262935.213131,0.5461701800000001,0.546170987505301,0.5461705837526505,-8.075053009592992e-07
1730262936.217352,0.54617115375,0.5461733333263125,0.5461722435381562,-2.1795763124332623e-06
1730262937.221719,0.54617115375,0.5461733333263125,0.5461722435381562,-2.1795763124332623e-06
1730262938.226144,0.54617115375,0.5461733333263125,0.5461722435381562,-2.1795763124332623e-06
1730262939.2302122,0.54617115375,0.5461733333263125,0.5461722435381562,-2.1795763124332623e-06
1730262940.234538,0.54617115375,0.5461733333263125,0.5461722435381562,-2.1795763124332623e-06
1730262941.238967,0.54617115375,0.5461733333263125,0.5461722435381562,-2.1795763124332623e-06
1730262942.243267,0.5462527149999999,0.5462530938504646,0.5462529044252322,-3.7885046466623606e-07
1730262943.2473311,0.5462527149999999,0.5462530938504646,0.5462529044252322,-3.7885046466623606e-07
1730262944.251671,0.5462527149999999,0.5462530938504646,0.5462529044252322,-3.7885046466623606e-07
1730262945.256067,0.5462527149999999,0.5462530938504646,0.5462529044252322,-3.7885046466623606e-07
1730262946.2604392,0.5462527149999999,0.5462530938504646,0.5462529044252322,-3.7885046466623606e-07
1730262947.2644632,0.5462527149999999,0.5462530938504646,0.5462529044252322,-3.7885046466623606e-07
1730262948.268785,0.5462527149999999,0.5462530938504646,0.5462529044252322,-3.7885046466623606e-07
1730262949.272901,0.5462134787499999,0.546253093849469,0.5462332862997344,-3.961509946903696e-05
1730262950.277094,0.5462134787499999,0.546253093849469,0.5462332862997344,-3.961509946903696e-05
1730262951.280477,0.5462134787499999,0.546253093849469,0.5462332862997344,-3.961509946903696e-05
1730262952.284606,0.5462134787499999,0.546253093849469,0.5462332862997344,-3.961509946903696e-05
1730262953.289045,0.5462134787499999,0.546253093849469,0.5462332862997344,-3.961509946903696e-05
1730262954.293161,0.5462134787499999,0.546253093849469,0.5462332862997344,-3.961509946903696e-05
1730262955.297312,0.5462134787499999,0.5462330763178659,0.5462232775339328,-1.9597567865958787e-05
1730262956.301501,0.5462134787499999,0.5462330763178659,0.5462232775339328,-1.9597567865958787e-05
1730262957.305513,0.5462134787499999,0.5462330763178659,0.5462232775339328,-1.9597567865958787e-05
1730262958.309819,0.5462134787499999,0.5462330763178659,0.5462232775339328,-1.9597567865958787e-05
1730262959.314084,0.5462134787499999,0.5462330763178659,0.5462232775339328,-1.9597567865958787e-05
1730262960.3181162,0.5462134787499999,0.5462330763178659,0.5462232775339328,-1.9597567865958787e-05
1730262961.322413,0.5462134787499999,0.5462330763178659,0.5462232775339328,-1.9597567865958787e-05
1730262962.3267689,0.5462134787499999,0.5462330763178659,0.5462232775339328,-1.9597567865958787e-05
1730262963.330892,0.54615509375,0.5462530938667501,0.5462040938083751,-9.800011675009657e-05
1730262964.335216,0.54615509375,0.5462530938667501,0.5462040938083751,-9.800011675009657e-05
1730262965.339585,0.54615509375,0.5462530938667501,0.5462040938083751,-9.800011675009657e-05
1730262966.3438668,0.54615509375,0.5462530938667501,0.5462040938083751,-9.800011675009657e-05
1730262967.348737,0.54615509375,0.5462530938667501,0.5462040938083751,-9.800011675009657e-05
1730262968.353666,0.54615509375,0.5462530938667501,0.5462040938083751,-9.800011675009657e-05
1730262969.358193,0.54615509375,0.5461011744021325,0.5461281340760662,5.391934786758146e-05
1730262970.362331,0.54615509375,0.5461011744021325,0.5461281340760662,5.391934786758146e-05
1730262971.366456,0.54615509375,0.5461011744021325,0.5461281340760662,5.391934786758146e-05
1730262972.369505,0.54615509375,0.5461011744021325,0.5461281340760662,5.391934786758146e-05
1730262973.3735301,0.54615509375,0.5461011744021325,0.5461281340760662,5.391934786758146e-05
1730262974.377742,0.54615509375,0.5461011744021325,0.5461281340760662,5.391934786758146e-05
1730262975.381941,0.5461535225,0.5461427854259316,0.5461481539629658,1.0737074068400965e-05
1730262976.3862941,0.5461535225,0.5461427854259316,0.5461481539629658,1.0737074068400965e-05
1730262977.39067,0.5461535225,0.5461427854259316,0.5461481539629658,1.0737074068400965e-05
1730262978.394838,0.5461535225,0.5461427854259316,0.5461481539629658,1.0737074068400965e-05
1730262979.3990579,0.5461535225,0.5461427854259316,0.5461481539629658,1.0737074068400965e-05
1730262980.403172,0.5461535225,0.5461427854259316,0.5461481539629658,1.0737074068400965e-05
1730262981.407487,0.5461535200000001,0.5462530938395439,0.546203306919772,-9.95738395438428e-05
1730262982.4116108,0.5461535200000001,0.5462530938395439,0.546203306919772,-9.95738395438428e-05
1730262983.415894,0.5461535200000001,0.5462530938395439,0.546203306919772,-9.95738395438428e-05
1730262984.4201632,0.5461535200000001,0.5462530938395439,0.546203306919772,-9.95738395438428e-05
1730262985.424665,0.5461535200000001,0.5462530938395439,0.546203306919772,-9.95738395438428e-05
1730262986.428942,0.5461535200000001,0.5462530938395439,0.546203306919772,-9.95738395438428e-05
1730262987.43346,0.5461535200000001,0.5462530938395439,0.546203306919772,-9.95738395438428e-05
1730262988.437845,0.5461535200000001,0.5462530938395439,0.546203306919772,-9.95738395438428e-05
1730262989.444082,0.5461535200000001,0.5462530938395439,0.546203306919772,-9.95738395438428e-05
1730262990.448034,0.5461535200000001,0.5462530938395439,0.546203306919772,-9.95738395438428e-05
1730262991.452329,0.5461249699999999,0.5462530938427461,0.546189031921373,-0.00012812384274618616
1730262992.457217,0.5461249699999999,0.5462530938427461,0.546189031921373,-0.00012812384274618616
1730262993.461431,0.5461249699999999,0.5462530938427461,0.546189031921373,-0.00012812384274618616
1730262994.46568,0.5461249699999999,0.5462530938427461,0.546189031921373,-0.00012812384274618616
1730262995.470046,0.5461249699999999,0.5462530938427461,0.546189031921373,-0.00012812384274618616
1730262996.474325,0.5461249699999999,0.5462530938427461,0.546189031921373,-0.00012812384274618616
1730262997.478456,0.54616180875,0.5462530938365134,0.5462074512932567,-9.128508651345957e-05
1730262998.482545,0.54616180875,0.5462530938365134,0.5462074512932567,-9.128508651345957e-05
1730262999.487094,0.54616180875,0.5462530938365134,0.5462074512932567,-9.128508651345957e-05
1730263000.4914439,0.54616180875,0.5462530938365134,0.5462074512932567,-9.128508651345957e-05
1730263001.495567,0.54616180875,0.5462530938365134,0.5462074512932567,-9.128508651345957e-05
1730263002.499906,0.54616180875,0.5462530938470965,0.5462074512985482,-9.128509709654953e-05
1730263003.50466,0.54616180875,0.5462530938470965,0.5462074512985482,-9.128509709654953e-05
1730263004.509135,0.54616180875,0.5462530938470965,0.5462074512985482,-9.128509709654953e-05
1730263005.5131562,0.54616180875,0.5462530938470965,0.5462074512985482,-9.128509709654953e-05
1730263006.517407,0.54616180875,0.5462530938470965,0.5462074512985482,-9.128509709654953e-05
1730263007.521748,0.54616180875,0.5462530938470965,0.5462074512985482,-9.128509709654953e-05
1730263008.526391,0.5461211025,0.5462530938358607,0.5461870981679304,-0.0001319913358607261
1730263009.530545,0.5461211025,0.5462530938358607,0.5461870981679304,-0.0001319913358607261
1730263010.534824,0.5461211025,0.5462530938358607,0.5461870981679304,-0.0001319913358607261
1730263011.5391638,0.5461211025,0.5462530938358607,0.5461870981679304,-0.0001319913358607261
1730263012.543544,0.5461211025,0.5462530938358607,0.5461870981679304,-0.0001319913358607261
1730263013.547787,0.5461211025,0.5462530938358607,0.5461870981679304,-0.0001319913358607261
1730263014.552107,0.5461211025,0.546253093836737,0.5461870981683685,-0.00013199133673702512
1730263015.556502,0.5461211025,0.546253093836737,0.5461870981683685,-0.00013199133673702512
1730263016.560744,0.5461211025,0.546253093836737,0.5461870981683685,-0.00013199133673702512
1730263017.564897,0.5461211025,0.546253093836737,0.5461870981683685,-0.00013199133673702512
1730263018.569219,0.5461211025,0.546253093836737,0.5461870981683685,-0.00013199133673702512
1730263019.573526,0.5461211025,0.546253093836737,0.5461870981683685,-0.00013199133673702512
1730263020.577831,0.54619882,0.546289644375763,0.5462442321878815,-9.082437576302116e-05
1730263021.58204,0.54619882,0.546289644375763,0.5462442321878815,-9.082437576302116e-05
1730263022.5864341,0.54619882,0.546289644375763,0.5462442321878815,-9.082437576302116e-05
1730263023.591155,0.54619882,0.546289644375763,0.5462442321878815,-9.082437576302116e-05
1730263024.5952199,0.54619882,0.546289644375763,0.5462442321878815,-9.082437576302116e-05
1730263025.5993989,0.54619882,0.546289644375763,0.5462442321878815,-9.082437576302116e-05
1730263026.603859,0.54619882,0.5462611405831451,0.5462299802915725,-6.232058314514788e-05
1730263027.608049,0.54619882,0.5462611405831451,0.5462299802915725,-6.232058314514788e-05
1730263028.6120288,0.54619882,0.5462611405831451,0.5462299802915725,-6.232058314514788e-05
1730263029.616231,0.54619882,0.5462611405831451,0.5462299802915725,-6.232058314514788e-05
1730263030.620832,0.54619882,0.5462611405831451,0.5462299802915725,-6.232058314514788e-05
1730263031.62532,0.54619882,0.5462611405831451,0.5462299802915725,-6.232058314514788e-05
1730263032.629397,0.5461249699999999,0.5462611405831451,0.5461930552915726,-0.00013617058314518982
1730263033.633605,0.5461249699999999,0.5462611405831451,0.5461930552915726,-0.00013617058314518982
1730263034.637883,0.5461249699999999,0.5462611405831451,0.5461930552915726,-0.00013617058314518982
1730263035.642207,0.5461249699999999,0.5462611405831451,0.5461930552915726,-0.00013617058314518982
1730263036.646085,0.5461249699999999,0.5462611405831451,0.5461930552915726,-0.00013617058314518982
1730263037.6503198,0.5461249699999999,0.5462611405831451,0.5461930552915726,-0.00013617058314518982
1730263038.6544352,0.54629401,0.5462654328521733,0.5462797214260866,2.8577147826669425e-05
1730263039.658508,0.54629401,0.5462654328521733,0.5462797214260866,2.8577147826669425e-05
1730263040.663381,0.54629401,0.5462654328521733,0.5462797214260866,2.8577147826669425e-05
1730263041.669662,0.54629401,0.5462654328521733,0.5462797214260866,2.8577147826669425e-05
1730263042.6749692,0.54629401,0.5462654328521733,0.5462797214260866,2.8577147826669425e-05
1730263043.679025,0.54629401,0.5462654328521733,0.5462797214260866,2.8577147826669425e-05
1730263044.683392,0.54629401,0.5462654328521733,0.5462797214260866,2.8577147826669425e-05
1730263045.687673,0.54629401,0.5462654328521733,0.5462797214260866,2.8577147826669425e-05
1730263046.692021,0.54613610125,0.5460968819970046,0.5461164916235023,3.921925299543716e-05
1730263047.696013,0.54613610125,0.5460968819970046,0.5461164916235023,3.921925299543716e-05
1730263048.700285,0.54613610125,0.5460968819970046,0.5461164916235023,3.921925299543716e-05
1730263049.7048068,0.54613610125,0.5460968819970046,0.5461164916235023,3.921925299543716e-05
1730263050.7092638,0.54613610125,0.5460968819970046,0.5461164916235023,3.921925299543716e-05
1730263051.7135549,0.54613610125,0.5460968819970046,0.5461164916235023,3.921925299543716e-05
1730263052.7178292,0.54613610125,0.5460968819970046,0.5461164916235023,3.921925299543716e-05
1730263053.722145,0.54613404125,0.5460773336583951,0.5461056874541975,5.670759160492089e-05
1730263054.726401,0.54613404125,0.5460773336583951,0.5461056874541975,5.670759160492089e-05
1730263055.730614,0.54613404125,0.5460773336583951,0.5461056874541975,5.670759160492089e-05
1730263056.734763,0.54613404125,0.5460773336583951,0.5461056874541975,5.670759160492089e-05
1730263057.739199,0.54613404125,0.5460773336583951,0.5461056874541975,5.670759160492089e-05
1730263058.743532,0.54613404125,0.5460773336583951,0.5461056874541975,5.670759160492089e-05
1730263059.7477498,0.54604863125,0.5460616038737991,0.5460551175618995,-1.297262379906794e-05
1730263060.752053,0.54604863125,0.5460616038737991,0.5460551175618995,-1.297262379906794e-05
1730263061.7562282,0.54604863125,0.5460616038737991,0.5460551175618995,-1.297262379906794e-05
1730263062.76052,0.54604863125,0.5460616038737991,0.5460551175618995,-1.297262379906794e-05
1730263063.764723,0.54604863125,0.5460616038737991,0.5460551175618995,-1.297262379906794e-05
1730263064.7691379,0.54604863125,0.5460616038737991,0.5460551175618995,-1.297262379906794e-05
1730263065.7736478,0.54604863125,0.5460616038737991,0.5460551175618995,-1.297262379906794e-05
1730263066.777936,0.5460613049999999,0.5460862495830542,0.5460737772915271,-2.494458305424274e-05
1730263067.782252,0.5460613049999999,0.5460862495830542,0.5460737772915271,-2.494458305424274e-05
1730263068.7864919,0.5460613049999999,0.5460862495830542,0.5460737772915271,-2.494458305424274e-05
1730263069.790638,0.5460613049999999,0.5460862495830542,0.5460737772915271,-2.494458305424274e-05
1730263070.795423,0.5460613049999999,0.5460862495830542,0.5460737772915271,-2.494458305424274e-05
1730263071.7994921,0.5460613049999999,0.5460862495830542,0.5460737772915271,-2.494458305424274e-05
1730263072.803894,0.5460613049999999,0.5460862495830542,0.5460737772915271,-2.494458305424274e-05
1730263073.808304,0.5460613049999999,0.5460909970482627,0.5460761510241313,-2.9692048262752735e-05
1730263074.8124301,0.5460613049999999,0.5460909970482627,0.5460761510241313,-2.9692048262752735e-05
1730263075.8167129,0.5460613049999999,0.5460909970482627,0.5460761510241313,-2.9692048262752735e-05
1730263076.8208902,0.5460613049999999,0.5460909970482627,0.5460761510241313,-2.9692048262752735e-05
1730263077.825126,0.5460613049999999,0.5460909970482627,0.5460761510241313,-2.9692048262752735e-05
1730263078.829161,0.5460613049999999,0.5460909970482627,0.5460761510241313,-2.9692048262752735e-05
1730263079.833416,0.54609922875,0.5460964237657198,0.54609782625786,2.8049842802913005e-06
1730263080.837949,0.54609922875,0.5460964237657198,0.54609782625786,2.8049842802913005e-06
1730263081.842271,0.54609922875,0.5460964237657198,0.54609782625786,2.8049842802913005e-06
1730263082.846385,0.54609922875,0.5460964237657198,0.54609782625786,2.8049842802913005e-06
1730263083.850538,0.54609922875,0.5460964237657198,0.54609782625786,2.8049842802913005e-06
1730263084.854804,0.54609922875,0.5460964237657198,0.54609782625786,2.8049842802913005e-06
1730263085.859404,0.54609923,0.5460614763638775,0.5460803531819387,3.7753636122572765e-05
1730263086.86356,0.54609923,0.5460614763638775,0.5460803531819387,3.7753636122572765e-05
1730263087.867847,0.54609923,0.5460614763638775,0.5460803531819387,3.7753636122572765e-05
1730263088.872279,0.54609923,0.5460614763638775,0.5460803531819387,3.7753636122572765e-05
1730263089.876707,0.54609923,0.5460614763638775,0.5460803531819387,3.7753636122572765e-05
1730263090.881,0.54609923,0.5460614763638775,0.5460803531819387,3.7753636122572765e-05
1730263091.885233,0.54609923,0.5460614763638775,0.5460803531819387,3.7753636122572765e-05
1730263092.889487,0.54609923,0.5460614763638775,0.5460803531819387,3.7753636122572765e-05
1730263093.893787,0.54609923,0.5460614763638775,0.5460803531819387,3.7753636122572765e-05
1730263094.897832,0.54609923,0.5460614763638775,0.5460803531819387,3.7753636122572765e-05
1730263095.9021492,0.54609923,0.5460614763638775,0.5460803531819387,3.7753636122572765e-05
1730263096.906461,0.546063105,0.5460870322426197,0.5460750686213098,-2.3927242619681266e-05
1730263097.910868,0.546063105,0.5460870322426197,0.5460750686213098,-2.3927242619681266e-05
1730263098.915058,0.546063105,0.5460870322426197,0.5460750686213098,-2.3927242619681266e-05
1730263099.9193459,0.546063105,0.5460870322426197,0.5460750686213098,-2.3927242619681266e-05
1730263100.923709,0.546063105,0.5460870322426197,0.5460750686213098,-2.3927242619681266e-05
1730263101.927584,0.546063105,0.5460870322426197,0.5460750686213098,-2.3927242619681266e-05
1730263102.9307709,0.546063105,0.5460870322426197,0.5460750686213098,-2.3927242619681266e-05
1730263103.935107,0.546063105,0.5460870322426197,0.5460750686213098,-2.3927242619681266e-05
1730263104.939538,0.546064315,0.5462076172680158,0.5461359661340079,-0.00014330226801584356
1730263105.9436438,0.546064315,0.5462076172680158,0.5461359661340079,-0.00014330226801584356
1730263106.947767,0.546064315,0.5462076172680158,0.5461359661340079,-0.00014330226801584356
1730263107.951366,0.546064315,0.5462076172680158,0.5461359661340079,-0.00014330226801584356
1730263108.955672,0.546064315,0.5462076172680158,0.5461359661340079,-0.00014330226801584356
1730263109.96001,0.54613241625,0.5462333115926288,0.5461828639213144,-0.00010089534262880395
1730263110.96414,0.54613241625,0.5462333115926288,0.5461828639213144,-0.00010089534262880395
1730263111.968268,0.54613241625,0.5462333115926288,0.5461828639213144,-0.00010089534262880395
1730263112.972686,0.54613241625,0.5462333115926288,0.5461828639213144,-0.00010089534262880395
1730263113.977041,0.54613241625,0.5462333115926288,0.5461828639213144,-0.00010089534262880395
1730263114.981343,0.54613241625,0.5462333115926288,0.5461828639213144,-0.00010089534262880395
1730263115.985759,0.54613241625,0.5462333115926288,0.5461828639213144,-0.00010089534262880395
1730263116.990043,0.54621262125,0.5462384852661079,0.546225553258054,-2.586401610782385e-05
1730263117.994858,0.54621262125,0.5462384852661079,0.546225553258054,-2.586401610782385e-05
1730263118.99906,0.54621262125,0.5462384852661079,0.546225553258054,-2.586401610782385e-05
1730263120.003495,0.54621262125,0.5462384852661079,0.546225553258054,-2.586401610782385e-05
1730263121.007482,0.54621262125,0.5462384852661079,0.546225553258054,-2.586401610782385e-05
1730263122.011961,0.54621262125,0.5462384852661079,0.546225553258054,-2.586401610782385e-05
1730263123.016274,0.54621262125,0.5462384852661079,0.546225553258054,-2.586401610782385e-05
1730263124.020273,0.54621262125,0.5462384823510861,0.546225551800543,-2.5861101086044336e-05
1730263125.024562,0.54621262125,0.5462384823510861,0.546225551800543,-2.5861101086044336e-05
1730263126.028586,0.54621262125,0.5462384823510861,0.546225551800543,-2.5861101086044336e-05
1730263127.032992,0.54621262125,0.5462384823510861,0.546225551800543,-2.5861101086044336e-05
1730263128.037407,0.54621262125,0.5462384823510861,0.546225551800543,-2.5861101086044336e-05
1730263129.041003,0.54621262125,0.5462384823510861,0.546225551800543,-2.5861101086044336e-05
1730263130.0464141,0.54621262125,0.5462384823510861,0.546225551800543,-2.5861101086044336e-05
1730263131.050789,0.54621262125,0.546239257900039,0.5462259395750195,-2.6636650038991405e-05
1730263132.05508,0.54621262125,0.546239257900039,0.5462259395750195,-2.6636650038991405e-05
1730263133.059438,0.54621262125,0.546239257900039,0.5462259395750195,-2.6636650038991405e-05
1730263134.063442,0.54621262125,0.546239257900039,0.5462259395750195,-2.6636650038991405e-05
1730263135.067729,0.54621262125,0.546239257900039,0.5462259395750195,-2.6636650038991405e-05
1730263136.072385,0.54621264625,0.5462392677757983,0.5462259570128991,-2.662152579835375e-05
1730263137.076694,0.54621264625,0.5462392677757983,0.5462259570128991,-2.662152579835375e-05
1730263138.081101,0.54621264625,0.5462392677757983,0.5462259570128991,-2.662152579835375e-05
1730263139.085397,0.54621264625,0.5462392677757983,0.5462259570128991,-2.662152579835375e-05
1730263140.08972,0.54621264625,0.5462392677757983,0.5462259570128991,-2.662152579835375e-05
1730263141.093796,0.54621264625,0.5462392677757983,0.5462259570128991,-2.662152579835375e-05
1730263142.099349,0.5462123875,0.5462392685003943,0.5462258280001971,-2.6881000394274324e-05
1730263143.103803,0.5462123875,0.5462392685003943,0.5462258280001971,-2.6881000394274324e-05
1730263144.108198,0.5462123875,0.5462392685003943,0.5462258280001971,-2.6881000394274324e-05
1730263145.11492,0.5462123875,0.5462392685003943,0.5462258280001971,-2.6881000394274324e-05
1730263146.1177258,0.5462123875,0.5462392685003943,0.5462258280001971,-2.6881000394274324e-05
1730263147.120568,0.5462123875,0.5462392685003943,0.5462258280001971,-2.6881000394274324e-05
1730263148.123901,0.5462123875,0.5462392685003943,0.5462258280001971,-2.6881000394274324e-05
1730263149.126952,0.5462123875,0.5462516459321608,0.5462320167160803,-3.925843216079361e-05
1730263150.130422,0.5462123875,0.5462516459321608,0.5462320167160803,-3.925843216079361e-05
1730263151.133045,0.5462123875,0.5462516459321608,0.5462320167160803,-3.925843216079361e-05
1730263152.1363041,0.5462123875,0.5462516459321608,0.5462320167160803,-3.925843216079361e-05
1730263153.139576,0.5462123875,0.5462516459321608,0.5462320167160803,-3.925843216079361e-05
1730263154.142093,0.5462123875,0.5462516459321608,0.5462320167160803,-3.925843216079361e-05
1730263155.145634,0.54619220125,0.5462533033360938,0.546222752293047,-6.110208609377832e-05
1730263156.148861,0.54619220125,0.5462533033360938,0.546222752293047,-6.110208609377832e-05
1730263157.1524532,0.54619220125,0.5462533033360938,0.546222752293047,-6.110208609377832e-05
1730263158.156003,0.54619220125,0.5462533033360938,0.546222752293047,-6.110208609377832e-05
1730263159.159148,0.54619220125,0.5462533033360938,0.546222752293047,-6.110208609377832e-05
1730263160.1617742,0.54619220125,0.5462533033360938,0.546222752293047,-6.110208609377832e-05
1730263161.1640399,0.54619220125,0.5462533033360938,0.546222752293047,-6.110208609377832e-05
1730263162.167278,0.54619220125,0.5462533033360938,0.546222752293047,-6.110208609377832e-05
1730263163.1706991,0.54619220125,0.5462533019645629,0.5462227516072815,-6.110071456288946e-05
1730263164.1743639,0.54619220125,0.5462533019645629,0.5462227516072815,-6.110071456288946e-05
1730263165.177954,0.54619220125,0.5462533019645629,0.5462227516072815,-6.110071456288946e-05
1730263166.1815732,0.54619220125,0.5462533019645629,0.5462227516072815,-6.110071456288946e-05
1730263167.1849961,0.54619220125,0.5462533019645629,0.5462227516072815,-6.110071456288946e-05
1730263168.188192,0.54619220125,0.5462533019645629,0.5462227516072815,-6.110071456288946e-05
1730263169.191552,0.54619220125,0.5462533019645629,0.5462227516072815,-6.110071456288946e-05
1730263170.194931,0.54619220125,0.5462533019650032,0.5462227516075016,-6.110071500320391e-05
1730263171.1975281,0.54619220125,0.5462533019650032,0.5462227516075016,-6.110071500320391e-05
1730263172.1999428,0.54619220125,0.5462533019650032,0.5462227516075016,-6.110071500320391e-05
1730263173.2030778,0.54619220125,0.5462533019650032,0.5462227516075016,-6.110071500320391e-05
1730263174.206166,0.54619220125,0.5462533019650032,0.5462227516075016,-6.110071500320391e-05
1730263175.209505,0.54619220125,0.5462533019650032,0.5462227516075016,-6.110071500320391e-05
1730263176.212781,0.54619220125,0.5462533019650032,0.5462227516075016,-6.110071500320391e-05
1730263177.216008,0.54619220125,0.5462441166628664,0.5462181589564332,-5.191541286642121e-05
1730263178.219242,0.54619220125,0.5462441166628664,0.5462181589564332,-5.191541286642121e-05
1730263179.222188,0.54619220125,0.5462441166628664,0.5462181589564332,-5.191541286642121e-05
1730263180.225261,0.54619220125,0.5462441166628664,0.5462181589564332,-5.191541286642121e-05
1730263181.228045,0.54619220125,0.5462441166628664,0.5462181589564332,-5.191541286642121e-05
1730263182.231481,0.54619220125,0.5462441166628664,0.5462181589564332,-5.191541286642121e-05
1730263183.2349892,0.54619220125,0.5462441166628664,0.5462181589564332,-5.191541286642121e-05
1730263184.238064,0.54619220125,0.5462311662874177,0.5462116837687089,-3.896503741773749e-05
1730263185.2412999,0.54619220125,0.5462311662874177,0.5462116837687089,-3.896503741773749e-05
1730263186.244545,0.54619220125,0.5462311662874177,0.5462116837687089,-3.896503741773749e-05
1730263187.247871,0.54619220125,0.5462311662874177,0.5462116837687089,-3.896503741773749e-05
1730263188.251172,0.54619220125,0.5462311662874177,0.5462116837687089,-3.896503741773749e-05
1730263189.254271,0.54619220125,0.546231166288221,0.5462116837691104,-3.896503822098385e-05
1730263190.257647,0.54619220125,0.546231166288221,0.5462116837691104,-3.896503822098385e-05
1730263191.261149,0.54619220125,0.546231166288221,0.5462116837691104,-3.896503822098385e-05
1730263192.264732,0.54619220125,0.546231166288221,0.5462116837691104,-3.896503822098385e-05
1730263193.268157,0.54619220125,0.546231166288221,0.5462116837691104,-3.896503822098385e-05
1730263194.271293,0.54619220125,0.5462311662881965,0.5462116837690982,-3.896503819644792e-05
1730263195.274486,0.54619220125,0.5462311662881965,0.5462116837690982,-3.896503819644792e-05
1730263196.277814,0.54619220125,0.5462311662881965,0.5462116837690982,-3.896503819644792e-05
1730263197.281085,0.54619220125,0.5462311662881965,0.5462116837690982,-3.896503819644792e-05
1730263198.284279,0.54619220125,0.5462311662881965,0.5462116837690982,-3.896503819644792e-05
1730263199.2873018,0.54619220125,0.5462311662879777,0.5462116837689889,-3.8965037977733985e-05
1730263200.290556,0.54619220125,0.5462311662879777,0.5462116837689889,-3.8965037977733985e-05
1730263201.293844,0.54619220125,0.5462311662879777,0.5462116837689889,-3.8965037977733985e-05
1730263202.297146,0.54619220125,0.5462311662879777,0.5462116837689889,-3.8965037977733985e-05
1730263203.300587,0.54619220125,0.5462311662879777,0.5462116837689889,-3.8965037977733985e-05
1730263204.303831,0.54619220125,0.5462311662879777,0.5462116837689889,-3.8965037977733985e-05
1730263205.306901,0.54619220125,0.5462441166611797,0.5462181589555899,-5.1915411179659365e-05
1730263206.3101408,0.54619220125,0.5462441166611797,0.5462181589555899,-5.1915411179659365e-05
1730263207.31336,0.54619220125,0.5462441166611797,0.5462181589555899,-5.1915411179659365e-05
1730263208.316542,0.54619220125,0.5462441166611797,0.5462181589555899,-5.1915411179659365e-05
1730263209.3196008,0.54619220125,0.5462441166611797,0.5462181589555899,-5.1915411179659365e-05
1730263210.3227,0.54619220125,0.5462441166611797,0.5462181589555899,-5.1915411179659365e-05
1730263211.3259661,0.54619220125,0.5462441166611797,0.5462181589555899,-5.1915411179659365e-05
1730263212.329358,0.54619220125,0.5462441166618309,0.5462181589559154,-5.191541183091619e-05
1730263213.332715,0.54619220125,0.5462441166618309,0.5462181589559154,-5.191541183091619e-05
1730263214.335894,0.54619220125,0.5462441166618309,0.5462181589559154,-5.191541183091619e-05
1730263215.338961,0.54619220125,0.5462441166618309,0.5462181589559154,-5.191541183091619e-05
1730263216.3422139,0.54619220125,0.5462441166618309,0.5462181589559154,-5.191541183091619e-05
1730263217.345566,0.54619220125,0.5462441166618309,0.5462181589559154,-5.191541183091619e-05
1730263218.3488529,0.54619220125,0.5462441166618309,0.5462181589559154,-5.191541183091619e-05
1730263219.3518982,0.54619220125,0.5462441166618309,0.5462181589559154,-5.191541183091619e-05
1730263220.354829,0.54619220125,0.5462441166617779,0.546218158955889,-5.191541177784753e-05
1730263221.35797,0.54619220125,0.5462441166617779,0.546218158955889,-5.191541177784753e-05
1730263222.361397,0.54619220125,0.5462441166617779,0.546218158955889,-5.191541177784753e-05
1730263223.365015,0.54619220125,0.5462441166617779,0.546218158955889,-5.191541177784753e-05
1730263224.368347,0.54619220125,0.5462441166617779,0.546218158955889,-5.191541177784753e-05
1730263225.3714461,0.54619220125,0.5462441166617779,0.546218158955889,-5.191541177784753e-05
1730263226.37472,0.54619220125,0.5462441166617779,0.546218158955889,-5.191541177784753e-05
1730263227.377951,0.54619220125,0.5462441166617779,0.546218158955889,-5.191541177784753e-05
1730263228.3812149,0.54619220125,0.5462441166620061,0.5462181589560031,-5.1915412006109385e-05
1730263229.384334,0.54619220125,0.5462441166620061,0.5462181589560031,-5.1915412006109385e-05
1730263230.38733,0.54619220125,0.5462441166620061,0.5462181589560031,-5.1915412006109385e-05
1730263231.3905,0.54619220125,0.5462441166620061,0.5462181589560031,-5.1915412006109385e-05
1730263232.3936949,0.54619220125,0.5462441166620061,0.5462181589560031,-5.1915412006109385e-05
1730263233.397183,0.54619220125,0.5462441166770736,0.5462181589635369,-5.1915427073612186e-05
1730263234.400534,0.54619220125,0.5462441166770736,0.5462181589635369,-5.1915427073612186e-05
1730263235.4036548,0.54619220125,0.5462441166770736,0.5462181589635369,-5.1915427073612186e-05
1730263236.406703,0.54619220125,0.5462441166770736,0.5462181589635369,-5.1915427073612186e-05
1730263237.409881,0.54619220125,0.5462441166770736,0.5462181589635369,-5.1915427073612186e-05
1730263238.413135,0.54619220125,0.5462441166770736,0.5462181589635369,-5.1915427073612186e-05
1730263239.417927,0.54619220125,0.5462441166770736,0.5462181589635369,-5.1915427073612186e-05
1730263240.4212961,0.54619220125,0.5462441166770736,0.5462181589635369,-5.1915427073612186e-05
1730263241.4248042,0.54619220125,0.5462441166770736,0.5462181589635369,-5.1915427073612186e-05
1730263242.428065,0.54619220125,0.5462441166770736,0.5462181589635369,-5.1915427073612186e-05
1730263243.4315,0.54619220125,0.5462441166770736,0.5462181589635369,-5.1915427073612186e-05
1730263244.434817,0.54619220125,0.5462441166770736,0.5462181589635369,-5.1915427073612186e-05
1730263245.4378722,0.5460814162500001,0.5462583936055179,0.546169904927759,-0.00017697735551780447
1730263246.44107,0.5460814162500001,0.5462583936055179,0.546169904927759,-0.00017697735551780447
1730263247.444545,0.5460814162500001,0.5462583936055179,0.546169904927759,-0.00017697735551780447
1730263248.4475882,0.5460814162500001,0.5462583936055179,0.546169904927759,-0.00017697735551780447
1730263249.450648,0.5460814162500001,0.5462583936055179,0.546169904927759,-0.00017697735551780447
1730263250.453682,0.5460814162500001,0.5462583936055179,0.546169904927759,-0.00017697735551780447
1730263251.456875,0.5460814162500001,0.5462583936055179,0.546169904927759,-0.00017697735551780447
1730263252.460064,0.5462922,0.5462808052907873,0.5462865026453936,1.1394709212741994e-05
1730263253.463427,0.5462922,0.5462808052907873,0.5462865026453936,1.1394709212741994e-05
1730263254.4668539,0.5462922,0.5462808052907873,0.5462865026453936,1.1394709212741994e-05
1730263255.470021,0.5462922,0.5462808052907873,0.5462865026453936,1.1394709212741994e-05
1730263256.473099,0.5462922,0.5462808052907873,0.5462865026453936,1.1394709212741994e-05
1730263257.476275,0.5462922,0.5462932134856355,0.5462927067428178,-1.0134856355259458e-06
1730263258.479462,0.5462922,0.5462932134856355,0.5462927067428178,-1.0134856355259458e-06
1730263259.482435,0.5462922,0.5462932134856355,0.5462927067428178,-1.0134856355259458e-06
1730263260.485197,0.5462922,0.5462932134856355,0.5462927067428178,-1.0134856355259458e-06
1730263261.487725,0.5462922,0.5462932134856355,0.5462927067428178,-1.0134856355259458e-06
1730263262.490852,0.5462922,0.5462932134856355,0.5462927067428178,-1.0134856355259458e-06
1730263263.494093,0.5462922,0.5462932134856355,0.5462927067428178,-1.0134856355259458e-06
1730263264.497334,0.5462922,0.5463184796602819,0.546305339830141,-2.627966028190265e-05
1730263265.500441,0.5462922,0.5463184796602819,0.546305339830141,-2.627966028190265e-05
1730263266.503548,0.5462922,0.5463184796602819,0.546305339830141,-2.627966028190265e-05
1730263267.5066571,0.5462922,0.5463184796602819,0.546305339830141,-2.627966028190265e-05
1730263268.510087,0.5462922,0.5463184796602819,0.546305339830141,-2.627966028190265e-05
1730263269.513154,0.5462922,0.5463184796602819,0.546305339830141,-2.627966028190265e-05
1730263270.516263,0.5462922,0.5463184796602819,0.546305339830141,-2.627966028190265e-05
1730263271.5203059,0.54629219875,0.5463016315309898,0.5462969151404948,-9.432780989748757e-06
1730263272.523558,0.54629219875,0.5463016315309898,0.5462969151404948,-9.432780989748757e-06
1730263273.526975,0.54629219875,0.5463016315309898,0.5462969151404948,-9.432780989748757e-06
1730263274.530923,0.54629219875,0.5463016315309898,0.5462969151404948,-9.432780989748757e-06
1730263275.534074,0.54629219875,0.5463016315309898,0.5462969151404948,-9.432780989748757e-06
1730263276.537073,0.54629219875,0.5463016315309898,0.5462969151404948,-9.432780989748757e-06
1730263277.5404842,0.54629219875,0.5463016315309898,0.5462969151404948,-9.432780989748757e-06
1730263278.543797,0.54629219875,0.5463016315309898,0.5462969151404948,-9.432780989748757e-06
1730263279.547102,0.54629219875,0.5463016316515271,0.5462969152007635,-9.43290152710663e-06
1730263280.550512,0.54629219875,0.5463016316515271,0.5462969152007635,-9.43290152710663e-06
1730263281.553492,0.54629219875,0.5463016316515271,0.5462969152007635,-9.43290152710663e-06
1730263282.556708,0.54629219875,0.5463016316515271,0.5462969152007635,-9.43290152710663e-06
1730263283.559822,0.54629219875,0.5463016316515271,0.5462969152007635,-9.43290152710663e-06
1730263284.5629508,0.54629219875,0.5463016316515271,0.5462969152007635,-9.43290152710663e-06
1730263285.56622,0.54629219875,0.5463016316515271,0.5462969152007635,-9.43290152710663e-06
1730263286.56923,0.54629219875,0.5463016316515271,0.5462969152007635,-9.43290152710663e-06
1730263287.571927,0.54629219875,0.5463016316515271,0.5462969152007635,-9.43290152710663e-06
1730263288.57507,0.54629219875,0.5463355853246794,0.5463138920373397,-4.3386574679393775e-05
1730263289.578323,0.54629219875,0.5463355853246794,0.5463138920373397,-4.3386574679393775e-05
1730263290.581556,0.54629219875,0.5463355853246794,0.5463138920373397,-4.3386574679393775e-05
1730263291.5849411,0.54629219875,0.5463355853246794,0.5463138920373397,-4.3386574679393775e-05
1730263292.5879219,0.54629219875,0.5463355853246794,0.5463138920373397,-4.3386574679393775e-05
1730263293.591191,0.54629219875,0.5463355853246794,0.5463138920373397,-4.3386574679393775e-05
1730263294.5944908,0.54629219875,0.5463355853246794,0.5463138920373397,-4.3386574679393775e-05
1730263295.59769,0.54629219875,0.5463323918646481,0.5463122953073241,-4.01931146480905e-05
1730263296.60097,0.54629219875,0.5463323918646481,0.5463122953073241,-4.01931146480905e-05
1730263297.6039522,0.54629219875,0.5463323918646481,0.5463122953073241,-4.01931146480905e-05
1730263298.6090019,0.54629219875,0.5463323918646481,0.5463122953073241,-4.01931146480905e-05
1730263299.6135411,0.54629219875,0.5463323918646481,0.5463122953073241,-4.01931146480905e-05
1730263300.618001,0.54629219875,0.5463323918646481,0.5463122953073241,-4.01931146480905e-05
1730263301.6214201,0.54629219875,0.5463323917704045,0.5463122952602022,-4.0193020404477586e-05
1730263302.624383,0.54629219875,0.5463323917704045,0.5463122952602022,-4.0193020404477586e-05
1730263303.62833,0.54629219875,0.5463323917704045,0.5463122952602022,-4.0193020404477586e-05
1730263304.6314409,0.54629219875,0.5463323917704045,0.5463122952602022,-4.0193020404477586e-05
1730263305.634719,0.54629219875,0.5463323917704045,0.5463122952602022,-4.0193020404477586e-05
1730263306.637722,0.54629219875,0.5463323917704045,0.5463122952602022,-4.0193020404477586e-05
1730263307.640958,0.54629219875,0.5463323917704045,0.5463122952602022,-4.0193020404477586e-05
1730263308.644129,0.54629219875,0.5463323917704045,0.5463122952602022,-4.0193020404477586e-05
1730263309.6473641,0.5461922,0.546332996947526,0.546262598473763,-0.0001407969475260007
1730263310.650794,0.5461922,0.546332996947526,0.546262598473763,-0.0001407969475260007
1730263311.6538398,0.5461922,0.546332996947526,0.546262598473763,-0.0001407969475260007
1730263312.657511,0.5461922,0.546332996947526,0.546262598473763,-0.0001407969475260007
1730263313.660633,0.5461922,0.546332996947526,0.546262598473763,-0.0001407969475260007
1730263314.663591,0.5461922,0.546332996947526,0.546262598473763,-0.0001407969475260007
1730263315.666938,0.5463921975,0.5463323915544388,0.5463622945272194,5.980594556120877e-05
1730263316.669908,0.5463921975,0.5463323915544388,0.5463622945272194,5.980594556120877e-05
1730263317.671972,0.5463921975,0.5463323915544388,0.5463622945272194,5.980594556120877e-05
1730263318.6751292,0.5463921975,0.5463323915544388,0.5463622945272194,5.980594556120877e-05
1730263319.6789591,0.5463921975,0.5463323915544388,0.5463622945272194,5.980594556120877e-05
1730263320.683178,0.54629219875,0.5462910523063084,0.5462916255281542,1.1464436916464038e-06
1730263321.6861901,0.54629219875,0.5462910523063084,0.5462916255281542,1.1464436916464038e-06
1730263322.688612,0.54629219875,0.5462910523063084,0.5462916255281542,1.1464436916464038e-06
1730263323.69071,0.54629219875,0.5462910523063084,0.5462916255281542,1.1464436916464038e-06
1730263324.693952,0.54629219875,0.5462910523063084,0.5462916255281542,1.1464436916464038e-06
1730263325.697155,0.54629219875,0.5462910523063084,0.5462916255281542,1.1464436916464038e-06
1730263326.7004778,0.54629219875,0.5462910523063084,0.5462916255281542,1.1464436916464038e-06
1730263327.7033758,0.54629219875,0.5462910523063084,0.5462916255281542,1.1464436916464038e-06
1730263328.706506,0.54629219875,0.5463117354943237,0.5463019671221618,-1.953674432364494e-05
1730263329.709234,0.54629219875,0.5463117354943237,0.5463019671221618,-1.953674432364494e-05
1730263330.712533,0.54629219875,0.5463117354943237,0.5463019671221618,-1.953674432364494e-05
1730263331.716654,0.54629219875,0.5463117354943237,0.5463019671221618,-1.953674432364494e-05
1730263332.719734,0.54629219875,0.5463117354943237,0.5463019671221618,-1.953674432364494e-05
1730263333.722969,0.54629219875,0.5463117354943237,0.5463019671221618,-1.953674432364494e-05
1730263334.7261639,0.54629219875,0.5463117354943237,0.5463019671221618,-1.953674432364494e-05
1730263335.729461,0.5463447725,0.5463117354982511,0.5463282539991255,3.303700174894786e-05
1730263336.732769,0.5463447725,0.5463117354982511,0.5463282539991255,3.303700174894786e-05
1730263337.735893,0.5463447725,0.5463117354982511,0.5463282539991255,3.303700174894786e-05
1730263338.739112,0.5463447725,0.5463117354982511,0.5463282539991255,3.303700174894786e-05
1730263339.7423291,0.5463447725,0.5463117354982511,0.5463282539991255,3.303700174894786e-05
1730263340.7468932,0.5463447725,0.5463117354982511,0.5463282539991255,3.303700174894786e-05
1730263341.750897,0.5463447725,0.5463117354982511,0.5463282539991255,3.303700174894786e-05
1730263342.754739,0.5463921975,0.5463503395283555,0.5463712685141777,4.1857971644465586e-05
1730263343.7578292,0.5463921975,0.5463503395283555,0.5463712685141777,4.1857971644465586e-05
1730263344.761199,0.5463921975,0.5463503395283555,0.5463712685141777,4.1857971644465586e-05
1730263345.764457,0.5463921975,0.5463503395283555,0.5463712685141777,4.1857971644465586e-05
1730263346.767554,0.5463921975,0.5463503395283555,0.5463712685141777,4.1857971644465586e-05
1730263347.770648,0.5463921975,0.5463493065571237,0.5463707520285619,4.28909428763502e-05
1730263348.7738361,0.5463921975,0.5463493065571237,0.5463707520285619,4.28909428763502e-05
1730263349.7771862,0.5463921975,0.5463493065571237,0.5463707520285619,4.28909428763502e-05
1730263350.780617,0.5463921975,0.5463493065571237,0.5463707520285619,4.28909428763502e-05
1730263351.7839649,0.5463921975,0.5463493065571237,0.5463707520285619,4.28909428763502e-05
1730263352.787035,0.5463921975,0.5463493065571237,0.5463707520285619,4.28909428763502e-05
1730263353.790333,0.5463921975,0.5463493065571237,0.5463707520285619,4.28909428763502e-05
1730263354.793685,0.5463921975,0.5463503395560538,0.5463712685280269,4.185794394617748e-05
1730263355.79692,0.5463921975,0.5463503395560538,0.5463712685280269,4.185794394617748e-05
1730263356.80021,0.5463921975,0.5463503395560538,0.5463712685280269,4.185794394617748e-05
1730263357.8032708,0.5463921975,0.5463503395560538,0.5463712685280269,4.185794394617748e-05
1730263358.8064141,0.5463921975,0.5463503395560538,0.5463712685280269,4.185794394617748e-05
1730263359.809551,0.5463921975,0.5463503395560538,0.5463712685280269,4.185794394617748e-05
1730263360.812923,0.5463921975,0.5463503395560538,0.5463712685280269,4.185794394617748e-05
1730263361.816315,0.5463921975,0.5463503395560538,0.5463712685280269,4.185794394617748e-05
1730263362.819316,0.5463921975,0.5463503395560538,0.5463712685280269,4.185794394617748e-05
1730263363.822592,0.5463921975,0.5463503395560538,0.5463712685280269,4.185794394617748e-05
1730263364.825985,0.5463921975,0.5463976516411451,0.5463949245705726,-5.454141145055935e-06
1730263365.829372,0.5463921975,0.5463976516411451,0.5463949245705726,-5.454141145055935e-06
1730263366.832695,0.5463921975,0.5463976516411451,0.5463949245705726,-5.454141145055935e-06
1730263367.835775,0.5463921975,0.5463976516411451,0.5463949245705726,-5.454141145055935e-06
1730263368.839155,0.5463921975,0.5463976516411451,0.5463949245705726,-5.454141145055935e-06
1730263369.8422651,0.5463921975,0.5463976516411451,0.5463949245705726,-5.454141145055935e-06
1730263370.845186,0.54616978125,0.5463962529785296,0.5462830171142647,-0.00022647172852952036
1730263371.848725,0.54616978125,0.5463962529785296,0.5462830171142647,-0.00022647172852952036
1730263372.851918,0.54616978125,0.5463962529785296,0.5462830171142647,-0.00022647172852952036
1730263373.855222,0.54616978125,0.5463962529785296,0.5462830171142647,-0.00022647172852952036
1730263374.858577,0.54616978125,0.5463962529785296,0.5462830171142647,-0.00022647172852952036
1730263375.8617558,0.54616978125,0.5463962529785296,0.5462830171142647,-0.00022647172852952036
1730263376.864991,0.54616978125,0.5463962529785296,0.5462830171142647,-0.00022647172852952036
1730263377.86807,0.54616978125,0.5463962529785296,0.5462830171142647,-0.00022647172852952036
1730263378.8709068,0.54616978125,0.5463962529785296,0.5462830171142647,-0.00022647172852952036
1730263379.873944,0.54616978125,0.5463962529785296,0.5462830171142647,-0.00022647172852952036
1730263380.877078,0.54616978125,0.5463962529785296,0.5462830171142647,-0.00022647172852952036
1730263381.880488,0.54616978125,0.5463962529785296,0.5462830171142647,-0.00022647172852952036
1730263382.8835928,0.5462741274999999,0.5462859952943293,0.5462800613971646,-1.1867794329378789e-05
1730263383.886765,0.5462741274999999,0.5462859952943293,0.5462800613971646,-1.1867794329378789e-05
1730263384.8898828,0.5462741274999999,0.5462859952943293,0.5462800613971646,-1.1867794329378789e-05
1730263385.893526,0.5462741274999999,0.5462859952943293,0.5462800613971646,-1.1867794329378789e-05
1730263386.897296,0.5462741274999999,0.5462859952943293,0.5462800613971646,-1.1867794329378789e-05
1730263387.9010508,0.5462741274999999,0.5462859952943293,0.5462800613971646,-1.1867794329378789e-05
1730263388.9041228,0.5462741274999999,0.5462859952943293,0.5462800613971646,-1.1867794329378789e-05
1730263389.907291,0.5462741274999999,0.5462859952943293,0.5462800613971646,-1.1867794329378789e-05
1730263390.9106638,0.5462741274999999,0.5462859952943293,0.5462800613971646,-1.1867794329378789e-05
1730263391.9141,0.5462741274999999,0.5462859952943293,0.5462800613971646,-1.1867794329378789e-05
1730263392.9175239,0.5462741274999999,0.5462859952943293,0.5462800613971646,-1.1867794329378789e-05
1730263393.920641,0.5460922,0.5461921577555959,0.546142178877798,-9.995775559590303e-05
1730263394.9238021,0.5460922,0.5461921577555959,0.546142178877798,-9.995775559590303e-05
1730263395.92708,0.5460922,0.5461921577555959,0.546142178877798,-9.995775559590303e-05
1730263396.930402,0.5460922,0.5461921577555959,0.546142178877798,-9.995775559590303e-05
1730263397.933717,0.5460922,0.5461921577555959,0.546142178877798,-9.995775559590303e-05
1730263398.936676,0.5460922,0.5461921577558293,0.5461421788779146,-9.995775582927191e-05
1730263399.939771,0.5460922,0.5461921577558293,0.5461421788779146,-9.995775582927191e-05
1730263400.942913,0.5460922,0.5461921577558293,0.5461421788779146,-9.995775582927191e-05
1730263401.945106,0.5460922,0.5461921577558293,0.5461421788779146,-9.995775582927191e-05
1730263402.9471512,0.5460922,0.5461921577558293,0.5461421788779146,-9.995775582927191e-05
1730263403.950709,0.5460922,0.5461921577558293,0.5461421788779146,-9.995775582927191e-05
1730263404.953822,0.5460922,0.5462128381972381,0.5461525190986191,-0.00012063819723806546
1730263405.957102,0.5460922,0.5462128381972381,0.5461525190986191,-0.00012063819723806546
1730263406.9602711,0.5460922,0.5462128381972381,0.5461525190986191,-0.00012063819723806546
1730263407.963441,0.5460922,0.5462128381972381,0.5461525190986191,-0.00012063819723806546
1730263408.966802,0.5460922,0.5462128381972381,0.5461525190986191,-0.00012063819723806546
1730263409.96978,0.5460922,0.5462128381972381,0.5461525190986191,-0.00012063819723806546
1730263410.97282,0.5460922,0.5462128381972381,0.5461525190986191,-0.00012063819723806546
1730263411.9758961,0.5460922,0.5462128381972381,0.5461525190986191,-0.00012063819723806546
1730263412.9793122,0.5460922,0.5462687107071572,0.5461804553535786,-0.00017651070715718475
1730263413.982767,0.5460922,0.5462687107071572,0.5461804553535786,-0.00017651070715718475
1730263414.985853,0.5460922,0.5462687107071572,0.5461804553535786,-0.00017651070715718475
1730263415.989098,0.5460922,0.5462687107071572,0.5461804553535786,-0.00017651070715718475
1730263416.992329,0.5460922,0.5462687107071572,0.5461804553535786,-0.00017651070715718475
1730263417.995531,0.5460922,0.5462687107071572,0.5461804553535786,-0.00017651070715718475
1730263418.998837,0.54603760625,0.5460417876807647,0.5460396969653823,-4.181430764749194e-06
1730263420.002014,0.54603760625,0.5460417876807647,0.5460396969653823,-4.181430764749194e-06
1730263421.0053701,0.54603760625,0.5460417876807647,0.5460396969653823,-4.181430764749194e-06
1730263422.008506,0.54603760625,0.5460417876807647,0.5460396969653823,-4.181430764749194e-06
1730263423.011664,0.54603760625,0.5460417876807647,0.5460396969653823,-4.181430764749194e-06
1730263424.0148458,0.54603760625,0.5460417876807647,0.5460396969653823,-4.181430764749194e-06
1730263425.017929,0.54603760625,0.5460417876807647,0.5460396969653823,-4.181430764749194e-06
1730263426.0211608,0.5460376075,0.5460076174801309,0.5460226124900655,2.9990019869030604e-05
1730263427.0246542,0.5460376075,0.5460076174801309,0.5460226124900655,2.9990019869030604e-05
1730263428.028084,0.5460376075,0.5460076174801309,0.5460226124900655,2.9990019869030604e-05
1730263429.031179,0.5460376075,0.5460076174801309,0.5460226124900655,2.9990019869030604e-05
1730263430.036096,0.5460376075,0.5460076174801309,0.5460226124900655,2.9990019869030604e-05
1730263431.039254,0.5460376075,0.5460076174801309,0.5460226124900655,2.9990019869030604e-05
1730263432.0423412,0.54606815125,0.546121593855025,0.5460948725525125,-5.344260502504472e-05
1730263433.045173,0.54606815125,0.546121593855025,0.5460948725525125,-5.344260502504472e-05
1730263434.048366,0.54606815125,0.546121593855025,0.5460948725525125,-5.344260502504472e-05
1730263435.051486,0.54606815125,0.546121593855025,0.5460948725525125,-5.344260502504472e-05
1730263436.0543602,0.54606815125,0.546121593855025,0.5460948725525125,-5.344260502504472e-05
1730263437.057558,0.54606815125,0.546121593855025,0.5460948725525125,-5.344260502504472e-05
1730263438.061801,0.54603789375,0.5461036145406248,0.5460707541453125,-6.572079062483471e-05
1730263439.065241,0.54603789375,0.5461036145406248,0.5460707541453125,-6.572079062483471e-05
1730263440.068424,0.54603789375,0.5461036145406248,0.5460707541453125,-6.572079062483471e-05
1730263441.071591,0.54603789375,0.5461036145406248,0.5460707541453125,-6.572079062483471e-05
1730263442.074805,0.54603789375,0.5461036145406248,0.5460707541453125,-6.572079062483471e-05
1730263443.078113,0.54603789375,0.5461036145406248,0.5460707541453125,-6.572079062483471e-05
1730263444.0813692,0.54603789375,0.5461036145406248,0.5460707541453125,-6.572079062483471e-05
1730263445.084464,0.54603789375,0.5460694762127589,0.5460536849813795,-3.158246275891674e-05
1730263446.0875552,0.54603789375,0.5460694762127589,0.5460536849813795,-3.158246275891674e-05
1730263447.090671,0.54603789375,0.5460694762127589,0.5460536849813795,-3.158246275891674e-05
1730263448.094079,0.54603789375,0.5460694762127589,0.5460536849813795,-3.158246275891674e-05
1730263449.097394,0.54603789375,0.5460694762127589,0.5460536849813795,-3.158246275891674e-05
1730263450.1005251,0.54603789375,0.5460694762127589,0.5460536849813795,-3.158246275891674e-05
1730263451.1035678,0.54603789375,0.5460694762127589,0.5460536849813795,-3.158246275891674e-05
1730263452.1067572,0.54603789375,0.5460694762127589,0.5460536849813795,-3.158246275891674e-05
1730263453.109926,0.54603789375,0.5460694762127589,0.5460536849813795,-3.158246275891674e-05
1730263454.113204,0.54603789375,0.5460694762127589,0.5460536849813795,-3.158246275891674e-05
1730263455.1166122,0.54603789375,0.5460694762127589,0.5460536849813795,-3.158246275891674e-05
1730263456.119803,0.5461015725,0.5461271038727741,0.5461143381863871,-2.5531372774056926e-05
1730263457.124182,0.5461015725,0.5461271038727741,0.5461143381863871,-2.5531372774056926e-05
1730263458.127584,0.5461015725,0.5461271038727741,0.5461143381863871,-2.5531372774056926e-05
1730263459.1311328,0.5461015725,0.5461271038727741,0.5461143381863871,-2.5531372774056926e-05
1730263460.134521,0.5461015725,0.5461271038727741,0.5461143381863871,-2.5531372774056926e-05
1730263461.137284,0.5461015725,0.5461271038727741,0.5461143381863871,-2.5531372774056926e-05
1730263462.140589,0.5460902987499999,0.5462076169553336,0.5461489578526668,-0.00011731820533367188
1730263463.1438348,0.5460902987499999,0.5462076169553336,0.5461489578526668,-0.00011731820533367188
1730263464.146965,0.5460902987499999,0.5462076169553336,0.5461489578526668,-0.00011731820533367188
1730263465.150054,0.5460902987499999,0.5462076169553336,0.5461489578526668,-0.00011731820533367188
1730263466.152503,0.5460902987499999,0.5462076169553336,0.5461489578526668,-0.00011731820533367188
1730263467.155647,0.5460902987499999,0.5462076169553336,0.5461489578526668,-0.00011731820533367188
1730263468.15886,0.54610982875,0.5462565947418996,0.5461832117459497,-0.00014676599189955564
1730263469.1622772,0.54610982875,0.5462565947418996,0.5461832117459497,-0.00014676599189955564
1730263470.165777,0.54610982875,0.5462565947418996,0.5461832117459497,-0.00014676599189955564
1730263471.168892,0.54610982875,0.5462565947418996,0.5461832117459497,-0.00014676599189955564
1730263472.173145,0.54610982875,0.5462565947418996,0.5461832117459497,-0.00014676599189955564
1730263473.177381,0.546184435,0.546251769083504,0.546218102041752,-6.733408350401149e-05
1730263474.181716,0.546184435,0.546251769083504,0.546218102041752,-6.733408350401149e-05
1730263475.185869,0.546184435,0.546251769083504,0.546218102041752,-6.733408350401149e-05
1730263476.189915,0.546184435,0.546251769083504,0.546218102041752,-6.733408350401149e-05
1730263477.19435,0.546184435,0.546251769083504,0.546218102041752,-6.733408350401149e-05
1730263478.198742,0.546184435,0.546251769083504,0.546218102041752,-6.733408350401149e-05
1730263479.202979,0.546184435,0.546251769083504,0.546218102041752,-6.733408350401149e-05
1730263480.2073169,0.5462047812499999,0.5464076185330538,0.5463061998915268,-0.00020283728305381388
1730263481.211779,0.5462047812499999,0.5464076185330538,0.5463061998915268,-0.00020283728305381388
1730263482.21605,0.5462047812499999,0.5464076185330538,0.5463061998915268,-0.00020283728305381388
1730263483.220051,0.5462047812499999,0.5464076185330538,0.5463061998915268,-0.00020283728305381388
1730263484.224319,0.5462047812499999,0.5464076185330538,0.5463061998915268,-0.00020283728305381388
1730263485.228698,0.5462047812499999,0.5464076185330538,0.5463061998915268,-0.00020283728305381388
1730263486.233075,0.5462047812499999,0.546414561128664,0.546309671189332,-0.00020977987866410697
1730263487.2375019,0.5462047812499999,0.546414561128664,0.546309671189332,-0.00020977987866410697
1730263488.2417212,0.5462047812499999,0.546414561128664,0.546309671189332,-0.00020977987866410697
1730263489.2459142,0.5462047812499999,0.546414561128664,0.546309671189332,-0.00020977987866410697
1730263490.2502542,0.5462047812499999,0.546414561128664,0.546309671189332,-0.00020977987866410697
1730263491.254261,0.5462047812499999,0.546414561128664,0.546309671189332,-0.00020977987866410697
1730263492.2583628,0.5462922,0.5464135613148604,0.5463528806574303,-0.00012136131486040203
1730263493.262451,0.5462922,0.5464135613148604,0.5463528806574303,-0.00012136131486040203
1730263494.266911,0.5462922,0.5464135613148604,0.5463528806574303,-0.00012136131486040203
1730263495.270899,0.5462922,0.5464135613148604,0.5463528806574303,-0.00012136131486040203
1730263496.27507,0.5462922,0.5464135613148604,0.5463528806574303,-0.00012136131486040203
1730263497.279389,0.5462922,0.5464135613148604,0.5463528806574303,-0.00012136131486040203
1730263498.283504,0.54625372625,0.5463786811448855,0.5463162036974427,-0.00012495489488550948
1730263499.287374,0.54625372625,0.5463786811448855,0.5463162036974427,-0.00012495489488550948
1730263500.2915468,0.54625372625,0.5463786811448855,0.5463162036974427,-0.00012495489488550948
1730263501.2960398,0.54625372625,0.5463786811448855,0.5463162036974427,-0.00012495489488550948
1730263502.299902,0.54625372625,0.5463786811448855,0.5463162036974427,-0.00012495489488550948
1730263503.303915,0.54625372625,0.5463734395296732,0.5463135828898367,-0.00011971327967319478
1730263504.3081641,0.54625372625,0.5463734395296732,0.5463135828898367,-0.00011971327967319478
1730263505.312303,0.54625372625,0.5463734395296732,0.5463135828898367,-0.00011971327967319478
1730263506.316475,0.54625372625,0.5463734395296732,0.5463135828898367,-0.00011971327967319478
1730263507.32035,0.54625372625,0.5463734395296732,0.5463135828898367,-0.00011971327967319478
1730263508.324352,0.54625372625,0.5463734395296732,0.5463135828898367,-0.00011971327967319478
1730263509.3287182,0.54625372625,0.5463734395296732,0.5463135828898367,-0.00011971327967319478
1730263510.332984,0.546301895,0.5463436267911316,0.5463227608955659,-4.1731791131538465e-05
1730263511.3367329,0.546301895,0.5463436267911316,0.5463227608955659,-4.1731791131538465e-05
1730263512.34093,0.546301895,0.5463436267911316,0.5463227608955659,-4.1731791131538465e-05
1730263513.345239,0.546301895,0.5463436267911316,0.5463227608955659,-4.1731791131538465e-05
1730263514.349579,0.546301895,0.5463436267911316,0.5463227608955659,-4.1731791131538465e-05
1730263515.3535922,0.546301895,0.5463436267911316,0.5463227608955659,-4.1731791131538465e-05
1730263516.357804,0.54634991625,0.5463059500926041,0.546327933171302,4.39661573958805e-05
1730263517.362349,0.54634991625,0.5463059500926041,0.546327933171302,4.39661573958805e-05
1730263518.36674,0.54634991625,0.5463059500926041,0.546327933171302,4.39661573958805e-05
1730263519.370809,0.54634991625,0.5463059500926041,0.546327933171302,4.39661573958805e-05
1730263520.374999,0.54634991625,0.5463059500926041,0.546327933171302,4.39661573958805e-05
1730263521.378943,0.54634991625,0.5461718954105039,0.5462609058302519,0.0001780208394960292
1730263522.383114,0.54634991625,0.5461718954105039,0.5462609058302519,0.0001780208394960292
1730263523.3871171,0.54634991625,0.5461718954105039,0.5462609058302519,0.0001780208394960292
1730263524.391238,0.54634991625,0.5461718954105039,0.5462609058302519,0.0001780208394960292
1730263525.395561,0.54634991625,0.5461718954105039,0.5462609058302519,0.0001780208394960292
1730263526.4000618,0.54634991625,0.5461718954105039,0.5462609058302519,0.0001780208394960292
1730263527.4041831,0.54631141125,0.546063865682546,0.5461876384662729,0.0002475455674540994
1730263528.4084852,0.54631141125,0.546063865682546,0.5461876384662729,0.0002475455674540994
1730263529.412805,0.54631141125,0.546063865682546,0.5461876384662729,0.0002475455674540994
1730263530.415763,0.54631141125,0.546063865682546,0.5461876384662729,0.0002475455674540994
1730263531.4186392,0.54631141125,0.546063865682546,0.5461876384662729,0.0002475455674540994
1730263532.422876,0.54631141125,0.546063865682546,0.5461876384662729,0.0002475455674540994
1730263533.427223,0.5461526662499999,0.5460076152418265,0.5460801407459133,0.00014505100817341354
1730263534.431682,0.5461526662499999,0.5460076152418265,0.5460801407459133,0.00014505100817341354
1730263535.435978,0.5461526662499999,0.5460076152418265,0.5460801407459133,0.00014505100817341354
1730263536.4402418,0.5461526662499999,0.5460076152418265,0.5460801407459133,0.00014505100817341354
1730263537.4445581,0.5461526662499999,0.5460076152418265,0.5460801407459133,0.00014505100817341354
1730263538.448853,0.5461526662499999,0.5460076152418265,0.5460801407459133,0.00014505100817341354
1730263539.452909,0.5461578475000001,0.5458667859577597,0.54601231672888,0.0002910615422403451
1730263540.457044,0.5461578475000001,0.5458667859577597,0.54601231672888,0.0002910615422403451
1730263541.46154,0.5461578475000001,0.5458667859577597,0.54601231672888,0.0002910615422403451
1730263542.466004,0.5461578475000001,0.5458667859577597,0.54601231672888,0.0002910615422403451
1730263543.4702,0.5461578475000001,0.5458667859577597,0.54601231672888,0.0002910615422403451
1730263544.474623,0.5461578475000001,0.5458667859577597,0.54601231672888,0.0002910615422403451
1730263545.478851,0.5461578462500001,0.5458793376438809,0.5460185919469405,0.000278508606119221
1730263546.483152,0.5461578462500001,0.5458793376438809,0.5460185919469405,0.000278508606119221
1730263547.4873018,0.5461578462500001,0.5458793376438809,0.5460185919469405,0.000278508606119221
1730263548.491553,0.5461578462500001,0.5458793376438809,0.5460185919469405,0.000278508606119221
1730263549.496317,0.5461578462500001,0.5458793376438809,0.5460185919469405,0.000278508606119221
1730263550.499391,0.5461526662499999,0.5458850033018505,0.5460188347759252,0.0002676629481493942
1730263551.503059,0.5461526662499999,0.5458850033018505,0.5460188347759252,0.0002676629481493942
1730263552.50719,0.5461526662499999,0.5458850033018505,0.5460188347759252,0.0002676629481493942
1730263553.51152,0.5461526662499999,0.5458850033018505,0.5460188347759252,0.0002676629481493942
1730263554.515795,0.5461526662499999,0.5458850033018505,0.5460188347759252,0.0002676629481493942
1730263555.519799,0.5461526662499999,0.5458850033018505,0.5460188347759252,0.0002676629481493942
1730263556.524112,0.5460001299999999,0.5458714389587879,0.545935784479394,0.00012869104121204789
1730263557.528339,0.5460001299999999,0.5458714389587879,0.545935784479394,0.00012869104121204789
1730263558.532532,0.5460001299999999,0.5458714389587879,0.545935784479394,0.00012869104121204789
1730263559.536839,0.5460001299999999,0.5458714389587879,0.545935784479394,0.00012869104121204789
1730263560.5432792,0.5460001299999999,0.5458714389587879,0.545935784479394,0.00012869104121204789
1730263561.54998,0.5460001299999999,0.5458714389587879,0.545935784479394,0.00012869104121204789
1730263562.5546591,0.5460001299999999,0.5458714389587879,0.545935784479394,0.00012869104121204789
1730263563.5587049,0.54594517625,0.5458411514576221,0.5458931638538111,0.0001040247923779214
1730263564.562974,0.54594517625,0.5458411514576221,0.5458931638538111,0.0001040247923779214
1730263565.567273,0.54594517625,0.5458411514576221,0.5458931638538111,0.0001040247923779214
1730263566.571316,0.54594517625,0.5458411514576221,0.5458931638538111,0.0001040247923779214
1730263567.57566,0.54594517625,0.5458411514576221,0.5458931638538111,0.0001040247923779214
1730263568.579489,0.54594517625,0.5458411514576221,0.5458931638538111,0.0001040247923779214
1730263569.583893,0.54594517625,0.5458411514576221,0.5458931638538111,0.0001040247923779214
1730263570.588104,0.54594517625,0.5458411514576221,0.5458931638538111,0.0001040247923779214
1730263571.592365,0.54593159875,0.5457582757400514,0.5458449372450257,0.000173323009948545
1730263572.5966752,0.54593159875,0.5457582757400514,0.5458449372450257,0.000173323009948545
1730263573.600965,0.54593159875,0.5457582757400514,0.5458449372450257,0.000173323009948545
1730263574.605139,0.54593159875,0.5457582757400514,0.5458449372450257,0.000173323009948545
1730263575.609344,0.54593159875,0.5457582757400514,0.5458449372450257,0.000173323009948545
1730263576.6137972,0.54593159875,0.5457582757400514,0.5458449372450257,0.000173323009948545
1730263577.618111,0.54593159875,0.5457582757400514,0.5458449372450257,0.000173323009948545
1730263578.62255,0.54593159875,0.5457582757400514,0.5458449372450257,0.000173323009948545
1730263579.627006,0.54593159875,0.545723712463726,0.545827655606863,0.00020788628627399497
1730263580.631344,0.54593159875,0.545723712463726,0.545827655606863,0.00020788628627399497
1730263581.635509,0.54593159875,0.545723712463726,0.545827655606863,0.00020788628627399497
1730263582.639603,0.54593159875,0.545723712463726,0.545827655606863,0.00020788628627399497
1730263583.644125,0.54593159875,0.545723712463726,0.545827655606863,0.00020788628627399497
1730263584.648433,0.54593159875,0.545723712463726,0.545827655606863,0.00020788628627399497
1730263585.652559,0.54590550625,0.5457286377500272,0.5458170720000136,0.0001768684999727821
1730263586.656843,0.54590550625,0.5457286377500272,0.5458170720000136,0.0001768684999727821
1730263587.6611352,0.54590550625,0.5457286377500272,0.5458170720000136,0.0001768684999727821
1730263588.665508,0.54590550625,0.5457286377500272,0.5458170720000136,0.0001768684999727821
1730263589.669812,0.54590550625,0.5457286377500272,0.5458170720000136,0.0001768684999727821
1730263590.6741078,0.54590550625,0.5457286377500272,0.5458170720000136,0.0001768684999727821
1730263591.6788359,0.54590550625,0.5457286377500272,0.5458170720000136,0.0001768684999727821
1730263592.6830678,0.54590550625,0.5457286377500272,0.5458170720000136,0.0001768684999727821
1730263593.6872551,0.54590550625,0.5457286377500272,0.5458170720000136,0.0001768684999727821
1730263594.691433,0.54590549875,0.5457452970891573,0.5458253979195786,0.00016020166084274035
1730263595.695488,0.54590549875,0.5457452970891573,0.5458253979195786,0.00016020166084274035
1730263596.6997042,0.54590549875,0.5457452970891573,0.5458253979195786,0.00016020166084274035
1730263597.703949,0.54590549875,0.5457452970891573,0.5458253979195786,0.00016020166084274035
1730263598.708147,0.5458960175,0.5457809102945661,0.5458384638972831,0.00011510720543395081
1730263599.712411,0.5458960175,0.5457809102945661,0.5458384638972831,0.00011510720543395081
1730263600.7166889,0.5458960175,0.5457809102945661,0.5458384638972831,0.00011510720543395081
1730263601.72062,0.5458960175,0.5457809102945661,0.5458384638972831,0.00011510720543395081
1730263602.724483,0.5458960175,0.5457809102945661,0.5458384638972831,0.00011510720543395081
1730263603.728728,0.5458960175,0.5457193453534475,0.5458076814267238,0.00017667214655259222
1730263604.732961,0.5458960175,0.5457193453534475,0.5458076814267238,0.00017667214655259222
1730263605.73722,0.5458960175,0.5457193453534475,0.5458076814267238,0.00017667214655259222
1730263606.7415092,0.5458960175,0.5457193453534475,0.5458076814267238,0.00017667214655259222
1730263607.7462988,0.5458960175,0.5457193453534475,0.5458076814267238,0.00017667214655259222
1730263608.750669,0.5458960175,0.5457193453534475,0.5458076814267238,0.00017667214655259222
1730263609.7548952,0.5459531175,0.5456747168806654,0.5458139171903327,0.0002784006193345956
1730263610.759202,0.5459531175,0.5456747168806654,0.5458139171903327,0.0002784006193345956
1730263611.763308,0.5459531175,0.5456747168806654,0.5458139171903327,0.0002784006193345956
1730263612.767353,0.5459531175,0.5456747168806654,0.5458139171903327,0.0002784006193345956
1730263613.7715762,0.5459531175,0.5456747168806654,0.5458139171903327,0.0002784006193345956
1730263614.775761,0.5459531175,0.5456747168806654,0.5458139171903327,0.0002784006193345956
1730263615.780291,0.5459531175,0.5456747168806654,0.5458139171903327,0.0002784006193345956
1730263616.7847838,0.5459526499999999,0.5456076133454493,0.5457801316727247,0.0003450366545506567
1730263617.788762,0.5459526499999999,0.5456076133454493,0.5457801316727247,0.0003450366545506567
1730263618.792973,0.5459526499999999,0.5456076133454493,0.5457801316727247,0.0003450366545506567
1730263619.797306,0.5459526499999999,0.5456076133454493,0.5457801316727247,0.0003450366545506567
1730263620.801518,0.5459526499999999,0.5456076133454493,0.5457801316727247,0.0003450366545506567
1730263621.805717,0.5459526499999999,0.5456076133454493,0.5457801316727247,0.0003450366545506567
1730263622.8099892,0.54567498125,0.5456076133454493,0.5456412972977247,6.736790455075248e-05
1730263623.814713,0.54567498125,0.5456076133454493,0.5456412972977247,6.736790455075248e-05
1730263624.8187652,0.54567498125,0.5456076133454493,0.5456412972977247,6.736790455075248e-05
1730263625.822859,0.54567498125,0.5456076133454493,0.5456412972977247,6.736790455075248e-05
1730263626.82713,0.54567498125,0.5456076133454493,0.5456412972977247,6.736790455075248e-05
1730263627.8314,0.54567498125,0.5456076133454493,0.5456412972977247,6.736790455075248e-05
1730263628.835466,0.54567498125,0.5456076133454493,0.5456412972977247,6.736790455075248e-05
1730263629.839582,0.54562464125,0.5456076133454493,0.5456161272977247,1.70279045507149e-05
1730263630.8440242,0.54562464125,0.5456076133454493,0.5456161272977247,1.70279045507149e-05
1730263631.848501,0.54562464125,0.5456076133454493,0.5456161272977247,1.70279045507149e-05
1730263632.852552,0.54562464125,0.5456076133454493,0.5456161272977247,1.70279045507149e-05
1730263633.8568718,0.54562464125,0.5456076133454493,0.5456161272977247,1.70279045507149e-05
1730263634.8611908,0.545637665,0.5455700961075568,0.5456038805537784,6.756889244319275e-05
1730263635.865453,0.545637665,0.5455700961075568,0.5456038805537784,6.756889244319275e-05
1730263636.869469,0.545637665,0.5455700961075568,0.5456038805537784,6.756889244319275e-05
1730263637.873783,0.545637665,0.5455700961075568,0.5456038805537784,6.756889244319275e-05
1730263638.878143,0.545637665,0.5455700961075568,0.5456038805537784,6.756889244319275e-05
1730263639.883456,0.545637665,0.5455700961075568,0.5456038805537784,6.756889244319275e-05
1730263640.888183,0.545637665,0.5455700961075568,0.5456038805537784,6.756889244319275e-05
1730263641.8919308,0.545637665,0.5455700961075568,0.5456038805537784,6.756889244319275e-05
1730263642.895493,0.545637665,0.5455700961075568,0.5456038805537784,6.756889244319275e-05
1730263643.899822,0.545637665,0.5455643049414493,0.5456009849707246,7.336005855074212e-05
1730263644.906066,0.545637665,0.5455643049414493,0.5456009849707246,7.336005855074212e-05
1730263645.910552,0.545637665,0.5455643049414493,0.5456009849707246,7.336005855074212e-05
1730263646.915066,0.545637665,0.5455643049414493,0.5456009849707246,7.336005855074212e-05
1730263647.919321,0.545637665,0.5455643049414493,0.5456009849707246,7.336005855074212e-05
1730263648.923554,0.54566423125,0.5454742789094789,0.5455692550797394,0.00018995234052110455
1730263649.927871,0.54566423125,0.5454742789094789,0.5455692550797394,0.00018995234052110455
1730263650.931979,0.54566423125,0.5454742789094789,0.5455692550797394,0.00018995234052110455
1730263651.9356968,0.54566423125,0.5454742789094789,0.5455692550797394,0.00018995234052110455
1730263652.939751,0.54566423125,0.5454742789094789,0.5455692550797394,0.00018995234052110455
1730263653.9439201,0.54566423125,0.5454742789094789,0.5455692550797394,0.00018995234052110455
1730263654.9484391,0.54566423125,0.5454742789094789,0.5455692550797394,0.00018995234052110455
1730263655.952631,0.5455531299999999,0.5454765055157346,0.5455148177578673,7.662448426537516e-05
1730263656.9569762,0.5455531299999999,0.5454765055157346,0.5455148177578673,7.662448426537516e-05
1730263657.961288,0.5455531299999999,0.5454765055157346,0.5455148177578673,7.662448426537516e-05
1730263658.965486,0.5455531299999999,0.5454765055157346,0.5455148177578673,7.662448426537516e-05
1730263659.96948,0.5455531299999999,0.5454765055157346,0.5455148177578673,7.662448426537516e-05
1730263660.973831,0.5455531299999999,0.5454765055157346,0.5455148177578673,7.662448426537516e-05
1730263661.9783418,0.5455531299999999,0.5454765055157346,0.5455148177578673,7.662448426537516e-05
1730263662.982752,0.5455531299999999,0.5454765055157346,0.5455148177578673,7.662448426537516e-05
1730263663.9869618,0.5455531299999999,0.5454765055157346,0.5455148177578673,7.662448426537516e-05
1730263664.991164,0.5456467150000001,0.5455070632728278,0.5455768891364139,0.00013965172717222973
1730263665.995532,0.5456467150000001,0.5455070632728278,0.5455768891364139,0.00013965172717222973
1730263667.000006,0.5456467150000001,0.5455070632728278,0.5455768891364139,0.00013965172717222973
1730263668.0040178,0.5456467150000001,0.5455070632728278,0.5455768891364139,0.00013965172717222973
1730263669.008215,0.5456467150000001,0.5455070632728278,0.5455768891364139,0.00013965172717222973
1730263670.012233,0.5456467150000001,0.5455070632728278,0.5455768891364139,0.00013965172717222973
1730263671.0163379,0.5456551000000001,0.5454791024581259,0.545567101229063,0.00017599754187413996
1730263672.021208,0.5456551000000001,0.5454791024581259,0.545567101229063,0.00017599754187413996
1730263673.0256279,0.5456551000000001,0.5454791024581259,0.545567101229063,0.00017599754187413996
1730263674.029918,0.5456551000000001,0.5454791024581259,0.545567101229063,0.00017599754187413996
1730263675.0343838,0.5456551000000001,0.5454791024581259,0.545567101229063,0.00017599754187413996
1730263676.0387032,0.5456551000000001,0.5454791024581259,0.545567101229063,0.00017599754187413996
1730263677.042811,0.5456551000000001,0.5454791024581259,0.545567101229063,0.00017599754187413996
1730263678.0471911,0.5456551000000001,0.5454724746928417,0.5455637873464209,0.00018262530715840164
1730263679.051373,0.5456551000000001,0.5454724746928417,0.5455637873464209,0.00018262530715840164
1730263680.055618,0.5456551000000001,0.5454724746928417,0.5455637873464209,0.00018262530715840164
1730263681.060076,0.5456551000000001,0.5454724746928417,0.5455637873464209,0.00018262530715840164
1730263682.064488,0.5456551000000001,0.5454724746928417,0.5455637873464209,0.00018262530715840164
1730263683.068644,0.54565575625,0.5454586649053482,0.545557210577674,0.00019709134465173417
1730263684.0729349,0.54565575625,0.5454586649053482,0.545557210577674,0.00019709134465173417
1730263685.077246,0.54565575625,0.5454586649053482,0.545557210577674,0.00019709134465173417
1730263686.0813608,0.54565575625,0.5454586649053482,0.545557210577674,0.00019709134465173417
1730263687.0854158,0.54565575625,0.5454586649053482,0.545557210577674,0.00019709134465173417
1730263688.089663,0.54565575625,0.545454137636644,0.545554946943322,0.00020161861335599163
1730263689.094094,0.54565575625,0.545454137636644,0.545554946943322,0.00020161861335599163
1730263690.098575,0.54565575625,0.545454137636644,0.545554946943322,0.00020161861335599163
1730263691.102576,0.54565575625,0.545454137636644,0.545554946943322,0.00020161861335599163
1730263692.106747,0.54565575625,0.545454137636644,0.545554946943322,0.00020161861335599163
1730263693.11097,0.54554444375,0.5454521298850223,0.5454982868175111,9.231386497765559e-05
1730263694.11522,0.54554444375,0.5454521298850223,0.5454982868175111,9.231386497765559e-05
1730263695.119144,0.54554444375,0.5454521298850223,0.5454982868175111,9.231386497765559e-05
1730263696.123285,0.54554444375,0.5454521298850223,0.5454982868175111,9.231386497765559e-05
1730263697.127681,0.54554444375,0.5454521298850223,0.5454982868175111,9.231386497765559e-05
1730263698.1321,0.54554444375,0.5454521298850223,0.5454982868175111,9.231386497765559e-05
1730263699.135962,0.5455866149999999,0.5454755552603017,0.5455310851301508,0.00011105973969827154
1730263700.139014,0.5455866149999999,0.5454755552603017,0.5455310851301508,0.00011105973969827154
1730263701.143161,0.5455866149999999,0.5454755552603017,0.5455310851301508,0.00011105973969827154
1730263702.148087,0.5455866149999999,0.5454755552603017,0.5455310851301508,0.00011105973969827154
1730263703.152425,0.5455866149999999,0.5454755552603017,0.5455310851301508,0.00011105973969827154
1730263704.1574001,0.5455866149999999,0.5454755552603017,0.5455310851301508,0.00011105973969827154
1730263705.161951,0.5455866149999999,0.5454755552603017,0.5455310851301508,0.00011105973969827154
1730263706.1661792,0.5455866149999999,0.5454755552603017,0.5455310851301508,0.00011105973969827154
1730263707.1710742,0.5455866149999999,0.5454755552603017,0.5455310851301508,0.00011105973969827154
1730263708.175201,0.54555942875,0.5454719630911012,0.5455156959205506,8.746565889872215e-05
1730263709.179557,0.54555942875,0.5454719630911012,0.5455156959205506,8.746565889872215e-05
1730263710.183897,0.54555942875,0.5454719630911012,0.5455156959205506,8.746565889872215e-05
1730263711.188019,0.54555942875,0.5454719630911012,0.5455156959205506,8.746565889872215e-05
1730263712.192269,0.54555942875,0.5454719630911012,0.5455156959205506,8.746565889872215e-05
1730263713.196751,0.54555942875,0.5454719630911012,0.5455156959205506,8.746565889872215e-05
1730263714.200881,0.54555942875,0.5454719630911012,0.5455156959205506,8.746565889872215e-05
1730263715.204994,0.5455697825,0.5420729649690694,0.5438213737345348,0.0034968175309305627
1730263716.2091022,0.5455697825,0.5420729649690694,0.5438213737345348,0.0034968175309305627
1730263717.21321,0.5455697825,0.5420729649690694,0.5438213737345348,0.0034968175309305627
1730263718.217448,0.5455697825,0.5420729649690694,0.5438213737345348,0.0034968175309305627
1730263719.2216902,0.5455697825,0.5420729649690694,0.5438213737345348,0.0034968175309305627
1730263720.2257001,0.5455697825,0.5420729649690694,0.5438213737345348,0.0034968175309305627
1730263721.230071,0.5455697825,0.5420729649690694,0.5438213737345348,0.0034968175309305627
1730263722.234304,0.5455697825,0.5420729649690694,0.5438213737345348,0.0034968175309305627
1730263723.2385972,0.5455697825,0.5420729649690694,0.5438213737345348,0.0034968175309305627
1730263724.242955,0.5455697825,0.5420729649690694,0.5438213737345348,0.0034968175309305627
1730263725.247273,0.5455697825,0.5420729649690694,0.5438213737345348,0.0034968175309305627
1730263726.251322,0.54553906625,0.545474751168793,0.5455069087093964,6.431508120707807e-05
1730263727.2555678,0.54553906625,0.545474751168793,0.5455069087093964,6.431508120707807e-05
1730263728.259913,0.54553906625,0.545474751168793,0.5455069087093964,6.431508120707807e-05
1730263729.264147,0.54553906625,0.545474751168793,0.5455069087093964,6.431508120707807e-05
1730263730.26815,0.54553906625,0.545474751168793,0.5455069087093964,6.431508120707807e-05
1730263731.2717812,0.54553906625,0.545474751168793,0.5455069087093964,6.431508120707807e-05
1730263732.276243,0.54547053375,0.5454757097516293,0.5454731217508146,-5.176001629303428e-06
1730263733.2806752,0.54547053375,0.5454757097516293,0.5454731217508146,-5.176001629303428e-06
1730263734.284918,0.54547053375,0.5454757097516293,0.5454731217508146,-5.176001629303428e-06
1730263735.289205,0.54547053375,0.5454757097516293,0.5454731217508146,-5.176001629303428e-06
1730263736.293626,0.54547053375,0.5454757097516293,0.5454731217508146,-5.176001629303428e-06
1730263737.2979782,0.54547053375,0.5454757097516293,0.5454731217508146,-5.176001629303428e-06
1730263738.302321,0.54571078625,0.5455213826970424,0.5456160844735212,0.00018940355295760103
1730263739.306481,0.54571078625,0.5455213826970424,0.5456160844735212,0.00018940355295760103
1730263740.310737,0.54571078625,0.5455213826970424,0.5456160844735212,0.00018940355295760103
1730263741.3148348,0.54571078625,0.5455213826970424,0.5456160844735212,0.00018940355295760103
1730263742.318859,0.54571078625,0.5455213826970424,0.5456160844735212,0.00018940355295760103
1730263743.3237498,0.54571078625,0.5455213826970424,0.5456160844735212,0.00018940355295760103
1730263744.3284009,0.5455279749999999,0.5455647177671646,0.5455463463835823,-3.674276716469915e-05
1730263745.332891,0.5455279749999999,0.5455647177671646,0.5455463463835823,-3.674276716469915e-05
1730263746.337045,0.5455279749999999,0.5455647177671646,0.5455463463835823,-3.674276716469915e-05
1730263747.3414001,0.5455279749999999,0.5455647177671646,0.5455463463835823,-3.674276716469915e-05
1730263748.3454988,0.5455279749999999,0.5455647177671646,0.5455463463835823,-3.674276716469915e-05
1730263749.349727,0.5455279749999999,0.5455647177671646,0.5455463463835823,-3.674276716469915e-05
1730263750.3539479,0.54553886875,0.5455823513636235,0.5455606100568118,-4.348261362352446e-05
1730263751.3574479,0.54553886875,0.5455823513636235,0.5455606100568118,-4.348261362352446e-05
1730263752.361762,0.54553886875,0.5455823513636235,0.5455606100568118,-4.348261362352446e-05
1730263753.3660018,0.54553886875,0.5455823513636235,0.5455606100568118,-4.348261362352446e-05
1730263754.370112,0.54553886875,0.5455823513636235,0.5455606100568118,-4.348261362352446e-05
1730263755.3743591,0.54553886875,0.5455823513636235,0.5455606100568118,-4.348261362352446e-05
1730263756.3786528,0.54557999375,0.5456101874826674,0.5455950906163337,-3.019373266743841e-05
1730263757.382947,0.54557999375,0.5456101874826674,0.5455950906163337,-3.019373266743841e-05
1730263758.387106,0.54557999375,0.5456101874826674,0.5455950906163337,-3.019373266743841e-05
1730263759.391348,0.54557999375,0.5456101874826674,0.5455950906163337,-3.019373266743841e-05
1730263760.39572,0.54557999375,0.5456101874826674,0.5455950906163337,-3.019373266743841e-05
1730263761.398724,0.54557999375,0.5455645413723991,0.5455722675611996,1.5452377600921885e-05
1730263762.402657,0.54557999375,0.5455645413723991,0.5455722675611996,1.5452377600921885e-05
1730263763.406943,0.54557999375,0.5455645413723991,0.5455722675611996,1.5452377600921885e-05
1730263764.4112608,0.54557999375,0.5455645413723991,0.5455722675611996,1.5452377600921885e-05
1730263765.415622,0.54557999375,0.5455645413723991,0.5455722675611996,1.5452377600921885e-05
1730263766.419658,0.54557999375,0.5455645413723991,0.5455722675611996,1.5452377600921885e-05
1730263767.423829,0.54553867,0.5455758640693696,0.5455572670346849,-3.7194069369639315e-05
1730263768.429085,0.54553867,0.5455758640693696,0.5455572670346849,-3.7194069369639315e-05
1730263769.43332,0.54553867,0.5455758640693696,0.5455572670346849,-3.7194069369639315e-05
1730263770.437561,0.54553867,0.5455758640693696,0.5455572670346849,-3.7194069369639315e-05
1730263771.441555,0.54553867,0.5455758640693696,0.5455572670346849,-3.7194069369639315e-05
1730263772.445769,0.54553867,0.5455758640693696,0.5455572670346849,-3.7194069369639315e-05
1730263773.450065,0.54553867,0.5455758640693696,0.5455572670346849,-3.7194069369639315e-05
1730263774.454117,0.54553867,0.5455758640693696,0.5455572670346849,-3.7194069369639315e-05
1730263775.4583108,0.54553867,0.5455758640693696,0.5455572670346849,-3.7194069369639315e-05
1730263776.462738,0.5455676225,0.5455844892183529,0.5455760558591765,-1.686671835288145e-05
1730263777.467094,0.5455676225,0.5455844892183529,0.5455760558591765,-1.686671835288145e-05
1730263778.4714508,0.5455676225,0.5455844892183529,0.5455760558591765,-1.686671835288145e-05
1730263779.475691,0.5455676225,0.5455844892183529,0.5455760558591765,-1.686671835288145e-05
1730263780.479848,0.5455676225,0.5455844892183529,0.5455760558591765,-1.686671835288145e-05
1730263781.4828448,0.5455676225,0.5455844892183529,0.5455760558591765,-1.686671835288145e-05
1730263782.487045,0.545498905,0.5454769060151674,0.5454879055075836,2.19989848325719e-05
1730263783.4914072,0.545498905,0.5454769060151674,0.5454879055075836,2.19989848325719e-05
1730263784.4958348,0.545498905,0.5454769060151674,0.5454879055075836,2.19989848325719e-05
1730263785.500118,0.545498905,0.5454769060151674,0.5454879055075836,2.19989848325719e-05
1730263786.5044422,0.545498905,0.5454769060151674,0.5454879055075836,2.19989848325719e-05
1730263787.508755,0.545498905,0.5454769060151674,0.5454879055075836,2.19989848325719e-05
1730263788.513099,0.545498905,0.5454769060151674,0.5454879055075836,2.19989848325719e-05
1730263789.5171862,0.545498905,0.5454769060151674,0.5454879055075836,2.19989848325719e-05
1730263790.5211751,0.545498905,0.5454769060151674,0.5454879055075836,2.19989848325719e-05
1730263791.524251,0.545498905,0.5454769060151674,0.5454879055075836,2.19989848325719e-05
1730263792.528516,0.54552085625,0.5454633548151799,0.54549210553259,5.7501434820084185e-05
1730263793.5362291,0.54552085625,0.5454633548151799,0.54549210553259,5.7501434820084185e-05
1730263794.540939,0.54552085625,0.5454633548151799,0.54549210553259,5.7501434820084185e-05
1730263795.545353,0.54552085625,0.5454633548151799,0.54549210553259,5.7501434820084185e-05
1730263796.5495622,0.54552085625,0.5454633548151799,0.54549210553259,5.7501434820084185e-05
1730263797.5536242,0.54552085625,0.5454633548151799,0.54549210553259,5.7501434820084185e-05
1730263798.5579252,0.54552085625,0.5454633548151799,0.54549210553259,5.7501434820084185e-05
1730263799.56227,0.54552085625,0.5454633548151799,0.54549210553259,5.7501434820084185e-05
1730263800.566615,0.54552085625,0.5454633548151799,0.54549210553259,5.7501434820084185e-05
1730263801.570975,0.545515895,0.5454694323886583,0.5454926636943291,4.646261134166885e-05
1730263802.575367,0.545515895,0.5454694323886583,0.5454926636943291,4.646261134166885e-05
1730263803.579916,0.545515895,0.5454694323886583,0.5454926636943291,4.646261134166885e-05
1730263804.5843,0.545515895,0.5454694323886583,0.5454926636943291,4.646261134166885e-05
1730263805.5894778,0.545515895,0.5454694323886583,0.5454926636943291,4.646261134166885e-05
1730263806.594272,0.545515895,0.5454694323886583,0.5454926636943291,4.646261134166885e-05
1730263807.598659,0.5455158925,0.5454108707213463,0.5454633816106731,0.00010502177865368001
1730263808.60284,0.5455158925,0.5454108707213463,0.5454633816106731,0.00010502177865368001
1730263809.607046,0.5455158925,0.5454108707213463,0.5454633816106731,0.00010502177865368001
1730263810.6115909,0.5455158925,0.5454108707213463,0.5454633816106731,0.00010502177865368001
1730263811.615659,0.5455158925,0.5454108707213463,0.5454633816106731,0.00010502177865368001
1730263812.61989,0.54547946,0.5454141393385916,0.5454467996692958,6.532066140840787e-05
1730263813.624285,0.54547946,0.5454141393385916,0.5454467996692958,6.532066140840787e-05
1730263814.628584,0.54547946,0.5454141393385916,0.5454467996692958,6.532066140840787e-05
1730263815.6328661,0.54547946,0.5454141393385916,0.5454467996692958,6.532066140840787e-05
1730263816.637132,0.54547946,0.5454141393385916,0.5454467996692958,6.532066140840787e-05
1730263817.641011,0.54547946,0.5454141393385916,0.5454467996692958,6.532066140840787e-05
1730263818.645516,0.5454710175,0.5453908525730593,0.5454309350365296,8.016492694074007e-05
1730263819.649869,0.5454710175,0.5453908525730593,0.5454309350365296,8.016492694074007e-05
1730263820.6541572,0.5454710175,0.5453908525730593,0.5454309350365296,8.016492694074007e-05
1730263821.657998,0.5454710175,0.5453908525730593,0.5454309350365296,8.016492694074007e-05
1730263822.662223,0.5454710175,0.5453908525730593,0.5454309350365296,8.016492694074007e-05
1730263823.666476,0.5454710175,0.5453908525730593,0.5454309350365296,8.016492694074007e-05
1730263824.67068,0.5454710175,0.5453908525730593,0.5454309350365296,8.016492694074007e-05
1730263825.6750798,0.5454710175,0.5453705954372986,0.5454208064686493,0.00010042206270144405
1730263826.679929,0.5454710175,0.5453705954372986,0.5454208064686493,0.00010042206270144405
1730263827.6841118,0.5454710175,0.5453705954372986,0.5454208064686493,0.00010042206270144405
1730263828.688355,0.5454710175,0.5453705954372986,0.5454208064686493,0.00010042206270144405
1730263829.692666,0.5454710175,0.5453705954372986,0.5454208064686493,0.00010042206270144405
1730263830.6968598,0.5454710175,0.5453705954372986,0.5454208064686493,0.00010042206270144405
1730263831.700578,0.5454710175,0.5453705954372986,0.5454208064686493,0.00010042206270144405
1730263832.7048142,0.5454710175,0.5453069432375189,0.5453889803687595,0.00016407426248110646
1730263833.709405,0.5454710175,0.5453069432375189,0.5453889803687595,0.00016407426248110646
1730263834.713875,0.5454710175,0.5453069432375189,0.5453889803687595,0.00016407426248110646
1730263835.7179992,0.5454710175,0.5453069432375189,0.5453889803687595,0.00016407426248110646
1730263836.7222111,0.5454710175,0.5453069432375189,0.5453889803687595,0.00016407426248110646
1730263837.7265332,0.5454710175,0.5453069432375189,0.5453889803687595,0.00016407426248110646
1730263838.730847,0.5454710175,0.5453069432375189,0.5453889803687595,0.00016407426248110646
1730263839.73476,0.5454710175,0.5453069432375189,0.5453889803687595,0.00016407426248110646
1730263840.739018,0.5454710175,0.5453069432375189,0.5453889803687595,0.00016407426248110646
1730263841.743561,0.54546374875,0.5452827389587115,0.5453732438543557,0.00018100979128854444
1730263842.747971,0.54546374875,0.5452827389587115,0.5453732438543557,0.00018100979128854444
1730263843.7521112,0.54546374875,0.5452827389587115,0.5453732438543557,0.00018100979128854444
1730263844.756447,0.54546374875,0.5452827389587115,0.5453732438543557,0.00018100979128854444
1730263845.761152,0.54546374875,0.5452827389587115,0.5453732438543557,0.00018100979128854444
1730263846.765185,0.54546374875,0.5452827389587115,0.5453732438543557,0.00018100979128854444
1730263847.768163,0.54546374875,0.5452827389587115,0.5453732438543557,0.00018100979128854444
1730263848.7724009,0.54546374875,0.5452827389587115,0.5453732438543557,0.00018100979128854444
1730263849.776753,0.54546889375,0.5452922973210975,0.5453805955355487,0.00017659642890244243
1730263850.7813718,0.54546889375,0.5452922973210975,0.5453805955355487,0.00017659642890244243
1730263851.785446,0.54546889375,0.5452922973210975,0.5453805955355487,0.00017659642890244243
1730263852.789643,0.54546889375,0.5452922973210975,0.5453805955355487,0.00017659642890244243
1730263853.7940302,0.54546889375,0.5452922973210975,0.5453805955355487,0.00017659642890244243
1730263854.7983701,0.54546889375,0.5452922973210975,0.5453805955355487,0.00017659642890244243
1730263855.8024871,0.54546889375,0.5452998987898751,0.5453843962699375,0.0001689949601249019
1730263856.806689,0.54546889375,0.5452998987898751,0.5453843962699375,0.0001689949601249019
1730263857.811085,0.54546889375,0.5452998987898751,0.5453843962699375,0.0001689949601249019
1730263858.8154502,0.54546889375,0.5452998987898751,0.5453843962699375,0.0001689949601249019
1730263859.819634,0.54546889375,0.5452998987898751,0.5453843962699375,0.0001689949601249019
1730263860.823752,0.54546889375,0.5452998987898751,0.5453843962699375,0.0001689949601249019
1730263861.827774,0.54546889375,0.5452998987898751,0.5453843962699375,0.0001689949601249019
1730263862.8326972,0.5455828575,0.545407608741902,0.545495233120951,0.00017524875809804552
1730263863.837495,0.5455828575,0.545407608741902,0.545495233120951,0.00017524875809804552
1730263864.841759,0.5455828575,0.545407608741902,0.545495233120951,0.00017524875809804552
1730263865.846213,0.5455828575,0.545407608741902,0.545495233120951,0.00017524875809804552
1730263866.850349,0.5455828575,0.545407608741902,0.545495233120951,0.00017524875809804552
1730263867.8545651,0.545563535,0.5456170055340571,0.5455902702670286,-5.347053405713176e-05
1730263868.858826,0.545563535,0.5456170055340571,0.5455902702670286,-5.347053405713176e-05
1730263869.8628569,0.545563535,0.5456170055340571,0.5455902702670286,-5.347053405713176e-05
1730263870.866827,0.545563535,0.5456170055340571,0.5455902702670286,-5.347053405713176e-05
1730263871.870754,0.545563535,0.5456170055340571,0.5455902702670286,-5.347053405713176e-05
1730263872.874859,0.545563535,0.5456170055340571,0.5455902702670286,-5.347053405713176e-05
1730263873.879288,0.5455712025,0.545522042008726,0.545546622254363,4.9160491274014007e-05
1730263874.883435,0.5455712025,0.545522042008726,0.545546622254363,4.9160491274014007e-05
1730263875.887607,0.5455712025,0.545522042008726,0.545546622254363,4.9160491274014007e-05
1730263876.8917918,0.5455712025,0.545522042008726,0.545546622254363,4.9160491274014007e-05
1730263877.896048,0.5455712025,0.545522042008726,0.545546622254363,4.9160491274014007e-05
1730263878.902173,0.54583366375,0.5454167900433562,0.5456252268966781,0.0004168737066437833
1730263879.906608,0.54583366375,0.5454167900433562,0.5456252268966781,0.0004168737066437833
1730263880.911199,0.54583366375,0.5454167900433562,0.5456252268966781,0.0004168737066437833
1730263881.915784,0.54583366375,0.5454167900433562,0.5456252268966781,0.0004168737066437833
1730263882.9196942,0.54583366375,0.5454167900433562,0.5456252268966781,0.0004168737066437833
1730263883.923947,0.54583366375,0.5454167900433562,0.5456252268966781,0.0004168737066437833
1730263884.928214,0.54583366375,0.5454167900433562,0.5456252268966781,0.0004168737066437833
1730263885.932489,0.54551479375,0.5453715725112885,0.5454431831306443,0.0001432212387114662
1730263886.9366028,0.54551479375,0.5453715725112885,0.5454431831306443,0.0001432212387114662
1730263887.9408278,0.54551479375,0.5453715725112885,0.5454431831306443,0.0001432212387114662
1730263888.945314,0.54551479375,0.5453715725112885,0.5454431831306443,0.0001432212387114662
1730263889.949551,0.54551479375,0.5453715725112885,0.5454431831306443,0.0001432212387114662
1730263890.953718,0.54551479375,0.5453715725112885,0.5454431831306443,0.0001432212387114662
1730263891.957663,0.54544335,0.5453590674416704,0.5454012087208352,8.428255832959586e-05
1730263892.961868,0.54544335,0.5453590674416704,0.5454012087208352,8.428255832959586e-05
1730263893.965339,0.54544335,0.5453590674416704,0.5454012087208352,8.428255832959586e-05
1730263894.969432,0.54544335,0.5453590674416704,0.5454012087208352,8.428255832959586e-05
1730263895.973591,0.54544335,0.5453590674416704,0.5454012087208352,8.428255832959586e-05
1730263896.977817,0.54544335,0.5453590674416704,0.5454012087208352,8.428255832959586e-05
1730263897.982213,0.54544335,0.5453590674416704,0.5454012087208352,8.428255832959586e-05
1730263898.986381,0.54544335,0.5453590674416704,0.5454012087208352,8.428255832959586e-05
1730263899.990804,0.54544335,0.545349465170816,0.545396407585408,9.388482918404328e-05
1730263900.995098,0.54544335,0.545349465170816,0.545396407585408,9.388482918404328e-05
1730263901.99882,0.54544335,0.545349465170816,0.545396407585408,9.388482918404328e-05
1730263903.00301,0.54544335,0.545349465170816,0.545396407585408,9.388482918404328e-05
1730263904.0072918,0.54544335,0.545349465170816,0.545396407585408,9.388482918404328e-05
1730263905.011776,0.54544335,0.545349465170816,0.545396407585408,9.388482918404328e-05
1730263906.015987,0.54544335,0.545349465170816,0.545396407585408,9.388482918404328e-05
1730263907.020436,0.545435285,0.5452712102135372,0.5453532476067686,0.00016407478646285334
1730263908.0249689,0.545435285,0.5452712102135372,0.5453532476067686,0.00016407478646285334
1730263909.029092,0.545435285,0.5452712102135372,0.5453532476067686,0.00016407478646285334
1730263910.0332701,0.545435285,0.5452712102135372,0.5453532476067686,0.00016407478646285334
1730263911.037378,0.545435285,0.5452712102135372,0.5453532476067686,0.00016407478646285334
1730263912.040364,0.54542930625,0.5452691623481312,0.5453492342990656,0.00016014390186880334
1730263913.04437,0.54542930625,0.5452691623481312,0.5453492342990656,0.00016014390186880334
1730263914.049094,0.54542930625,0.5452691623481312,0.5453492342990656,0.00016014390186880334
1730263915.052968,0.54542930625,0.5452691623481312,0.5453492342990656,0.00016014390186880334
1730263916.05728,0.54542930625,0.5452691623481312,0.5453492342990656,0.00016014390186880334
1730263917.0611908,0.54542930625,0.5452691623481312,0.5453492342990656,0.00016014390186880334
1730263918.064926,0.54542930625,0.5452691623481312,0.5453492342990656,0.00016014390186880334
1730263919.069264,0.54542930625,0.5452691623481312,0.5453492342990656,0.00016014390186880334
1730263920.073668,0.54542930625,0.5452691623481312,0.5453492342990656,0.00016014390186880334
1730263921.0780349,0.54542930625,0.5452691623481312,0.5453492342990656,0.00016014390186880334
1730263922.081663,0.54542930625,0.5452691623481312,0.5453492342990656,0.00016014390186880334
1730263923.085862,0.54541498,0.5451790561427222,0.5452970180713611,0.00023592385727777554
1730263924.090223,0.54541498,0.5451790561427222,0.5452970180713611,0.00023592385727777554
1730263925.094744,0.54541498,0.5451790561427222,0.5452970180713611,0.00023592385727777554
1730263926.099218,0.54541498,0.5451790561427222,0.5452970180713611,0.00023592385727777554
1730263927.103621,0.54541498,0.5451790561427222,0.5452970180713611,0.00023592385727777554
1730263928.1081338,0.545426585,0.5452143558141881,0.545320470407094,0.0002122291858118741
1730263929.112545,0.545426585,0.5452143558141881,0.545320470407094,0.0002122291858118741
1730263930.11662,0.545426585,0.5452143558141881,0.545320470407094,0.0002122291858118741
1730263931.1211698,0.545426585,0.5452143558141881,0.545320470407094,0.0002122291858118741
1730263932.125139,0.545426585,0.5452143558141881,0.545320470407094,0.0002122291858118741
1730263933.129513,0.545426585,0.5452143558141881,0.545320470407094,0.0002122291858118741
1730263934.1335502,0.545426585,0.5452143558141881,0.545320470407094,0.0002122291858118741
1730263935.1378582,0.54544087125,0.5451793935144675,0.5453101323822338,0.0002614777355324227
1730263936.1421802,0.54544087125,0.5451793935144675,0.5453101323822338,0.0002614777355324227
1730263937.146612,0.54544087125,0.5451793935144675,0.5453101323822338,0.0002614777355324227
1730263938.150375,0.54544087125,0.5451793935144675,0.5453101323822338,0.0002614777355324227
1730263939.154249,0.54544087125,0.5451793935144675,0.5453101323822338,0.0002614777355324227
1730263940.158525,0.54544087125,0.5451793935144675,0.5453101323822338,0.0002614777355324227
1730263941.163158,0.54544087125,0.5451793935144675,0.5453101323822338,0.0002614777355324227
1730263942.166688,0.54544087125,0.5451793935144675,0.5453101323822338,0.0002614777355324227
1730263943.170836,0.5454406825,0.5452148928113163,0.5453277876556581,0.00022578968868369742
1730263944.17541,0.5454406825,0.5452148928113163,0.5453277876556581,0.00022578968868369742
1730263945.179924,0.5454406825,0.5452148928113163,0.5453277876556581,0.00022578968868369742
1730263946.183955,0.5454406825,0.5452148928113163,0.5453277876556581,0.00022578968868369742
1730263947.18817,0.5454406825,0.5452148928113163,0.5453277876556581,0.00022578968868369742
1730263948.1925619,0.5454406825,0.5452148928113163,0.5453277876556581,0.00022578968868369742
1730263949.1969368,0.5454406825,0.5452148928113163,0.5453277876556581,0.00022578968868369742
1730263950.201123,0.5454529300000001,0.5452784151243266,0.5453656725621634,0.00017451487567343715
1730263951.205419,0.5454529300000001,0.5452784151243266,0.5453656725621634,0.00017451487567343715
1730263952.210787,0.5454529300000001,0.5452784151243266,0.5453656725621634,0.00017451487567343715
1730263953.215449,0.5454529300000001,0.5452784151243266,0.5453656725621634,0.00017451487567343715
1730263954.21965,0.5454529300000001,0.5452784151243266,0.5453656725621634,0.00017451487567343715
1730263955.22397,0.5454529300000001,0.5452784151243266,0.5453656725621634,0.00017451487567343715
1730263956.228427,0.5454529300000001,0.5452784151243266,0.5453656725621634,0.00017451487567343715
1730263957.232872,0.5453901925,0.5452554072160352,0.5453227998580176,0.00013478528396482226
1730263958.237341,0.5453901925,0.5452554072160352,0.5453227998580176,0.00013478528396482226
1730263959.2415519,0.5453901925,0.5452554072160352,0.5453227998580176,0.00013478528396482226
1730263960.2449532,0.5453901925,0.5452554072160352,0.5453227998580176,0.00013478528396482226
1730263961.249368,0.5453901925,0.5452554072160352,0.5453227998580176,0.00013478528396482226
1730263962.252863,0.5453901925,0.545254447577059,0.5453223200385295,0.0001357449229409946
1730263963.257405,0.5453901925,0.545254447577059,0.5453223200385295,0.0001357449229409946
1730263964.261791,0.5453901925,0.545254447577059,0.5453223200385295,0.0001357449229409946
1730263965.2665,0.5453901925,0.545254447577059,0.5453223200385295,0.0001357449229409946
1730263966.270398,0.5453901925,0.545254447577059,0.5453223200385295,0.0001357449229409946
1730263967.2745972,0.5453901925,0.545254447577059,0.5453223200385295,0.0001357449229409946
1730263968.278634,0.54538900625,0.5453788832315236,0.5453839447407618,1.0123018476360102e-05
1730263969.282861,0.54538900625,0.5453788832315236,0.5453839447407618,1.0123018476360102e-05
1730263970.287012,0.54538900625,0.5453788832315236,0.5453839447407618,1.0123018476360102e-05
1730263971.291264,0.54538900625,0.5453788832315236,0.5453839447407618,1.0123018476360102e-05
1730263972.294963,0.54538900625,0.5453788832315236,0.5453839447407618,1.0123018476360102e-05
1730263973.2988951,0.54538900625,0.5453788832315236,0.5453839447407618,1.0123018476360102e-05
1730263974.303275,0.54533323,0.5453699485366204,0.5453515892683102,-3.6718536620350406e-05
1730263975.3076348,0.54533323,0.5453699485366204,0.5453515892683102,-3.6718536620350406e-05
1730263976.311931,0.54533323,0.5453699485366204,0.5453515892683102,-3.6718536620350406e-05
1730263977.316143,0.54533323,0.5453699485366204,0.5453515892683102,-3.6718536620350406e-05
1730263978.320478,0.54533323,0.5453699485366204,0.5453515892683102,-3.6718536620350406e-05
1730263979.324903,0.54534083375,0.5453797341093207,0.5453602839296603,-3.89003593207482e-05
1730263980.3294451,0.54534083375,0.5453797341093207,0.5453602839296603,-3.89003593207482e-05
1730263981.333556,0.54534083375,0.5453797341093207,0.5453602839296603,-3.89003593207482e-05
1730263982.337213,0.54534083375,0.5453797341093207,0.5453602839296603,-3.89003593207482e-05
1730263983.341432,0.54534083375,0.5453797341093207,0.5453602839296603,-3.89003593207482e-05
1730263984.345689,0.54534083375,0.5453797341093207,0.5453602839296603,-3.89003593207482e-05
1730263985.3498821,0.54534083375,0.5453797341093207,0.5453602839296603,-3.89003593207482e-05
1730263986.354153,0.54534083375,0.5453797341093207,0.5453602839296603,-3.89003593207482e-05
1730263987.3586261,0.54534083375,0.5453797341093207,0.5453602839296603,-3.89003593207482e-05
1730263988.362837,0.5453435925,0.545353306974222,0.545348449737111,-9.714474222044522e-06
1730263989.36696,0.5453435925,0.545353306974222,0.545348449737111,-9.714474222044522e-06
1730263990.371265,0.5453435925,0.545353306974222,0.545348449737111,-9.714474222044522e-06
1730263991.375506,0.5453435925,0.545353306974222,0.545348449737111,-9.714474222044522e-06
1730263992.379115,0.5453435925,0.545353306974222,0.545348449737111,-9.714474222044522e-06
1730263993.383242,0.5453435925,0.545353306974222,0.545348449737111,-9.714474222044522e-06
1730263994.387444,0.5453435875,0.5453750143851367,0.5453593009425683,-3.142688513668723e-05
1730263995.391932,0.5453435875,0.5453750143851367,0.5453593009425683,-3.142688513668723e-05
1730263996.3962839,0.5453435875,0.5453750143851367,0.5453593009425683,-3.142688513668723e-05
1730263997.400272,0.5453435875,0.5453750143851367,0.5453593009425683,-3.142688513668723e-05
1730263998.4044511,0.5453435875,0.5453750143851367,0.5453593009425683,-3.142688513668723e-05
1730263999.4083211,0.5453435875,0.5453750143851367,0.5453593009425683,-3.142688513668723e-05
1730264000.412288,0.5453188237500001,0.5454090102942205,0.5453639170221103,-9.018654422043859e-05
1730264001.41579,0.5453188237500001,0.5454090102942205,0.5453639170221103,-9.018654422043859e-05
1730264002.420181,0.5453188237500001,0.5454090102942205,0.5453639170221103,-9.018654422043859e-05
1730264003.4243982,0.5453188237500001,0.5454090102942205,0.5453639170221103,-9.018654422043859e-05
1730264004.4287932,0.5453188237500001,0.5454090102942205,0.5453639170221103,-9.018654422043859e-05
1730264005.4327092,0.5453188237500001,0.5454090102942205,0.5453639170221103,-9.018654422043859e-05
1730264006.437002,0.5453372025000001,0.5454078550305591,0.5453725287652795,-7.065253055904552e-05
1730264007.441306,0.5453372025000001,0.5454078550305591,0.5453725287652795,-7.065253055904552e-05
1730264008.44562,0.5453372025000001,0.5454078550305591,0.5453725287652795,-7.065253055904552e-05
1730264009.449842,0.5453372025000001,0.5454078550305591,0.5453725287652795,-7.065253055904552e-05
1730264010.454346,0.5453372025000001,0.5454078550305591,0.5453725287652795,-7.065253055904552e-05
1730264011.4588,0.54532646125,0.5454078550305591,0.5453671581402795,-8.139378055915802e-05
1730264012.462466,0.54532646125,0.5454078550305591,0.5453671581402795,-8.139378055915802e-05
1730264013.466689,0.54532646125,0.5454078550305591,0.5453671581402795,-8.139378055915802e-05
1730264014.470915,0.54532646125,0.5454078550305591,0.5453671581402795,-8.139378055915802e-05
1730264015.4750888,0.54532646125,0.5454078550305591,0.5453671581402795,-8.139378055915802e-05
1730264016.4793558,0.545316845,0.545272451552619,0.5452946482763095,4.439344738094153e-05
1730264017.483352,0.545316845,0.545272451552619,0.5452946482763095,4.439344738094153e-05
1730264018.48753,0.545316845,0.545272451552619,0.5452946482763095,4.439344738094153e-05
1730264019.491842,0.545316845,0.545272451552619,0.5452946482763095,4.439344738094153e-05
1730264020.495681,0.545316845,0.545272451552619,0.5452946482763095,4.439344738094153e-05
1730264021.498775,0.545316845,0.545272451552619,0.5452946482763095,4.439344738094153e-05
1730264022.502483,0.54531427625,0.5453076078960732,0.5453109420730367,6.6683539267087255e-06
1730264023.50676,0.54531427625,0.5453076078960732,0.5453109420730367,6.6683539267087255e-06
1730264024.510709,0.54531427625,0.5453076078960732,0.5453109420730367,6.6683539267087255e-06
1730264025.5151,0.54531427625,0.5453076078960732,0.5453109420730367,6.6683539267087255e-06
1730264026.518613,0.54531427625,0.5453076078960732,0.5453109420730367,6.6683539267087255e-06
1730264027.522431,0.54531427625,0.5453076078960732,0.5453109420730367,6.6683539267087255e-06
1730264028.526437,0.54531427625,0.5453076078960732,0.5453109420730367,6.6683539267087255e-06
1730264029.5303411,0.54531427625,0.5453076078960732,0.5453109420730367,6.6683539267087255e-06
1730264030.5342422,0.545302795,0.5453076077372103,0.5453052013686052,-4.8127372103135e-06
1730264031.537794,0.545302795,0.5453076077372103,0.5453052013686052,-4.8127372103135e-06
1730264032.540724,0.545302795,0.5453076077372103,0.5453052013686052,-4.8127372103135e-06
1730264033.545303,0.545302795,0.5453076077372103,0.5453052013686052,-4.8127372103135e-06
1730264034.548573,0.545302795,0.5453076077372103,0.5453052013686052,-4.8127372103135e-06
1730264035.552479,0.54523609625,0.5453076077372103,0.5452718519936052,-7.151148721029621e-05
1730264036.556607,0.54523609625,0.5453076077372103,0.5452718519936052,-7.151148721029621e-05
1730264037.56064,0.54523609625,0.5453076077372103,0.5452718519936052,-7.151148721029621e-05
1730264038.565886,0.54523609625,0.5453076077372103,0.5452718519936052,-7.151148721029621e-05
1730264039.5697122,0.54523609625,0.5453076077372103,0.5452718519936052,-7.151148721029621e-05
1730264040.573545,0.54523609625,0.5453076077372103,0.5452718519936052,-7.151148721029621e-05
1730264041.577125,0.54523609625,0.5453076077372103,0.5452718519936052,-7.151148721029621e-05
1730264042.579871,0.54523609625,0.5453076077372103,0.5452718519936052,-7.151148721029621e-05
1730264043.583504,0.54523609625,0.5453076077372103,0.5452718519936052,-7.151148721029621e-05
1730264044.587348,0.54523609625,0.5453076077372103,0.5452718519936052,-7.151148721029621e-05
1730264045.591239,0.54523609625,0.5453076077372103,0.5452718519936052,-7.151148721029621e-05
1730264046.594974,0.54523609625,0.5453076077372103,0.5452718519936052,-7.151148721029621e-05
1730264047.598785,0.54523609625,0.5453076077372103,0.5452718519936052,-7.151148721029621e-05
1730264048.602689,0.54523609625,0.5453076077372103,0.5452718519936052,-7.151148721029621e-05
1730264049.606522,0.54523609625,0.5453076077372103,0.5452718519936052,-7.151148721029621e-05
1730264050.6102378,0.54523609625,0.5453076077372103,0.5452718519936052,-7.151148721029621e-05
1730264051.613067,0.54523609625,0.5453076077372103,0.5452718519936052,-7.151148721029621e-05
1730264052.61601,0.54523609625,0.5453076077372103,0.5452718519936052,-7.151148721029621e-05
1730264053.619829,0.54523609625,0.5453076077372103,0.5452718519936052,-7.151148721029621e-05
1730264054.623625,0.54523609625,0.5453076077372103,0.5452718519936052,-7.151148721029621e-05
1730264055.627272,0.54529063125,0.5452759646697384,0.5452832979598692,1.466658026161305e-05
1730264056.631127,0.54529063125,0.5452759646697384,0.5452832979598692,1.466658026161305e-05
1730264057.634815,0.54529063125,0.5452759646697384,0.5452832979598692,1.466658026161305e-05
1730264058.6384718,0.54529063125,0.5452759646697384,0.5452832979598692,1.466658026161305e-05
1730264059.642231,0.54529063125,0.5452759646697384,0.5452832979598692,1.466658026161305e-05
1730264060.645919,0.54529063125,0.5452759646697384,0.5452832979598692,1.466658026161305e-05
1730264061.648718,0.54529063125,0.5452759646697384,0.5452832979598692,1.466658026161305e-05
1730264062.651747,0.54529063125,0.5452759646697384,0.5452832979598692,1.466658026161305e-05
1730264063.6552908,0.54521612625,0.5451784343504255,0.5451972803002127,3.769189957458785e-05
1730264064.659023,0.54521612625,0.5451784343504255,0.5451972803002127,3.769189957458785e-05
1730264065.662555,0.54521612625,0.5451784343504255,0.5451972803002127,3.769189957458785e-05
1730264066.66594,0.54521612625,0.5451784343504255,0.5451972803002127,3.769189957458785e-05
1730264067.669585,0.54521612625,0.5451784343504255,0.5451972803002127,3.769189957458785e-05
1730264068.673387,0.545171345,0.5451732953771716,0.5451723201885859,-1.9503771716555818e-06
1730264069.677345,0.545171345,0.5451732953771716,0.5451723201885859,-1.9503771716555818e-06
1730264070.680935,0.545171345,0.5451732953771716,0.5451723201885859,-1.9503771716555818e-06
1730264071.6837351,0.545171345,0.5451732953771716,0.5451723201885859,-1.9503771716555818e-06
1730264072.686885,0.545171345,0.5451732953771716,0.5451723201885859,-1.9503771716555818e-06
1730264073.690603,0.545171345,0.5451732953771716,0.5451723201885859,-1.9503771716555818e-06
1730264074.693883,0.545171345,0.5451732953771716,0.5451723201885859,-1.9503771716555818e-06
1730264075.6974342,0.545171345,0.5451987872159676,0.5451850661079838,-2.744221596762131e-05
1730264076.7005079,0.545171345,0.5451987872159676,0.5451850661079838,-2.744221596762131e-05
1730264077.703596,0.545171345,0.5451987872159676,0.5451850661079838,-2.744221596762131e-05
1730264078.707457,0.545171345,0.5451987872159676,0.5451850661079838,-2.744221596762131e-05
1730264079.711027,0.545171345,0.5451987872159676,0.5451850661079838,-2.744221596762131e-05
1730264080.7139149,0.545171345,0.5451987872159676,0.5451850661079838,-2.744221596762131e-05
1730264081.716765,0.54521319625,0.5451723767552934,0.5451927865026467,4.081949470657875e-05
1730264082.719579,0.54521319625,0.5451723767552934,0.5451927865026467,4.081949470657875e-05
1730264083.722047,0.54521319625,0.5451723767552934,0.5451927865026467,4.081949470657875e-05
1730264084.724828,0.54521319625,0.5451723767552934,0.5451927865026467,4.081949470657875e-05
1730264085.727703,0.54521319625,0.5451723767552934,0.5451927865026467,4.081949470657875e-05
1730264086.730477,0.54519468375,0.5451756476955966,0.5451851657227983,1.9036054403454017e-05
1730264087.733243,0.54519468375,0.5451756476955966,0.5451851657227983,1.9036054403454017e-05
1730264088.736096,0.54519468375,0.5451756476955966,0.5451851657227983,1.9036054403454017e-05
1730264089.7389429,0.54519468375,0.5451756476955966,0.5451851657227983,1.9036054403454017e-05
1730264090.741617,0.54519468375,0.5451756476955966,0.5451851657227983,1.9036054403454017e-05
1730264091.74441,0.54519468375,0.5451756476955966,0.5451851657227983,1.9036054403454017e-05
1730264092.746942,0.54519468375,0.5451756476955966,0.5451851657227983,1.9036054403454017e-05
1730264093.7495968,0.54519468375,0.5451756476955966,0.5451851657227983,1.9036054403454017e-05
1730264094.752274,0.54519597875,0.5451781048130445,0.5451870417815223,1.7873936955514758e-05
1730264095.7549381,0.54519597875,0.5451781048130445,0.5451870417815223,1.7873936955514758e-05
1730264096.7575831,0.54519597875,0.5451781048130445,0.5451870417815223,1.7873936955514758e-05
1730264097.760201,0.54519597875,0.5451781048130445,0.5451870417815223,1.7873936955514758e-05
1730264098.762879,0.54519597875,0.5451781048130445,0.5451870417815223,1.7873936955514758e-05
1730264099.765575,0.54519597875,0.5451781048130445,0.5451870417815223,1.7873936955514758e-05
1730264100.7682471,0.54519424875,0.5451076056956152,0.5451509272228077,8.664305438477182e-05
1730264101.770954,0.54519424875,0.5451076056956152,0.5451509272228077,8.664305438477182e-05
1730264102.7736478,0.54519424875,0.5451076056956152,0.5451509272228077,8.664305438477182e-05
1730264103.776316,0.54519424875,0.5451076056956152,0.5451509272228077,8.664305438477182e-05
1730264104.778935,0.54519424875,0.5451076056956152,0.5451509272228077,8.664305438477182e-05
1730264105.781538,0.54519424875,0.5451076056956152,0.5451509272228077,8.664305438477182e-05
1730264106.7841878,0.54519424875,0.5451076056956152,0.5451509272228077,8.664305438477182e-05
1730264107.786864,0.54519424875,0.5451076056956152,0.5451509272228077,8.664305438477182e-05
1730264108.789515,0.54519424875,0.5451076056956152,0.5451509272228077,8.664305438477182e-05
1730264109.792186,0.54519424875,0.5451076056956152,0.5451509272228077,8.664305438477182e-05
1730264110.7947981,0.5452071512500001,0.5451076051804109,0.5451573782152055,9.954606958917367e-05
1730264111.797468,0.5452071512500001,0.5451076051804109,0.5451573782152055,9.954606958917367e-05
1730264112.800108,0.5452071512500001,0.5451076051804109,0.5451573782152055,9.954606958917367e-05
1730264113.802701,0.5452071512500001,0.5451076051804109,0.5451573782152055,9.954606958917367e-05
1730264114.805368,0.5452071512500001,0.5451076051804109,0.5451573782152055,9.954606958917367e-05
1730264115.807908,0.5452071512500001,0.5451076051804109,0.5451573782152055,9.954606958917367e-05
1730264116.8104682,0.5452071512500001,0.5451076051804109,0.5451573782152055,9.954606958917367e-05
1730264117.813045,0.5452071512500001,0.5451076051804109,0.5451573782152055,9.954606958917367e-05
1730264118.815586,0.5452071512500001,0.5451076051804109,0.5451573782152055,9.954606958917367e-05
1730264119.818161,0.5452071512500001,0.5451076051804109,0.5451573782152055,9.954606958917367e-05
1730264120.8207302,0.5452071512500001,0.5451076051804109,0.5451573782152055,9.954606958917367e-05
1730264121.823304,0.5452071512500001,0.5451076051804109,0.5451573782152055,9.954606958917367e-05
1730264122.8257961,0.5452071512500001,0.5451076051804109,0.5451573782152055,9.954606958917367e-05
1730264123.828345,0.54520919625,0.5451042700063922,0.5451567331281961,0.00010492624360780578
1730264124.829073,0.54520919625,0.5451042700063922,0.5451567331281961,0.00010492624360780578
1730264125.8315609,0.54520919625,0.5451042700063922,0.5451567331281961,0.00010492624360780578
1730264126.834074,0.54520919625,0.5451042700063922,0.5451567331281961,0.00010492624360780578
1730264127.8367019,0.54520919625,0.5451042700063922,0.5451567331281961,0.00010492624360780578
1730264128.8392901,0.54520919625,0.5451042700063922,0.5451567331281961,0.00010492624360780578
1730264129.841878,0.54520919625,0.5451042700063922,0.5451567331281961,0.00010492624360780578
1730264130.844456,0.54520919625,0.5451042700063922,0.5451567331281961,0.00010492624360780578
1730264131.84699,0.5452059487500001,0.5451470243912805,0.5451764865706403,5.89243587195698e-05
1730264132.849407,0.5452059487500001,0.5451470243912805,0.5451764865706403,5.89243587195698e-05
1730264133.8519092,0.5452059487500001,0.5451470243912805,0.5451764865706403,5.89243587195698e-05
1730264134.854382,0.5452059487500001,0.5451470243912805,0.5451764865706403,5.89243587195698e-05
1730264135.856925,0.5452059487500001,0.5451470243912805,0.5451764865706403,5.89243587195698e-05
1730264136.859488,0.5452059487500001,0.5451470243912805,0.5451764865706403,5.89243587195698e-05
1730264137.862004,0.5452059487500001,0.5451470243912805,0.5451764865706403,5.89243587195698e-05
1730264138.864518,0.5452059487500001,0.5451470243912805,0.5451764865706403,5.89243587195698e-05
1730264139.867094,0.54523215375,0.5451046413143623,0.5451683975321812,0.00012751243563768888
1730264140.8696399,0.54523215375,0.5451046413143623,0.5451683975321812,0.00012751243563768888
1730264141.872129,0.54523215375,0.5451046413143623,0.5451683975321812,0.00012751243563768888
1730264142.874611,0.54523215375,0.5451046413143623,0.5451683975321812,0.00012751243563768888
1730264143.877238,0.54523215375,0.5451046413143623,0.5451683975321812,0.00012751243563768888
1730264144.8798752,0.54523215375,0.5451046413143623,0.5451683975321812,0.00012751243563768888
1730264145.882381,0.54523809625,0.5451029406905001,0.54517051847025,0.00013515555949983327
1730264146.8848839,0.54523809625,0.5451029406905001,0.54517051847025,0.00013515555949983327
1730264147.8874629,0.54523809625,0.5451029406905001,0.54517051847025,0.00013515555949983327
1730264148.889048,0.54523809625,0.5451029406905001,0.54517051847025,0.00013515555949983327
1730264149.890582,0.54523809625,0.5451029406905001,0.54517051847025,0.00013515555949983327
1730264150.892006,0.54523809625,0.5451029406905001,0.54517051847025,0.00013515555949983327
1730264151.8932018,0.54523809625,0.5451029406905001,0.54517051847025,0.00013515555949983327
1730264152.894576,0.54523809625,0.5451029406905001,0.54517051847025,0.00013515555949983327
1730264153.8956301,0.54515396125,0.5451076041040585,0.5451307826770293,4.635714594158902e-05
1730264154.897124,0.54515396125,0.5451076041040585,0.5451307826770293,4.635714594158902e-05
1730264155.898525,0.54515396125,0.5451076041040585,0.5451307826770293,4.635714594158902e-05
1730264156.89999,0.54515396125,0.5451076041040585,0.5451307826770293,4.635714594158902e-05
1730264157.901248,0.54515396125,0.5451076041040585,0.5451307826770293,4.635714594158902e-05
1730264158.9026759,0.5451556175000001,0.5450778990579142,0.5451167582789571,7.771844208592782e-05
1730264159.904147,0.5451556175000001,0.5450778990579142,0.5451167582789571,7.771844208592782e-05
1730264160.9053068,0.5451556175000001,0.5450778990579142,0.5451167582789571,7.771844208592782e-05
1730264161.906944,0.5451556175000001,0.5450778990579142,0.5451167582789571,7.771844208592782e-05
1730264162.9083278,0.5451556175000001,0.5450778990579142,0.5451167582789571,7.771844208592782e-05
1730264163.9097269,0.5451556175000001,0.5450778990579142,0.5451167582789571,7.771844208592782e-05
1730264164.910964,0.5451556175000001,0.5450778990579142,0.5451167582789571,7.771844208592782e-05
1730264165.911816,0.5451556175000001,0.5450778990579142,0.5451167582789571,7.771844208592782e-05
1730264166.912436,0.5451556175000001,0.5450778990579142,0.5451167582789571,7.771844208592782e-05
1730264167.914989,0.5451576699999999,0.5450691532792189,0.5451134116396095,8.85167207810289e-05
1730264168.9165561,0.5451576699999999,0.5450691532792189,0.5451134116396095,8.85167207810289e-05
1730264169.917747,0.5451576699999999,0.5450691532792189,0.5451134116396095,8.85167207810289e-05
1730264170.921359,0.5451576699999999,0.5450691532792189,0.5451134116396095,8.85167207810289e-05
1730264171.930091,0.5451576699999999,0.5450691532792189,0.5451134116396095,8.85167207810289e-05
1730264172.935595,0.5451576699999999,0.5450691532792189,0.5451134116396095,8.85167207810289e-05
1730264173.9363992,0.5451576699999999,0.5450691532792189,0.5451134116396095,8.85167207810289e-05
1730264174.937749,0.54513594375,0.5450614520843677,0.5450986979171839,7.449166563222587e-05
1730264175.942872,0.54513594375,0.5450614520843677,0.5450986979171839,7.449166563222587e-05
1730264176.94353,0.54513594375,0.5450614520843677,0.5450986979171839,7.449166563222587e-05
1730264177.943886,0.54513594375,0.5450614520843677,0.5450986979171839,7.449166563222587e-05
1730264178.944509,0.54513594375,0.5450614520843677,0.5450986979171839,7.449166563222587e-05
1730264179.955482,0.54513594375,0.5450614520843677,0.5450986979171839,7.449166563222587e-05
1730264180.957417,0.54513593875,0.5450770071966919,0.5451064729733459,5.893155330805033e-05
1730264181.968328,0.54513593875,0.5450770071966919,0.5451064729733459,5.893155330805033e-05
1730264182.97124,0.54513593875,0.5450770071966919,0.5451064729733459,5.893155330805033e-05
1730264183.973475,0.54513593875,0.5450770071966919,0.5451064729733459,5.893155330805033e-05
1730264184.976484,0.54513593875,0.5450770071966919,0.5451064729733459,5.893155330805033e-05
1730264185.9821298,0.54513593875,0.5450770071966919,0.5451064729733459,5.893155330805033e-05
1730264186.987465,0.54513593875,0.5450770071966919,0.5451064729733459,5.893155330805033e-05
1730264187.9891782,0.54513593875,0.5450598765180541,0.545097907634027,7.606223194589479e-05
1730264188.993688,0.54513593875,0.5450598765180541,0.545097907634027,7.606223194589479e-05
1730264189.999264,0.54513593875,0.5450598765180541,0.545097907634027,7.606223194589479e-05
1730264191.007877,0.54513593875,0.5450598765180541,0.545097907634027,7.606223194589479e-05
1730264192.0094411,0.54513593875,0.5450598765180541,0.545097907634027,7.606223194589479e-05
1730264193.01558,0.54513593875,0.5450598765180541,0.545097907634027,7.606223194589479e-05
1730264194.017056,0.5451306275000001,0.5450185388873376,0.5450745831936689,0.00011208861266243098
1730264195.019261,0.5451306275000001,0.5450185388873376,0.5450745831936689,0.00011208861266243098
1730264196.026736,0.5451306275000001,0.5450185388873376,0.5450745831936689,0.00011208861266243098
1730264197.027929,0.5451306275000001,0.5450185388873376,0.5450745831936689,0.00011208861266243098
1730264198.032191,0.5451306275000001,0.5450185388873376,0.5450745831936689,0.00011208861266243098
1730264199.036629,0.5451306275000001,0.5450185388873376,0.5450745831936689,0.00011208861266243098
1730264200.040468,0.5451306275000001,0.5450185388873376,0.5450745831936689,0.00011208861266243098
1730264201.0431302,0.5451306275000001,0.5450185388873376,0.5450745831936689,0.00011208861266243098
1730264202.0456,0.5451306275000001,0.5450185388873376,0.5450745831936689,0.00011208861266243098
1730264203.051637,0.5451306275000001,0.5450185388873376,0.5450745831936689,0.00011208861266243098
1730264204.05399,0.54506341125,0.5450626135090413,0.5450630123795206,7.977409587356377e-07
1730264205.066495,0.54506341125,0.5450626135090413,0.5450630123795206,7.977409587356377e-07
1730264206.068267,0.54506341125,0.5450626135090413,0.5450630123795206,7.977409587356377e-07
1730264207.069668,0.54506341125,0.5450626135090413,0.5450630123795206,7.977409587356377e-07
1730264208.1007922,0.54506341125,0.5450626135090413,0.5450630123795206,7.977409587356377e-07
1730264209.1031098,0.54501017625,0.5449802446437776,0.5449952104468888,2.9931606222444174e-05
1730264210.105001,0.54501017625,0.5449802446437776,0.5449952104468888,2.9931606222444174e-05
1730264211.1067688,0.54501017625,0.5449802446437776,0.5449952104468888,2.9931606222444174e-05
1730264212.110265,0.54501017625,0.5449802446437776,0.5449952104468888,2.9931606222444174e-05
1730264213.112382,0.54501017625,0.5449802446437776,0.5449952104468888,2.9931606222444174e-05
1730264214.114069,0.54501017625,0.5449802446437776,0.5449952104468888,2.9931606222444174e-05
1730264215.131904,0.5449883387500001,0.5449587687734754,0.5449735537617377,2.9569976524701502e-05
1730264216.133473,0.5449883387500001,0.5449587687734754,0.5449735537617377,2.9569976524701502e-05
1730264217.135123,0.5449883387500001,0.5449587687734754,0.5449735537617377,2.9569976524701502e-05
1730264218.136788,0.5449883387500001,0.5449587687734754,0.5449735537617377,2.9569976524701502e-05
1730264219.138433,0.5449883387500001,0.5449587687734754,0.5449735537617377,2.9569976524701502e-05
1730264220.140121,0.5449883387500001,0.5450048217428789,0.5449965802464395,-1.6482992878819047e-05
1730264221.14178,0.5449883387500001,0.5450048217428789,0.5449965802464395,-1.6482992878819047e-05
1730264222.1433332,0.5449883387500001,0.5450048217428789,0.5449965802464395,-1.6482992878819047e-05
1730264223.144844,0.5449883387500001,0.5450048217428789,0.5449965802464395,-1.6482992878819047e-05
1730264224.145513,0.5449883387500001,0.5450048217428789,0.5449965802464395,-1.6482992878819047e-05
1730264225.1566951,0.5449883387500001,0.5450048217428789,0.5449965802464395,-1.6482992878819047e-05
1730264226.1581728,0.5449883387500001,0.5450048217428789,0.5449965802464395,-1.6482992878819047e-05
1730264227.159681,0.5449883387500001,0.5450048217428789,0.5449965802464395,-1.6482992878819047e-05
1730264228.1611772,0.5449233225,0.5450048217428789,0.5449640721214395,-8.149924287892407e-05
1730264229.162722,0.5449233225,0.5450048217428789,0.5449640721214395,-8.149924287892407e-05
1730264230.164213,0.5449233225,0.5450048217428789,0.5449640721214395,-8.149924287892407e-05
1730264231.165386,0.5449233225,0.5450048217428789,0.5449640721214395,-8.149924287892407e-05
1730264232.166518,0.5449233225,0.5450048217428789,0.5449640721214395,-8.149924287892407e-05
1730264233.167537,0.5449233225,0.5450048217428789,0.5449640721214395,-8.149924287892407e-05
1730264234.169039,0.5449233225,0.5450048217428789,0.5449640721214395,-8.149924287892407e-05
1730264235.205343,0.5449233225,0.5450048217428789,0.5449640721214395,-8.149924287892407e-05
1730264236.20679,0.5449233225,0.5450048217428789,0.5449640721214395,-8.149924287892407e-05
1730264237.2083788,0.54498860625,0.5450503860410336,0.5450194961455168,-6.177979103361153e-05
1730264238.209054,0.54498860625,0.5450503860410336,0.5450194961455168,-6.177979103361153e-05
1730264239.210599,0.54498860625,0.5450503860410336,0.5450194961455168,-6.177979103361153e-05
1730264240.212094,0.54498860625,0.5450503860410336,0.5450194961455168,-6.177979103361153e-05
1730264241.2135239,0.54498860625,0.5450503860410336,0.5450194961455168,-6.177979103361153e-05
1730264242.215081,0.54499221875,0.5451339919890084,0.5450631053695042,-0.00014177323900832484
1730264243.2165692,0.54499221875,0.5451339919890084,0.5450631053695042,-0.00014177323900832484
1730264244.218066,0.54499221875,0.5451339919890084,0.5450631053695042,-0.00014177323900832484
1730264245.2195048,0.54499221875,0.5451339919890084,0.5450631053695042,-0.00014177323900832484
1730264246.220942,0.54499221875,0.5451339919890084,0.5450631053695042,-0.00014177323900832484
1730264247.222416,0.54499221875,0.5451339919890084,0.5450631053695042,-0.00014177323900832484
1730264248.223098,0.54499221875,0.5451339919890084,0.5450631053695042,-0.00014177323900832484
1730264249.224543,0.54499221875,0.5451339919890084,0.5450631053695042,-0.00014177323900832484
1730264250.225962,0.5451361112499999,0.5451339919890084,0.5451350516195042,2.1192609915843263e-06
1730264251.2273128,0.5451361112499999,0.5451339919890084,0.5451350516195042,2.1192609915843263e-06
1730264252.2286358,0.5451361112499999,0.5451339919890084,0.5451350516195042,2.1192609915843263e-06
1730264253.229975,0.5451361112499999,0.5451339919890084,0.5451350516195042,2.1192609915843263e-06
1730264254.2314298,0.5451361112499999,0.5451339919890084,0.5451350516195042,2.1192609915843263e-06
1730264255.231756,0.5451361112499999,0.5451339919890084,0.5451350516195042,2.1192609915843263e-06
1730264256.232147,0.5451361112499999,0.5451339919890084,0.5451350516195042,2.1192609915843263e-06
1730264257.233644,0.54508388,0.545107602522546,0.5450957412612729,-2.372252254601026e-05
1730264258.23932,0.54508388,0.545107602522546,0.5450957412612729,-2.372252254601026e-05
1730264259.24277,0.54508388,0.545107602522546,0.5450957412612729,-2.372252254601026e-05
1730264260.2466729,0.54508388,0.545107602522546,0.5450957412612729,-2.372252254601026e-05
1730264261.25183,0.54508388,0.545107602522546,0.5450957412612729,-2.372252254601026e-05
1730264262.253073,0.54508388,0.545107602522546,0.5450957412612729,-2.372252254601026e-05
1730264263.259767,0.54508388,0.545107602522546,0.5450957412612729,-2.372252254601026e-05
1730264264.260347,0.54508388,0.545107602522546,0.5450957412612729,-2.372252254601026e-05
1730264265.260967,0.54508388,0.545107602522546,0.5450957412612729,-2.372252254601026e-05
1730264266.266609,0.5450425525,0.5451339919890084,0.5450882722445042,-9.14394890083603e-05
1730264267.2715561,0.5450425525,0.5451339919890084,0.5450882722445042,-9.14394890083603e-05
1730264268.274456,0.5450425525,0.5451339919890084,0.5450882722445042,-9.14394890083603e-05
1730264269.276809,0.5450425525,0.5451339919890084,0.5450882722445042,-9.14394890083603e-05
1730264270.278778,0.5450425525,0.5451339919890084,0.5450882722445042,-9.14394890083603e-05
1730264271.281646,0.5450425525,0.5451339919890084,0.5450882722445042,-9.14394890083603e-05
1730264272.285606,0.5450425525,0.5451339919890084,0.5450882722445042,-9.14394890083603e-05
1730264273.2870479,0.54510811625,0.5451339919890084,0.5451210541195042,-2.587573900836304e-05
1730264274.290217,0.54510811625,0.5451339919890084,0.5451210541195042,-2.587573900836304e-05
1730264275.294892,0.54510811625,0.5451339919890084,0.5451210541195042,-2.587573900836304e-05
1730264276.297559,0.54510811625,0.5451339919890084,0.5451210541195042,-2.587573900836304e-05
1730264277.30169,0.54510811625,0.5451339919890084,0.5451210541195042,-2.587573900836304e-05
1730264278.306481,0.54510811625,0.5451339919890084,0.5451210541195042,-2.587573900836304e-05
1730264279.307185,0.54506321625,0.5451339919890084,0.5450986041195042,-7.077573900837741e-05
1730264280.3157198,0.54506321625,0.5451339919890084,0.5450986041195042,-7.077573900837741e-05
1730264281.316246,0.54506321625,0.5451339919890084,0.5450986041195042,-7.077573900837741e-05
1730264282.316548,0.54506321625,0.5451339919890084,0.5450986041195042,-7.077573900837741e-05
1730264283.320283,0.54506321625,0.5451339919890084,0.5450986041195042,-7.077573900837741e-05
1730264284.3281212,0.54506321625,0.5451339919890084,0.5450986041195042,-7.077573900837741e-05
1730264285.329984,0.54506321625,0.5451339919890084,0.5450986041195042,-7.077573900837741e-05
1730264286.330574,0.54506321625,0.5451339919890084,0.5450986041195042,-7.077573900837741e-05
1730264287.333152,0.54506321625,0.5451339919890084,0.5450986041195042,-7.077573900837741e-05
1730264288.340512,0.54506321625,0.5451339919890084,0.5450986041195042,-7.077573900837741e-05
1730264289.34399,0.54506321625,0.5451339919890084,0.5450986041195042,-7.077573900837741e-05
1730264290.345804,0.54506321625,0.5451339919890084,0.5450986041195042,-7.077573900837741e-05
1730264291.349938,0.54506321625,0.5451339919890084,0.5450986041195042,-7.077573900837741e-05
1730264292.353955,0.54506321625,0.5451339919890084,0.5450986041195042,-7.077573900837741e-05
1730264293.35442,0.54506321625,0.5451339919890084,0.5450986041195042,-7.077573900837741e-05
1730264294.358207,0.54506321625,0.5451339919890084,0.5450986041195042,-7.077573900837741e-05
1730264295.359773,0.54506321625,0.5451339919890084,0.5450986041195042,-7.077573900837741e-05
1730264296.368989,0.54506321625,0.5451339919890084,0.5450986041195042,-7.077573900837741e-05
1730264297.369505,0.54506321625,0.5451339919890084,0.5450986041195042,-7.077573900837741e-05
1730264298.374089,0.54506321625,0.5451339919890084,0.5450986041195042,-7.077573900837741e-05
1730264299.3756402,0.54506321625,0.5451339919890084,0.5450986041195042,-7.077573900837741e-05
1730264300.382442,0.54506321625,0.5451339919890084,0.5450986041195042,-7.077573900837741e-05
1730264301.382842,0.54519222125,0.5453009188931902,0.5452465700715952,-0.00010869764319021424
1730264302.385416,0.54519222125,0.5453009188931902,0.5452465700715952,-0.00010869764319021424
1730264303.3876731,0.54519222125,0.5453009188931902,0.5452465700715952,-0.00010869764319021424
1730264304.399725,0.54519222125,0.5453009188931902,0.5452465700715952,-0.00010869764319021424
1730264305.4007611,0.54519222125,0.5453009188931902,0.5452465700715952,-0.00010869764319021424
1730264306.401771,0.54519222125,0.5453009188931902,0.5452465700715952,-0.00010869764319021424
1730264307.402292,0.545228525,0.545300170185109,0.5452643475925545,-7.164518510904827e-05
1730264308.403039,0.545228525,0.545300170185109,0.5452643475925545,-7.164518510904827e-05
1730264309.406226,0.545228525,0.545300170185109,0.5452643475925545,-7.164518510904827e-05
1730264310.414766,0.545228525,0.545300170185109,0.5452643475925545,-7.164518510904827e-05
1730264311.418219,0.545228525,0.545300170185109,0.5452643475925545,-7.164518510904827e-05
1730264312.419256,0.545228525,0.545300170185109,0.5452643475925545,-7.164518510904827e-05
1730264313.422391,0.545228525,0.5453152692278069,0.5452718971139034,-8.674422780696744e-05
1730264314.426717,0.545228525,0.5453152692278069,0.5452718971139034,-8.674422780696744e-05
1730264315.428302,0.545228525,0.5453152692278069,0.5452718971139034,-8.674422780696744e-05
1730264316.4330308,0.545228525,0.5453152692278069,0.5452718971139034,-8.674422780696744e-05
1730264317.433463,0.545228525,0.5453152692278069,0.5452718971139034,-8.674422780696744e-05
1730264318.43974,0.545228525,0.5453152692278069,0.5452718971139034,-8.674422780696744e-05
1730264319.44352,0.545228525,0.5453152692278069,0.5452718971139034,-8.674422780696744e-05
1730264320.447621,0.545228525,0.5453152692278069,0.5452718971139034,-8.674422780696744e-05
1730264321.449992,0.545228525,0.5453076039176097,0.5452680644588048,-7.907891760972063e-05
1730264322.452595,0.545228525,0.5453076039176097,0.5452680644588048,-7.907891760972063e-05
1730264323.45294,0.545228525,0.5453076039176097,0.5452680644588048,-7.907891760972063e-05
1730264324.460021,0.545228525,0.5453076039176097,0.5452680644588048,-7.907891760972063e-05
1730264325.462235,0.545228525,0.5453076039176097,0.5452680644588048,-7.907891760972063e-05
1730264326.462709,0.545228525,0.5453076039176097,0.5452680644588048,-7.907891760972063e-05
1730264327.4650722,0.54522457625,0.5453033648646411,0.5452639705573206,-7.87886146411676e-05
1730264328.472186,0.54522457625,0.5453033648646411,0.5452639705573206,-7.87886146411676e-05
1730264329.473738,0.54522457625,0.5453033648646411,0.5452639705573206,-7.87886146411676e-05
1730264330.477511,0.54522457625,0.5453033648646411,0.5452639705573206,-7.87886146411676e-05
1730264331.4801211,0.54522457625,0.5453033648646411,0.5452639705573206,-7.87886146411676e-05
1730264332.4814348,0.54522457625,0.5453033648646411,0.5452639705573206,-7.87886146411676e-05
1730264333.485016,0.54525670125,0.5453623707314074,0.5453095359907036,-0.00010566948140733334
1730264334.4940748,0.54525670125,0.5453623707314074,0.5453095359907036,-0.00010566948140733334
1730264335.494616,0.54525670125,0.5453623707314074,0.5453095359907036,-0.00010566948140733334
1730264336.495434,0.54525670125,0.5453623707314074,0.5453095359907036,-0.00010566948140733334
1730264337.498448,0.54525670125,0.5453623707314074,0.5453095359907036,-0.00010566948140733334
1730264338.501267,0.54525670125,0.5453623707314074,0.5453095359907036,-0.00010566948140733334
1730264339.5080352,0.54525670125,0.5453623707314074,0.5453095359907036,-0.00010566948140733334
1730264340.515054,0.54525670125,0.5453623707314074,0.5453095359907036,-0.00010566948140733334
1730264341.516169,0.54525670125,0.5453623707314074,0.5453095359907036,-0.00010566948140733334
1730264342.51857,0.54526281,0.5453310715108372,0.5452969407554186,-6.826151083716425e-05
1730264343.5197818,0.54526281,0.5453310715108372,0.5452969407554186,-6.826151083716425e-05
1730264344.521302,0.54526281,0.5453310715108372,0.5452969407554186,-6.826151083716425e-05
1730264345.5236192,0.54526281,0.5453310715108372,0.5452969407554186,-6.826151083716425e-05
1730264346.526261,0.54526281,0.5453310715108372,0.5452969407554186,-6.826151083716425e-05
1730264347.540853,0.54526281,0.5453310715108372,0.5452969407554186,-6.826151083716425e-05
1730264348.541456,0.54526281,0.5453310715108372,0.5452969407554186,-6.826151083716425e-05
1730264349.5419168,0.54526281,0.5453310715108372,0.5452969407554186,-6.826151083716425e-05
1730264350.545001,0.54523384125,0.5453528141435217,0.5452933276967609,-0.00011897289352169604
1730264351.546514,0.54523384125,0.5453528141435217,0.5452933276967609,-0.00011897289352169604
1730264352.552844,0.54523384125,0.5453528141435217,0.5452933276967609,-0.00011897289352169604
1730264353.5541818,0.54523384125,0.5453528141435217,0.5452933276967609,-0.00011897289352169604
1730264354.5584629,0.54523384125,0.5453528141435217,0.5452933276967609,-0.00011897289352169604
1730264355.560695,0.54523384125,0.5453528141435217,0.5452933276967609,-0.00011897289352169604
1730264356.5620239,0.54524468625,0.5453498390043422,0.545297262627171,-0.00010515275434219706
1730264357.5652459,0.54524468625,0.5453498390043422,0.545297262627171,-0.00010515275434219706
1730264358.568117,0.54524468625,0.5453498390043422,0.545297262627171,-0.00010515275434219706
1730264359.5684092,0.54524468625,0.5453498390043422,0.545297262627171,-0.00010515275434219706
1730264360.576179,0.54524468625,0.5453498390043422,0.545297262627171,-0.00010515275434219706
1730264361.578528,0.54524468625,0.5453498390043422,0.545297262627171,-0.00010515275434219706
1730264362.5825331,0.54524468625,0.5453498390043422,0.545297262627171,-0.00010515275434219706
1730264363.587192,0.5453472275,0.5454886532065353,0.5454179403532676,-0.00014142570653530306
1730264364.587739,0.5453472275,0.5454886532065353,0.5454179403532676,-0.00014142570653530306
1730264365.589628,0.5453472275,0.5454886532065353,0.5454179403532676,-0.00014142570653530306
1730264366.5939982,0.5453472275,0.5454886532065353,0.5454179403532676,-0.00014142570653530306
1730264367.5970829,0.5453472275,0.5454886532065353,0.5454179403532676,-0.00014142570653530306
1730264368.597599,0.5453472275,0.5454886532065353,0.5454179403532676,-0.00014142570653530306
1730264369.6034749,0.54547047625,0.5454740597579212,0.5454722680039605,-3.5835079211787857e-06
1730264370.609633,0.54547047625,0.5454740597579212,0.5454722680039605,-3.5835079211787857e-06
1730264371.611073,0.54547047625,0.5454740597579212,0.5454722680039605,-3.5835079211787857e-06
1730264372.612916,0.54547047625,0.5454740597579212,0.5454722680039605,-3.5835079211787857e-06
1730264373.613638,0.54547047625,0.5454740597579212,0.5454722680039605,-3.5835079211787857e-06
1730264374.620449,0.54547047625,0.5454740597579212,0.5454722680039605,-3.5835079211787857e-06
1730264375.6225972,0.54547047625,0.5454740597579212,0.5454722680039605,-3.5835079211787857e-06
1730264376.622968,0.54553732875,0.5454609814748976,0.5454991551124488,7.634727510241746e-05
1730264377.624974,0.54553732875,0.5454609814748976,0.5454991551124488,7.634727510241746e-05
1730264378.631949,0.54553732875,0.5454609814748976,0.5454991551124488,7.634727510241746e-05
1730264379.633079,0.54553732875,0.5454609814748976,0.5454991551124488,7.634727510241746e-05
1730264380.63884,0.54553732875,0.5454609814748976,0.5454991551124488,7.634727510241746e-05
1730264381.643778,0.54553732875,0.5454609814748976,0.5454991551124488,7.634727510241746e-05
1730264382.64519,0.54553732875,0.5454609814748976,0.5454991551124488,7.634727510241746e-05
1730264383.6488168,0.545482825,0.5454582386138769,0.5454705318069384,2.458638612312658e-05
1730264384.6523972,0.545482825,0.5454582386138769,0.5454705318069384,2.458638612312658e-05
1730264385.655207,0.545482825,0.5454582386138769,0.5454705318069384,2.458638612312658e-05
1730264386.659459,0.545482825,0.5454582386138769,0.5454705318069384,2.458638612312658e-05
1730264387.66221,0.545482825,0.5454582386138769,0.5454705318069384,2.458638612312658e-05
1730264388.664484,0.545482825,0.5454582386138769,0.5454705318069384,2.458638612312658e-05
1730264389.671849,0.545482825,0.5454582386138769,0.5454705318069384,2.458638612312658e-05
1730264390.67237,0.5454415,0.5454599899285459,0.5454507449642729,-1.8489928545917245e-05
1730264391.672669,0.5454415,0.5454599899285459,0.5454507449642729,-1.8489928545917245e-05
1730264392.678412,0.5454415,0.5454599899285459,0.5454507449642729,-1.8489928545917245e-05
1730264393.695646,0.5454415,0.5454599899285459,0.5454507449642729,-1.8489928545917245e-05
1730264394.696467,0.5454415,0.5454599899285459,0.5454507449642729,-1.8489928545917245e-05
1730264395.6974661,0.5454415,0.5454599899285459,0.5454507449642729,-1.8489928545917245e-05
1730264396.6980731,0.5454415,0.5454599899285459,0.5454507449642729,-1.8489928545917245e-05
1730264397.701403,0.5454415,0.5454599899285459,0.5454507449642729,-1.8489928545917245e-05
1730264398.7050052,0.5454415,0.5454599899285459,0.5454507449642729,-1.8489928545917245e-05
1730264399.706767,0.5454415,0.5454599899285459,0.5454507449642729,-1.8489928545917245e-05
1730264400.709922,0.5454415,0.5454599899285459,0.5454507449642729,-1.8489928545917245e-05
1730264401.715252,0.5454415,0.5454599899285459,0.5454507449642729,-1.8489928545917245e-05
1730264402.7192,0.5454415,0.5454599899285459,0.5454507449642729,-1.8489928545917245e-05
1730264403.722421,0.5454444225,0.5454821706929084,0.5454632965964542,-3.774819290836007e-05
1730264404.726509,0.5454444225,0.5454821706929084,0.5454632965964542,-3.774819290836007e-05
1730264405.7268128,0.5454444225,0.5454821706929084,0.5454632965964542,-3.774819290836007e-05
1730264406.735869,0.5454444225,0.5454821706929084,0.5454632965964542,-3.774819290836007e-05
1730264407.736434,0.5454444225,0.5454821706929084,0.5454632965964542,-3.774819290836007e-05
1730264408.7377338,0.5454444225,0.5454821706929084,0.5454632965964542,-3.774819290836007e-05
1730264409.746433,0.5454444225,0.5454821706929084,0.5454632965964542,-3.774819290836007e-05
1730264410.747694,0.5454444225,0.5454821706929084,0.5454632965964542,-3.774819290836007e-05
1730264411.748731,0.5454444225,0.5454821706929084,0.5454632965964542,-3.774819290836007e-05
1730264412.7492568,0.5453920624999999,0.545468904562552,0.545430483531276,-7.684206255209602e-05
1730264413.750577,0.5453920624999999,0.545468904562552,0.545430483531276,-7.684206255209602e-05
1730264414.756896,0.5453920624999999,0.545468904562552,0.545430483531276,-7.684206255209602e-05
1730264415.7573361,0.5453920624999999,0.545468904562552,0.545430483531276,-7.684206255209602e-05
1730264416.762996,0.5453920624999999,0.545468904562552,0.545430483531276,-7.684206255209602e-05
1730264417.766881,0.5453920624999999,0.545468904562552,0.545430483531276,-7.684206255209602e-05
1730264418.7700381,0.5453920624999999,0.5454716522500659,0.545431857375033,-7.958975006594482e-05
1730264419.770659,0.5453920624999999,0.5454716522500659,0.545431857375033,-7.958975006594482e-05
1730264420.771436,0.5453920624999999,0.5454716522500659,0.545431857375033,-7.958975006594482e-05
1730264421.774909,0.5453920624999999,0.5454716522500659,0.545431857375033,-7.958975006594482e-05
1730264422.778614,0.5453920624999999,0.5454716522500659,0.545431857375033,-7.958975006594482e-05
1730264423.7799768,0.5453920624999999,0.5454716522500659,0.545431857375033,-7.958975006594482e-05
1730264424.783325,0.5453920624999999,0.5454437224353248,0.5454178924676624,-5.16599353248548e-05
1730264425.78379,0.5453920624999999,0.5454437224353248,0.5454178924676624,-5.16599353248548e-05
1730264426.7906199,0.5453920624999999,0.5454437224353248,0.5454178924676624,-5.16599353248548e-05
1730264427.79917,0.5453920624999999,0.5454437224353248,0.5454178924676624,-5.16599353248548e-05
1730264428.799716,0.5453920624999999,0.5454437224353248,0.5454178924676624,-5.16599353248548e-05
1730264429.80055,0.5453920624999999,0.5454437224353248,0.5454178924676624,-5.16599353248548e-05
1730264430.801864,0.5453920624999999,0.5454831685842608,0.5454376155421303,-9.110608426088351e-05
1730264431.804699,0.5453920624999999,0.5454831685842608,0.5454376155421303,-9.110608426088351e-05
1730264432.812453,0.5453920624999999,0.5454831685842608,0.5454376155421303,-9.110608426088351e-05
1730264433.8138041,0.5453920624999999,0.5454831685842608,0.5454376155421303,-9.110608426088351e-05
1730264434.815318,0.5453920624999999,0.5454831685842608,0.5454376155421303,-9.110608426088351e-05
1730264435.819616,0.5453920624999999,0.5454831685842608,0.5454376155421303,-9.110608426088351e-05
1730264436.820425,0.5454593175,0.5455076067666268,0.5454834621333133,-4.828926662681088e-05
1730264437.827202,0.5454593175,0.5455076067666268,0.5454834621333133,-4.828926662681088e-05
1730264438.828129,0.5454593175,0.5455076067666268,0.5454834621333133,-4.828926662681088e-05
1730264439.829483,0.5454593175,0.5455076067666268,0.5454834621333133,-4.828926662681088e-05
1730264440.83142,0.5454593175,0.5455076067666268,0.5454834621333133,-4.828926662681088e-05
1730264441.836854,0.5454593175,0.5455076067666268,0.5454834621333133,-4.828926662681088e-05
1730264442.83794,0.5454665775,0.5455391528264454,0.5455028651632228,-7.257532644533438e-05
1730264443.8393018,0.5454665775,0.5455391528264454,0.5455028651632228,-7.257532644533438e-05
1730264444.849022,0.5454665775,0.5455391528264454,0.5455028651632228,-7.257532644533438e-05
1730264445.84936,0.5454665775,0.5455391528264454,0.5455028651632228,-7.257532644533438e-05
1730264446.852486,0.5454665775,0.5455391528264454,0.5455028651632228,-7.257532644533438e-05
1730264447.855996,0.5454665775,0.5455391528264454,0.5455028651632228,-7.257532644533438e-05
1730264448.857376,0.5454665775,0.5455391528264454,0.5455028651632228,-7.257532644533438e-05
1730264449.861699,0.545492215,0.5455391528263398,0.5455156839131698,-4.693782633979904e-05
1730264450.865578,0.545492215,0.5455391528263398,0.5455156839131698,-4.693782633979904e-05
1730264451.86892,0.545492215,0.5455391528263398,0.5455156839131698,-4.693782633979904e-05
1730264452.870238,0.545492215,0.5455391528263398,0.5455156839131698,-4.693782633979904e-05
1730264453.912503,0.545492215,0.5455391528263398,0.5455156839131698,-4.693782633979904e-05
1730264454.91386,0.545492215,0.5455391528263398,0.5455156839131698,-4.693782633979904e-05
1730264455.915303,0.545492215,0.5455391528263398,0.5455156839131698,-4.693782633979904e-05
1730264456.916712,0.545492215,0.5455391528263398,0.5455156839131698,-4.693782633979904e-05
1730264457.917999,0.545492215,0.5455151372630184,0.5455036761315092,-2.292226301836564e-05
1730264458.919542,0.545492215,0.5455151372630184,0.5455036761315092,-2.292226301836564e-05
1730264459.920985,0.545492215,0.5455151372630184,0.5455036761315092,-2.292226301836564e-05
1730264460.9224288,0.545492215,0.5455151372630184,0.5455036761315092,-2.292226301836564e-05
1730264461.9238248,0.545492215,0.5455151372630184,0.5455036761315092,-2.292226301836564e-05
1730264462.9251862,0.545492215,0.5455151372630184,0.5455036761315092,-2.292226301836564e-05
1730264463.936861,0.545492215,0.5455151372630184,0.5455036761315092,-2.292226301836564e-05
1730264464.93824,0.545492215,0.5455151372630184,0.5455036761315092,-2.292226301836564e-05
1730264465.939636,0.545492215,0.5455151378642987,0.5455036764321494,-2.2922864298724477e-05
1730264466.940159,0.545492215,0.5455151378642987,0.5455036764321494,-2.2922864298724477e-05
1730264467.941539,0.545492215,0.5455151378642987,0.5455036764321494,-2.2922864298724477e-05
1730264468.94288,0.545492215,0.5455151378642987,0.5455036764321494,-2.2922864298724477e-05
1730264469.944302,0.545492215,0.5455151378642987,0.5455036764321494,-2.2922864298724477e-05
1730264470.9449012,0.54542858,0.545378203293021,0.5454033916465105,5.03767069790495e-05
1730264471.946084,0.54542858,0.545378203293021,0.5454033916465105,5.03767069790495e-05
1730264472.948407,0.54542858,0.545378203293021,0.5454033916465105,5.03767069790495e-05
1730264473.9908538,0.54542858,0.545378203293021,0.5454033916465105,5.03767069790495e-05
1730264474.992231,0.54542858,0.545378203293021,0.5454033916465105,5.03767069790495e-05
1730264475.9937449,0.54542858,0.545378203293021,0.5454033916465105,5.03767069790495e-05
1730264476.995264,0.5452636574999999,0.5448224511264848,0.5450430543132423,0.00044120637351519054
1730264477.996762,0.5452636574999999,0.5448224511264848,0.5450430543132423,0.00044120637351519054
1730264478.998131,0.5452636574999999,0.5448224511264848,0.5450430543132423,0.00044120637351519054
1730264480.000555,0.5452636574999999,0.5448224511264848,0.5450430543132423,0.00044120637351519054
1730264481.003144,0.5452636574999999,0.5448224511264848,0.5450430543132423,0.00044120637351519054
1730264482.0056262,0.5452636574999999,0.5448224511264848,0.5450430543132423,0.00044120637351519054
1730264483.008281,0.5452636574999999,0.5448224511264848,0.5450430543132423,0.00044120637351519054
1730264484.009174,0.5452636574999999,0.5448224511264848,0.5450430543132423,0.00044120637351519054
1730264485.01158,0.5452636574999999,0.5448224511264848,0.5450430543132423,0.00044120637351519054
1730264486.0128288,0.5452636574999999,0.5448224511264848,0.5450430543132423,0.00044120637351519054
1730264487.015266,0.5451578075,0.544492096078754,0.5448249517893771,0.0006657114212459403
1730264488.01669,0.5451578075,0.544492096078754,0.5448249517893771,0.0006657114212459403
1730264489.019103,0.5451578075,0.544492096078754,0.5448249517893771,0.0006657114212459403
1730264490.020909,0.5451578075,0.544492096078754,0.5448249517893771,0.0006657114212459403
1730264491.022485,0.5451578075,0.544492096078754,0.5448249517893771,0.0006657114212459403
1730264492.02335,0.5451578075,0.544492096078754,0.5448249517893771,0.0006657114212459403
1730264493.029825,0.54517699125,0.5446011234367635,0.5448890573433818,0.0005758678132364858
1730264494.038684,0.54517699125,0.5446011234367635,0.5448890573433818,0.0005758678132364858
1730264495.039285,0.54517699125,0.5446011234367635,0.5448890573433818,0.0005758678132364858
1730264496.046619,0.54517699125,0.5446011234367635,0.5448890573433818,0.0005758678132364858
1730264497.048034,0.54517699125,0.5446011234367635,0.5448890573433818,0.0005758678132364858
1730264498.05262,0.54517699125,0.5446011234367635,0.5448890573433818,0.0005758678132364858
1730264499.0529568,0.54514398375,0.544569277621872,0.5448566306859359,0.0005747061281279331
1730264500.057909,0.54514398375,0.544569277621872,0.5448566306859359,0.0005747061281279331
1730264501.062432,0.54514398375,0.544569277621872,0.5448566306859359,0.0005747061281279331
1730264502.066599,0.54514398375,0.544569277621872,0.5448566306859359,0.0005747061281279331
1730264503.071088,0.54514398375,0.544569277621872,0.5448566306859359,0.0005747061281279331
1730264504.09127,0.54514172,0.5445517010151114,0.5448467105075557,0.0005900189848886406
1730264505.0933518,0.54514172,0.5445517010151114,0.5448467105075557,0.0005900189848886406
1730264506.095684,0.54514172,0.5445517010151114,0.5448467105075557,0.0005900189848886406
1730264507.098047,0.54514172,0.5445517010151114,0.5448467105075557,0.0005900189848886406
1730264508.098901,0.54514172,0.5445517010151114,0.5448467105075557,0.0005900189848886406
1730264509.099957,0.5451402875,0.544507598926093,0.5448239432130465,0.0006326885739069699
1730264510.104476,0.5451402875,0.544507598926093,0.5448239432130465,0.0006326885739069699
1730264511.109051,0.5451402875,0.544507598926093,0.5448239432130465,0.0006326885739069699
1730264512.111876,0.5451402875,0.544507598926093,0.5448239432130465,0.0006326885739069699
1730264513.115683,0.5451402875,0.544507598926093,0.5448239432130465,0.0006326885739069699
1730264514.123019,0.5451402875,0.544507598926093,0.5448239432130465,0.0006326885739069699
1730264515.128143,0.54513512375,0.544507598926093,0.5448213613380465,0.0006275248239069331
1730264516.1311932,0.54513512375,0.544507598926093,0.5448213613380465,0.0006275248239069331
1730264517.133597,0.54513512375,0.544507598926093,0.5448213613380465,0.0006275248239069331
1730264518.140855,0.54513512375,0.544507598926093,0.5448213613380465,0.0006275248239069331
1730264519.1416142,0.54513512375,0.544507598926093,0.5448213613380465,0.0006275248239069331
1730264520.145778,0.54513512375,0.544507598926093,0.5448213613380465,0.0006275248239069331
1730264521.149131,0.545136655,0.5444189061769255,0.5447777805884627,0.0007177488230745155
1730264522.156716,0.545136655,0.5444189061769255,0.5447777805884627,0.0007177488230745155
1730264523.1573,0.545136655,0.5444189061769255,0.5447777805884627,0.0007177488230745155
1730264524.1638741,0.545136655,0.5444189061769255,0.5447777805884627,0.0007177488230745155
1730264525.165889,0.545136655,0.5444189061769255,0.5447777805884627,0.0007177488230745155
1730264526.1751208,0.545136655,0.5444189061769255,0.5447777805884627,0.0007177488230745155
1730264527.1775732,0.545136655,0.5444189061769255,0.5447777805884627,0.0007177488230745155
1730264528.1823611,0.54513582375,0.5444075981348103,0.5447717109424052,0.0007282256151897037
1730264529.1869388,0.54513582375,0.5444075981348103,0.5447717109424052,0.0007282256151897037
1730264530.188218,0.54513582375,0.5444075981348103,0.5447717109424052,0.0007282256151897037
1730264531.198008,0.54513582375,0.5444075981348103,0.5447717109424052,0.0007282256151897037
1730264532.201375,0.54513582375,0.5444075981348103,0.5447717109424052,0.0007282256151897037
1730264533.202833,0.54513582375,0.5444075981348103,0.5447717109424052,0.0007282256151897037
1730264534.2076092,0.545105155,0.544407598260312,0.544756376630156,0.0006975567396879656
1730264535.2153442,0.545105155,0.544407598260312,0.544756376630156,0.0006975567396879656
1730264536.21571,0.545105155,0.544407598260312,0.544756376630156,0.0006975567396879656
1730264537.2180219,0.545105155,0.544407598260312,0.544756376630156,0.0006975567396879656
1730264538.226314,0.545105155,0.544407598260312,0.544756376630156,0.0006975567396879656
1730264539.230253,0.545105155,0.544407598260312,0.544756376630156,0.0006975567396879656
1730264540.236157,0.54516002375,0.544507599051631,0.5448338114008155,0.000652424698368903
1730264541.2374249,0.54516002375,0.544507599051631,0.5448338114008155,0.000652424698368903
1730264542.2438521,0.54516002375,0.544507599051631,0.5448338114008155,0.000652424698368903
1730264543.2482638,0.54516002375,0.544507599051631,0.5448338114008155,0.000652424698368903
1730264544.251002,0.54516002375,0.544507599051631,0.5448338114008155,0.000652424698368903
1730264545.25599,0.54516002375,0.544507599051631,0.5448338114008155,0.000652424698368903
1730264546.2617018,0.5450983775,0.5445611356378752,0.5448297565689376,0.0005372418621247821
1730264547.3087318,0.5450983775,0.5445611356378752,0.5448297565689376,0.0005372418621247821
1730264548.311082,0.5450983775,0.5445611356378752,0.5448297565689376,0.0005372418621247821
1730264549.3135948,0.5450983775,0.5445611356378752,0.5448297565689376,0.0005372418621247821
1730264550.316042,0.5450983775,0.5445611356378752,0.5448297565689376,0.0005372418621247821
1730264551.318518,0.5450983775,0.5445611356378752,0.5448297565689376,0.0005372418621247821
1730264552.3209212,0.54512966125,0.5445345894909129,0.5448321253704564,0.000595071759087018
1730264553.323379,0.54512966125,0.5445345894909129,0.5448321253704564,0.000595071759087018
1730264554.325891,0.54512966125,0.5445345894909129,0.5448321253704564,0.000595071759087018
1730264555.328424,0.54512966125,0.5445345894909129,0.5448321253704564,0.000595071759087018
1730264556.3308759,0.54512966125,0.5445345894909129,0.5448321253704564,0.000595071759087018
1730264557.336749,0.54511640125,0.5445209722612226,0.5448186867556113,0.0005954289887774022
1730264558.339127,0.54511640125,0.5445209722612226,0.5448186867556113,0.0005954289887774022
1730264559.341724,0.54511640125,0.5445209722612226,0.5448186867556113,0.0005954289887774022
1730264560.344288,0.54511640125,0.5445209722612226,0.5448186867556113,0.0005954289887774022
1730264561.34676,0.54511640125,0.5445209722612226,0.5448186867556113,0.0005954289887774022
1730264562.34912,0.54511640125,0.5445209722612226,0.5448186867556113,0.0005954289887774022
1730264563.35132,0.54511640125,0.5445209722612226,0.5448186867556113,0.0005954289887774022
1730264564.3526158,0.54511640125,0.5445209722612226,0.5448186867556113,0.0005954289887774022
1730264565.355097,0.54511640125,0.5445209722612226,0.5448186867556113,0.0005954289887774022
1730264566.357524,0.54511640125,0.5445209722612226,0.5448186867556113,0.0005954289887774022
1730264567.398031,0.54511640125,0.5445209722612226,0.5448186867556113,0.0005954289887774022
1730264568.4003918,0.54513509,0.5445583011355838,0.544846695567792,0.0005767888644162555
1730264569.402922,0.54513509,0.5445583011355838,0.544846695567792,0.0005767888644162555
1730264570.40552,0.54513509,0.5445583011355838,0.544846695567792,0.0005767888644162555
1730264571.4080691,0.54513509,0.5445583011355838,0.544846695567792,0.0005767888644162555
1730264572.410632,0.54513509,0.5445583011355838,0.544846695567792,0.0005767888644162555
1730264573.413146,0.54512075,0.544572710579583,0.5448467302897915,0.0005480394204170347
1730264574.415585,0.54512075,0.544572710579583,0.5448467302897915,0.0005480394204170347
1730264575.4166138,0.54512075,0.544572710579583,0.5448467302897915,0.0005480394204170347
1730264576.419008,0.54512075,0.544572710579583,0.5448467302897915,0.0005480394204170347
1730264577.421421,0.54512075,0.544572710579583,0.5448467302897915,0.0005480394204170347
1730264578.42382,0.54512075,0.544572710579583,0.5448467302897915,0.0005480394204170347
1730264579.4263759,0.54512075,0.544572710579583,0.5448467302897915,0.0005480394204170347
1730264580.4280472,0.5451567125,0.5445755857449905,0.5448661491224953,0.0005811267550094312
1730264581.4304461,0.5451567125,0.5445755857449905,0.5448661491224953,0.0005811267550094312
1730264582.4328241,0.5451567125,0.5445755857449905,0.5448661491224953,0.0005811267550094312
1730264583.435283,0.5451567125,0.5445755857449905,0.5448661491224953,0.0005811267550094312
1730264584.437665,0.5451567125,0.5445755857449905,0.5448661491224953,0.0005811267550094312
1730264585.4398642,0.5451567125,0.5445755857449905,0.5448661491224953,0.0005811267550094312
1730264586.442218,0.5451567125,0.5445755857449905,0.5448661491224953,0.0005811267550094312
1730264587.442692,0.5451567125,0.5445755857449905,0.5448661491224953,0.0005811267550094312
1730264588.446323,0.5451567125,0.5445755857449905,0.5448661491224953,0.0005811267550094312
1730264589.4468281,0.5451567125,0.5445755857449905,0.5448661491224953,0.0005811267550094312
1730264590.450437,0.5451141175,0.5445756335707034,0.5448448755353517,0.0005384839292966737
1730264591.457124,0.5451141175,0.5445756335707034,0.5448448755353517,0.0005384839292966737
1730264592.4574971,0.5451141175,0.5445756335707034,0.5448448755353517,0.0005384839292966737
1730264593.4643788,0.5451141175,0.5445756335707034,0.5448448755353517,0.0005384839292966737
1730264594.465984,0.5451141175,0.5445756335707034,0.5448448755353517,0.0005384839292966737
1730264595.47038,0.5451141175,0.5445756335707034,0.5448448755353517,0.0005384839292966737
1730264596.4777,0.5451141175,0.5445756335707034,0.5448448755353517,0.0005384839292966737
1730264597.480837,0.54516147875,0.5446995397436809,0.5449305092468404,0.0004619390063190787
1730264598.48601,0.54516147875,0.5446995397436809,0.5449305092468404,0.0004619390063190787
1730264599.48886,0.54516147875,0.5446995397436809,0.5449305092468404,0.0004619390063190787
1730264600.49885,0.54516147875,0.5446995397436809,0.5449305092468404,0.0004619390063190787
1730264601.499598,0.54516147875,0.5446995397436809,0.5449305092468404,0.0004619390063190787
1730264602.503024,0.54515335125,0.5446782740074899,0.544915812628745,0.000475077242510058
1730264603.50755,0.54515335125,0.5446782740074899,0.544915812628745,0.000475077242510058
1730264604.513112,0.54515335125,0.5446782740074899,0.544915812628745,0.000475077242510058
1730264605.514699,0.54515335125,0.5446782740074899,0.544915812628745,0.000475077242510058
1730264606.522538,0.54515335125,0.5446782740074899,0.544915812628745,0.000475077242510058
1730264607.525461,0.54515335125,0.5446782740074899,0.544915812628745,0.000475077242510058
1730264608.5314062,0.5451692675,0.5447158651039596,0.5449425663019798,0.0004534023960404143
1730264609.533601,0.5451692675,0.5447158651039596,0.5449425663019798,0.0004534023960404143
1730264610.537859,0.5451692675,0.5447158651039596,0.5449425663019798,0.0004534023960404143
1730264611.543222,0.5451692675,0.5447158651039596,0.5449425663019798,0.0004534023960404143
1730264612.5655181,0.5451692675,0.5447158651039596,0.5449425663019798,0.0004534023960404143
1730264613.566943,0.5451692675,0.5447158651039596,0.5449425663019798,0.0004534023960404143
1730264614.568437,0.5451692675,0.5447158651039596,0.5449425663019798,0.0004534023960404143
1730264615.5703738,0.5451416825,0.544721846114505,0.5449317643072524,0.00041983638549492053
1730264616.572282,0.5451416825,0.544721846114505,0.5449317643072524,0.00041983638549492053
1730264617.574052,0.5451416825,0.544721846114505,0.5449317643072524,0.00041983638549492053
1730264618.574613,0.5451416825,0.544721846114505,0.5449317643072524,0.00041983638549492053
1730264619.577718,0.5451416825,0.544721846114505,0.5449317643072524,0.00041983638549492053
1730264620.578104,0.54514814125,0.5447254884294007,0.5449368148397004,0.00042265282059927856
1730264621.585772,0.54514814125,0.5447254884294007,0.5449368148397004,0.00042265282059927856
1730264622.5910559,0.54514814125,0.5447254884294007,0.5449368148397004,0.00042265282059927856
1730264623.594329,0.54514814125,0.5447254884294007,0.5449368148397004,0.00042265282059927856
1730264624.597538,0.54514814125,0.5447254884294007,0.5449368148397004,0.00042265282059927856
1730264625.605279,0.54514814125,0.5447254884294007,0.5449368148397004,0.00042265282059927856
1730264626.6056268,0.5451027700000001,0.5447755230426035,0.5449391465213018,0.0003272469573966097
1730264627.612166,0.5451027700000001,0.5447755230426035,0.5449391465213018,0.0003272469573966097
1730264628.61285,0.5451027700000001,0.5447755230426035,0.5449391465213018,0.0003272469573966097
1730264629.623332,0.5451027700000001,0.5447755230426035,0.5449391465213018,0.0003272469573966097
1730264630.6262221,0.5451027700000001,0.5447755230426035,0.5449391465213018,0.0003272469573966097
1730264631.6285691,0.5451027700000001,0.5447755230426035,0.5449391465213018,0.0003272469573966097
1730264632.634146,0.5451027700000001,0.5447755230426035,0.5449391465213018,0.0003272469573966097
1730264633.6349492,0.5451027700000001,0.5447755230426035,0.5449391465213018,0.0003272469573966097
1730264634.639145,0.54514313,0.5447758174961045,0.5449594737480523,0.00036731250389554493
1730264635.6480799,0.54514313,0.5447758174961045,0.5449594737480523,0.00036731250389554493
1730264636.6501172,0.54514313,0.5447758174961045,0.5449594737480523,0.00036731250389554493
1730264637.652216,0.54514313,0.5447758174961045,0.5449594737480523,0.00036731250389554493
1730264638.6605241,0.54514313,0.5447758174961045,0.5449594737480523,0.00036731250389554493
1730264639.662854,0.54514313,0.5447758174961045,0.5449594737480523,0.00036731250389554493
1730264640.663445,0.5451260475,0.54477282104118,0.5449494342705901,0.0003532264588200773
1730264641.668944,0.5451260475,0.54477282104118,0.5449494342705901,0.0003532264588200773
1730264642.673526,0.5451260475,0.54477282104118,0.5449494342705901,0.0003532264588200773
1730264643.68064,0.5451260475,0.54477282104118,0.5449494342705901,0.0003532264588200773
1730264644.6840909,0.5451260475,0.54477282104118,0.5449494342705901,0.0003532264588200773
1730264645.687865,0.5451260475,0.54477282104118,0.5449494342705901,0.0003532264588200773
1730264646.6907048,0.54511054,0.5447733779318988,0.5449419589659494,0.0003371620681011933
1730264647.6942668,0.54511054,0.5447733779318988,0.5449419589659494,0.0003371620681011933
1730264648.699166,0.54511054,0.5447733779318988,0.5449419589659494,0.0003371620681011933
1730264649.704301,0.54511054,0.5447733779318988,0.5449419589659494,0.0003371620681011933
1730264650.707235,0.54511054,0.5447733779318988,0.5449419589659494,0.0003371620681011933
1730264651.712887,0.54511054,0.5447733779318988,0.5449419589659494,0.0003371620681011933
1730264652.7190778,0.54511054,0.5447733779318988,0.5449419589659494,0.0003371620681011933
1730264653.720154,0.54511054,0.5447733779318988,0.5449419589659494,0.0003371620681011933
1730264654.72467,0.54511054,0.5447733779318988,0.5449419589659494,0.0003371620681011933
1730264655.7289128,0.54511054,0.5447733779318988,0.5449419589659494,0.0003371620681011933
1730264656.733417,0.54511054,0.5447733779318988,0.5449419589659494,0.0003371620681011933
1730264657.734057,0.54512074,0.5447444632594501,0.5449326016297251,0.0003762767405498524
1730264658.745833,0.54512074,0.5447444632594501,0.5449326016297251,0.0003762767405498524
1730264659.746154,0.54512074,0.5447444632594501,0.5449326016297251,0.0003762767405498524
1730264660.751932,0.54512074,0.5447444632594501,0.5449326016297251,0.0003762767405498524
1730264661.755232,0.54512074,0.5447444632594501,0.5449326016297251,0.0003762767405498524
1730264662.7562492,0.54512074,0.5447444632594501,0.5449326016297251,0.0003762767405498524
1730264663.7651,0.54508096375,0.5448165970251297,0.5449487803875649,0.0002643667248702908
1730264664.776478,0.54508096375,0.5448165970251297,0.5449487803875649,0.0002643667248702908
1730264665.777241,0.54508096375,0.5448165970251297,0.5449487803875649,0.0002643667248702908
1730264666.78053,0.54508096375,0.5448165970251297,0.5449487803875649,0.0002643667248702908
1730264667.786319,0.54508096375,0.5448165970251297,0.5449487803875649,0.0002643667248702908
1730264668.7897458,0.54508096375,0.5448165970251297,0.5449487803875649,0.0002643667248702908
1730264669.792267,0.54508096375,0.5448165970251297,0.5449487803875649,0.0002643667248702908
1730264670.7934542,0.54508096375,0.5448165970251297,0.5449487803875649,0.0002643667248702908
1730264671.805387,0.5452025275,0.5446289028271569,0.5449157151635784,0.0005736246728430539
1730264672.806745,0.5452025275,0.5446289028271569,0.5449157151635784,0.0005736246728430539
1730264673.811857,0.5452025275,0.5446289028271569,0.5449157151635784,0.0005736246728430539
1730264674.815041,0.5452025275,0.5446289028271569,0.5449157151635784,0.0005736246728430539
1730264675.8188648,0.5452025275,0.5446289028271569,0.5449157151635784,0.0005736246728430539
1730264676.822321,0.5452025275,0.5446289028271569,0.5449157151635784,0.0005736246728430539
1730264677.836035,0.5448439975,0.5446142628372596,0.5447291301686298,0.00022973466274045506
1730264678.838224,0.5448439975,0.5446142628372596,0.5447291301686298,0.00022973466274045506
1730264679.840105,0.5448439975,0.5446142628372596,0.5447291301686298,0.00022973466274045506
1730264680.841752,0.5448439975,0.5446142628372596,0.5447291301686298,0.00022973466274045506
1730264681.844096,0.5448439975,0.5446142628372596,0.5447291301686298,0.00022973466274045506
1730264682.846269,0.5448439975,0.5446142628372596,0.5447291301686298,0.00022973466274045506
1730264683.854775,0.5448439975,0.5446142628372596,0.5447291301686298,0.00022973466274045506
1730264684.8563251,0.5448495062500001,0.5446226674765717,0.5447360868632859,0.00022683877342832837
1730264685.85962,0.5448495062500001,0.5446226674765717,0.5447360868632859,0.00022683877342832837
1730264686.865713,0.5448495062500001,0.5446226674765717,0.5447360868632859,0.00022683877342832837
1730264687.868299,0.5448495062500001,0.5446226674765717,0.5447360868632859,0.00022683877342832837
1730264688.8775349,0.5448495062500001,0.5446226674765717,0.5447360868632859,0.00022683877342832837
1730264689.880461,0.5448495062500001,0.5446226674765717,0.5447360868632859,0.00022683877342832837
1730264690.88285,0.54480388,0.544665878392241,0.5447348791961205,0.0001380016077590085
1730264691.891215,0.54480388,0.544665878392241,0.5447348791961205,0.0001380016077590085
1730264692.8934011,0.54480388,0.544665878392241,0.5447348791961205,0.0001380016077590085
1730264693.901742,0.54480388,0.544665878392241,0.5447348791961205,0.0001380016077590085
1730264694.903758,0.54480388,0.544665878392241,0.5447348791961205,0.0001380016077590085
1730264695.908913,0.54480388,0.544665878392241,0.5447348791961205,0.0001380016077590085
1730264696.911222,0.5448216475000001,0.5447433032351018,0.544782475367551,7.834426489827795e-05
1730264697.912261,0.5448216475000001,0.5447433032351018,0.544782475367551,7.834426489827795e-05
1730264698.919055,0.5448216475000001,0.5447433032351018,0.544782475367551,7.834426489827795e-05
1730264699.923466,0.5448216475000001,0.5447433032351018,0.544782475367551,7.834426489827795e-05
1730264700.924907,0.5448216475000001,0.5447433032351018,0.544782475367551,7.834426489827795e-05
1730264701.9299011,0.5448216475000001,0.5447433032351018,0.544782475367551,7.834426489827795e-05
1730264702.931099,0.5448216475000001,0.5447433032351018,0.544782475367551,7.834426489827795e-05
1730264703.938011,0.5448216475000001,0.5447433032351018,0.544782475367551,7.834426489827795e-05
1730264704.945835,0.5448216475000001,0.5447433032351018,0.544782475367551,7.834426489827795e-05
1730264705.951891,0.54491358625,0.5446877872549754,0.5448006867524877,0.00022579899502461753
1730264706.952426,0.54491358625,0.5446877872549754,0.5448006867524877,0.00022579899502461753
1730264707.95338,0.54491358625,0.5446877872549754,0.5448006867524877,0.00022579899502461753
1730264708.961962,0.54491358625,0.5446877872549754,0.5448006867524877,0.00022579899502461753
1730264709.966809,0.54491358625,0.5446877872549754,0.5448006867524877,0.00022579899502461753
1730264710.969144,0.5450026025,0.5447886953070765,0.5448956489035383,0.00021390719292346816
1730264711.9778671,0.5450026025,0.5447886953070765,0.5448956489035383,0.00021390719292346816
1730264712.9794052,0.5450026025,0.5447886953070765,0.5448956489035383,0.00021390719292346816
1730264713.983005,0.5450026025,0.5447886953070765,0.5448956489035383,0.00021390719292346816
1730264714.984711,0.5450026025,0.5447886953070765,0.5448956489035383,0.00021390719292346816
1730264715.991946,0.5450026025,0.5447886953070765,0.5448956489035383,0.00021390719292346816
1730264716.994453,0.5450026025,0.5447886953070765,0.5448956489035383,0.00021390719292346816
1730264717.9960608,0.5450026025,0.5447886953070765,0.5448956489035383,0.00021390719292346816
1730264719.00261,0.54496006875,0.544660407885512,0.544810238317756,0.0002996608644880716
1730264720.0044138,0.54496006875,0.544660407885512,0.544810238317756,0.0002996608644880716
1730264721.004761,0.54496006875,0.544660407885512,0.544810238317756,0.0002996608644880716
1730264722.022337,0.54496006875,0.544660407885512,0.544810238317756,0.0002996608644880716
1730264723.022892,0.54496006875,0.544660407885512,0.544810238317756,0.0002996608644880716
1730264724.029401,0.54496006875,0.544660407885512,0.544810238317756,0.0002996608644880716
1730264725.032237,0.54488702375,0.5446229969773978,0.5447550103636989,0.0002640267726021772
1730264726.0366259,0.54488702375,0.5446229969773978,0.5447550103636989,0.0002640267726021772
1730264727.0410519,0.54488702375,0.5446229969773978,0.5447550103636989,0.0002640267726021772
1730264728.041558,0.54488702375,0.5446229969773978,0.5447550103636989,0.0002640267726021772
1730264729.046014,0.54488702375,0.5446229969773978,0.5447550103636989,0.0002640267726021772
1730264730.056566,0.54488702375,0.5446229969773978,0.5447550103636989,0.0002640267726021772
1730264731.0586061,0.54488702375,0.5446229969773978,0.5447550103636989,0.0002640267726021772
1730264732.059319,0.54488702375,0.5446229969773978,0.5447550103636989,0.0002640267726021772
1730264733.065511,0.54488702375,0.5446229969773978,0.5447550103636989,0.0002640267726021772
1730264734.065855,0.54491217,0.544764884272597,0.5448385271362985,0.00014728572740307921
1730264735.0713558,0.54491217,0.544764884272597,0.5448385271362985,0.00014728572740307921
1730264736.075816,0.54491217,0.544764884272597,0.5448385271362985,0.00014728572740307921
1730264737.07889,0.54491217,0.544764884272597,0.5448385271362985,0.00014728572740307921
1730264738.082727,0.54491217,0.544764884272597,0.5448385271362985,0.00014728572740307921
1730264739.092972,0.54491217,0.544764884272597,0.5448385271362985,0.00014728572740307921
1730264740.094882,0.5450338975,0.544741448688686,0.544887673094343,0.00029244881131396117
1730264741.103269,0.5450338975,0.544741448688686,0.544887673094343,0.00029244881131396117
1730264742.104228,0.5450338975,0.544741448688686,0.544887673094343,0.00029244881131396117
1730264743.106744,0.5450338975,0.544741448688686,0.544887673094343,0.00029244881131396117
1730264744.110883,0.5450338975,0.544741448688686,0.544887673094343,0.00029244881131396117
1730264745.1197,0.5450338975,0.544741448688686,0.544887673094343,0.00029244881131396117
1730264746.124929,0.5450338975,0.544741448688686,0.544887673094343,0.00029244881131396117
1730264747.125283,0.54501374,0.5447442242915753,0.5448789821457877,0.00026951570842470574
1730264748.129547,0.54501374,0.5447442242915753,0.5448789821457877,0.00026951570842470574
1730264749.1340659,0.54501374,0.5447442242915753,0.5448789821457877,0.00026951570842470574
1730264750.151215,0.54501374,0.5447442242915753,0.5448789821457877,0.00026951570842470574
1730264751.1536021,0.54501374,0.5447442242915753,0.5448789821457877,0.00026951570842470574
1730264752.1547,0.54501374,0.5447442242915753,0.5448789821457877,0.00026951570842470574
1730264753.1550632,0.544809445,0.5447351910081984,0.5447723180040992,7.425399180149839e-05
1730264754.156897,0.544809445,0.5447351910081984,0.5447723180040992,7.425399180149839e-05
1730264755.164335,0.544809445,0.5447351910081984,0.5447723180040992,7.425399180149839e-05
1730264756.1649122,0.544809445,0.5447351910081984,0.5447723180040992,7.425399180149839e-05
1730264757.175199,0.544809445,0.5447351910081984,0.5447723180040992,7.425399180149839e-05
1730264758.17936,0.54481220875,0.5447220065182011,0.5447671076341005,9.020223179889708e-05
1730264759.180616,0.54481220875,0.5447220065182011,0.5447671076341005,9.020223179889708e-05
1730264760.186135,0.54481220875,0.5447220065182011,0.5447671076341005,9.020223179889708e-05
1730264761.1883311,0.54481220875,0.5447220065182011,0.5447671076341005,9.020223179889708e-05
1730264762.19122,0.54481220875,0.5447220065182011,0.5447671076341005,9.020223179889708e-05
1730264763.1965592,0.54481220875,0.5447220065182011,0.5447671076341005,9.020223179889708e-05
1730264764.197061,0.54481220875,0.5447220065182011,0.5447671076341005,9.020223179889708e-05
1730264765.2135592,0.54481220875,0.5447220065182011,0.5447671076341005,9.020223179889708e-05
1730264766.213938,0.54481220875,0.5447220065182011,0.5447671076341005,9.020223179889708e-05
1730264767.214646,0.5448218625,0.5447852747125789,0.5448035686062894,3.6587787421105133e-05
1730264768.22542,0.5448218625,0.5447852747125789,0.5448035686062894,3.6587787421105133e-05
1730264769.2261262,0.5448218625,0.5447852747125789,0.5448035686062894,3.6587787421105133e-05
1730264770.2276301,0.5448218625,0.5447852747125789,0.5448035686062894,3.6587787421105133e-05
1730264771.233355,0.5448218625,0.5447852747125789,0.5448035686062894,3.6587787421105133e-05
1730264772.240443,0.5448218625,0.5447852747125789,0.5448035686062894,3.6587787421105133e-05
1730264773.245134,0.5448218625,0.5447852747125789,0.5448035686062894,3.6587787421105133e-05
1730264774.245868,0.54480928875,0.5447776725205612,0.5447934806352805,3.161622943881337e-05
1730264775.248884,0.54480928875,0.5447776725205612,0.5447934806352805,3.161622943881337e-05
1730264776.252867,0.54480928875,0.5447776725205612,0.5447934806352805,3.161622943881337e-05
1730264777.259058,0.54480928875,0.5447776725205612,0.5447934806352805,3.161622943881337e-05
1730264778.263479,0.54480928875,0.5447776725205612,0.5447934806352805,3.161622943881337e-05
1730264779.272376,0.54480928875,0.5447776725205612,0.5447934806352805,3.161622943881337e-05
1730264780.27316,0.54480928875,0.5447776725205612,0.5447934806352805,3.161622943881337e-05
1730264781.2803662,0.54479215125,0.54477403633153,0.544783093790765,1.8114918470035768e-05
1730264782.281099,0.54479215125,0.54477403633153,0.544783093790765,1.8114918470035768e-05
1730264783.285741,0.54479215125,0.54477403633153,0.544783093790765,1.8114918470035768e-05
1730264784.291115,0.54479215125,0.54477403633153,0.544783093790765,1.8114918470035768e-05
1730264785.292244,0.54479215125,0.54477403633153,0.544783093790765,1.8114918470035768e-05
1730264786.29808,0.54479215125,0.54477403633153,0.544783093790765,1.8114918470035768e-05
1730264787.304636,0.544864635,0.5449784623213902,0.5449215486606951,-0.00011382732139020302
1730264788.306251,0.544864635,0.5449784623213902,0.5449215486606951,-0.00011382732139020302
1730264789.314788,0.544864635,0.5449784623213902,0.5449215486606951,-0.00011382732139020302
1730264790.3174982,0.544864635,0.5449784623213902,0.5449215486606951,-0.00011382732139020302
1730264791.319963,0.544864635,0.5449784623213902,0.5449215486606951,-0.00011382732139020302
1730264792.324231,0.544864635,0.5449784623213902,0.5449215486606951,-0.00011382732139020302
1730264793.328068,0.5449805475,0.5449131361625426,0.5449468418312713,6.741133745746808e-05
1730264794.331994,0.5449805475,0.5449131361625426,0.5449468418312713,6.741133745746808e-05
1730264795.339287,0.5449805475,0.5449131361625426,0.5449468418312713,6.741133745746808e-05
1730264796.3410602,0.5449805475,0.5449131361625426,0.5449468418312713,6.741133745746808e-05
1730264797.344089,0.5449805475,0.5449131361625426,0.5449468418312713,6.741133745746808e-05
1730264798.345294,0.5449805475,0.5449131361625426,0.5449468418312713,6.741133745746808e-05
1730264799.35571,0.5449805475,0.5449131361625426,0.5449468418312713,6.741133745746808e-05
1730264800.356767,0.5449805475,0.5449131361625426,0.5449468418312713,6.741133745746808e-05
1730264801.359185,0.5449805475,0.5449131361625426,0.5449468418312713,6.741133745746808e-05
1730264802.36431,0.5449805475,0.5449131361625426,0.5449468418312713,6.741133745746808e-05
1730264803.370602,0.5449805475,0.5450224137041911,0.5450014806020955,-4.186620419110998e-05
1730264804.375732,0.5449805475,0.5450224137041911,0.5450014806020955,-4.186620419110998e-05
1730264805.3787289,0.5449805475,0.5450224137041911,0.5450014806020955,-4.186620419110998e-05
1730264806.381126,0.5449805475,0.5450224137041911,0.5450014806020955,-4.186620419110998e-05
1730264807.384065,0.5449805475,0.5450224137041911,0.5450014806020955,-4.186620419110998e-05
1730264808.391039,0.54502258625,0.545063513406988,0.5450430498284939,-4.092715698800209e-05
1730264809.391415,0.54502258625,0.545063513406988,0.5450430498284939,-4.092715698800209e-05
1730264810.397805,0.54502258625,0.545063513406988,0.5450430498284939,-4.092715698800209e-05
1730264811.40589,0.54502258625,0.545063513406988,0.5450430498284939,-4.092715698800209e-05
1730264812.4106162,0.54502258625,0.545063513406988,0.5450430498284939,-4.092715698800209e-05
1730264813.411217,0.54502258625,0.545063513406988,0.5450430498284939,-4.092715698800209e-05
1730264814.415596,0.54506301375,0.5449775207930535,0.5450202672715267,8.549295694648684e-05
1730264815.41594,0.54506301375,0.5449775207930535,0.5450202672715267,8.549295694648684e-05
1730264816.41728,0.54506301375,0.5449775207930535,0.5450202672715267,8.549295694648684e-05
1730264817.417912,0.54506301375,0.5449775207930535,0.5450202672715267,8.549295694648684e-05
1730264818.4211998,0.54506301375,0.5449775207930535,0.5450202672715267,8.549295694648684e-05
1730264819.4222798,0.54502178,0.5448731143510629,0.5449474471755315,0.00014866564893711853
1730264820.422677,0.54502178,0.5448731143510629,0.5449474471755315,0.00014866564893711853
1730264821.424149,0.54502178,0.5448731143510629,0.5449474471755315,0.00014866564893711853
1730264822.442432,0.54502178,0.5448731143510629,0.5449474471755315,0.00014866564893711853
1730264823.443104,0.54502178,0.5448731143510629,0.5449474471755315,0.00014866564893711853
1730264824.462404,0.54502178,0.5448731143510629,0.5449474471755315,0.00014866564893711853
1730264825.4634628,0.5449974975,0.5448715116523711,0.5449345045761855,0.00012598584762890663
1730264826.4820879,0.5449974975,0.5448715116523711,0.5449345045761855,0.00012598584762890663
1730264827.483424,0.5449974975,0.5448715116523711,0.5449345045761855,0.00012598584762890663
1730264828.484801,0.5449974975,0.5448715116523711,0.5449345045761855,0.00012598584762890663
1730264829.486148,0.5449974975,0.5448715116523711,0.5449345045761855,0.00012598584762890663
1730264830.4876149,0.5449974975,0.5448715116523711,0.5449345045761855,0.00012598584762890663
1730264831.489076,0.54512460375,0.5449301023332495,0.5450273530416248,0.00019450141675059207
1730264832.4904032,0.54512460375,0.5449301023332495,0.5450273530416248,0.00019450141675059207
1730264833.491744,0.54512460375,0.5449301023332495,0.5450273530416248,0.00019450141675059207
1730264834.493139,0.54512460375,0.5449301023332495,0.5450273530416248,0.00019450141675059207
1730264835.4956758,0.54512460375,0.5449301023332495,0.5450273530416248,0.00019450141675059207
1730264836.5216498,0.54512460375,0.5449301023332495,0.5450273530416248,0.00019450141675059207
1730264837.523011,0.54512460375,0.5449352432987963,0.5450299235243982,0.00018936045120376832
1730264838.524548,0.54512460375,0.5449352432987963,0.5450299235243982,0.00018936045120376832
1730264839.526033,0.54512460375,0.5449352432987963,0.5450299235243982,0.00018936045120376832
1730264840.527485,0.54512460375,0.5449352432987963,0.5450299235243982,0.00018936045120376832
1730264841.5289931,0.54512460375,0.5449352432987963,0.5450299235243982,0.00018936045120376832
1730264842.529634,0.54512460375,0.5449352432987963,0.5450299235243982,0.00018936045120376832
1730264843.531142,0.54512460375,0.5449224675234583,0.5450235356367292,0.00020213622654174923
1730264844.5326982,0.54512460375,0.5449224675234583,0.5450235356367292,0.00020213622654174923
1730264845.534249,0.54512460375,0.5449224675234583,0.5450235356367292,0.00020213622654174923
1730264846.536489,0.54512460375,0.5449224675234583,0.5450235356367292,0.00020213622654174923
1730264847.540156,0.54512460375,0.5449224675234583,0.5450235356367292,0.00020213622654174923
1730264848.541576,0.54512460375,0.5449224675234583,0.5450235356367292,0.00020213622654174923
1730264849.5430882,0.54512460375,0.5449224675234583,0.5450235356367292,0.00020213622654174923
1730264850.544561,0.54512460375,0.5449224675234583,0.5450235356367292,0.00020213622654174923
1730264851.54607,0.54506903875,0.5451172257726831,0.5450931322613415,-4.818702268305497e-05
1730264852.54755,0.54506903875,0.5451172257726831,0.5450931322613415,-4.818702268305497e-05
1730264853.548987,0.54506903875,0.5451172257726831,0.5450931322613415,-4.818702268305497e-05
1730264854.550375,0.54506903875,0.5451172257726831,0.5450931322613415,-4.818702268305497e-05
1730264855.551727,0.54506903875,0.5451172257726831,0.5450931322613415,-4.818702268305497e-05
1730264856.555064,0.54506903875,0.5451172257726831,0.5450931322613415,-4.818702268305497e-05
1730264857.55652,0.54506903875,0.5451172257726831,0.5450931322613415,-4.818702268305497e-05
1730264858.558039,0.54506903875,0.5451172257726831,0.5450931322613415,-4.818702268305497e-05
1730264859.5594501,0.54506903875,0.5451172257726831,0.5450931322613415,-4.818702268305497e-05
1730264860.560288,0.54506903875,0.5451172257726831,0.5450931322613415,-4.818702268305497e-05
1730264861.561711,0.54506903875,0.5451172257726831,0.5450931322613415,-4.818702268305497e-05
1730264862.56303,0.5451308825000001,0.5451455544170618,0.5451382184585309,-1.4671917061725992e-05
1730264863.564339,0.5451308825000001,0.5451455544170618,0.5451382184585309,-1.4671917061725992e-05
1730264864.564906,0.5451308825000001,0.5451455544170618,0.5451382184585309,-1.4671917061725992e-05
1730264865.565367,0.5451308825000001,0.5451455544170618,0.5451382184585309,-1.4671917061725992e-05
1730264866.5658119,0.5451308825000001,0.5451455544170618,0.5451382184585309,-1.4671917061725992e-05
1730264867.568251,0.5451308825000001,0.5451455544170618,0.5451382184585309,-1.4671917061725992e-05
1730264868.574143,0.54515149625,0.5451521887356391,0.5451518424928196,-6.924856390533307e-07
1730264869.5744882,0.54515149625,0.5451521887356391,0.5451518424928196,-6.924856390533307e-07
1730264870.574801,0.54515149625,0.5451521887356391,0.5451518424928196,-6.924856390533307e-07
1730264871.575607,0.54515149625,0.5451521887356391,0.5451518424928196,-6.924856390533307e-07
1730264872.583122,0.54515149625,0.5451521887356391,0.5451518424928196,-6.924856390533307e-07
1730264873.5896719,0.54515149625,0.5451407869596503,0.5451461416048251,1.0709290349741885e-05
1730264874.5900931,0.54515149625,0.5451407869596503,0.5451461416048251,1.0709290349741885e-05
1730264875.604447,0.54515149625,0.5451407869596503,0.5451461416048251,1.0709290349741885e-05
1730264876.605506,0.54515149625,0.5451407869596503,0.5451461416048251,1.0709290349741885e-05
1730264877.606334,0.54515149625,0.5451407869596503,0.5451461416048251,1.0709290349741885e-05
1730264878.607017,0.54515149625,0.5451000211036088,0.5451257586768044,5.14751463912555e-05
1730264879.608305,0.54515149625,0.5451000211036088,0.5451257586768044,5.14751463912555e-05
1730264880.609239,0.54515149625,0.5451000211036088,0.5451257586768044,5.14751463912555e-05
1730264881.6162188,0.54515149625,0.5451000211036088,0.5451257586768044,5.14751463912555e-05
1730264882.617244,0.54515149625,0.5451000211036088,0.5451257586768044,5.14751463912555e-05
1730264883.621671,0.54515149625,0.5451000211036088,0.5451257586768044,5.14751463912555e-05
1730264884.621948,0.5451837725,0.5450821076940839,0.5451329400970419,0.00010166480591611293
1730264885.624915,0.5451837725,0.5450821076940839,0.5451329400970419,0.00010166480591611293
1730264886.6265779,0.5451837725,0.5450821076940839,0.5451329400970419,0.00010166480591611293
1730264887.640377,0.5451837725,0.5450821076940839,0.5451329400970419,0.00010166480591611293
1730264888.64611,0.5451837725,0.5450821076940839,0.5451329400970419,0.00010166480591611293
