timestamp,ask_price,bid_price,midpoint,spread
1730172699.218421,0.5344,0.5342,0.5343,0.00019999999999997797
1730172700.221868,0.5344,0.5342,0.5343,0.00019999999999997797
1730172701.225427,0.5343,0.5341,0.5342,0.00019999999999997797
1730172702.2286022,0.5343,0.5341,0.5342,0.00019999999999997797
1730172703.232149,0.5343,0.5341,0.5342,0.00019999999999997797
1730172704.2354,0.5343,0.5341,0.5342,0.00019999999999997797
1730172705.238461,0.5343,0.5341,0.5342,0.00019999999999997797
1730172706.241911,0.5343,0.5341,0.5342,0.00019999999999997797
1730172707.245161,0.5343,0.5341,0.5342,0.00019999999999997797
1730172708.248501,0.5341,0.5339,0.534,0.00019999999999997797
1730172709.251508,0.5341,0.5339,0.534,0.00019999999999997797
1730172710.255689,0.5341,0.5339,0.534,0.00019999999999997797
1730172711.258091,0.5341,0.5339,0.534,0.00019999999999997797
1730172712.261503,0.5341,0.5339,0.534,0.00019999999999997797
1730172713.264957,0.5341,0.5339,0.534,0.00019999999999997797
1730172714.26824,0.5341,0.5339,0.534,0.00019999999999997797
1730172715.271507,0.5341,0.5339,0.534,0.00019999999999997797
1730172716.274944,0.5341,0.5339,0.534,0.00019999999999997797
1730172717.278326,0.5341,0.5339,0.534,0.00019999999999997797
1730172718.2818189,0.5341,0.5339,0.534,0.00019999999999997797
1730172719.285141,0.5341,0.5339,0.534,0.00019999999999997797
1730172720.288068,0.5341,0.5339,0.534,0.00019999999999997797
1730172721.2915258,0.5341,0.5339,0.534,0.00019999999999997797
1730172722.2941492,0.5341,0.5339,0.534,0.00019999999999997797
1730172723.297152,0.5341,0.5339,0.534,0.00019999999999997797
1730172724.3008058,0.5341,0.5339,0.534,0.00019999999999997797
1730172725.304113,0.5341,0.534,0.53405,9.999999999998899e-05
1730172726.3073568,0.5341,0.534,0.53405,9.999999999998899e-05
1730172727.3106308,0.5341,0.534,0.53405,9.999999999998899e-05
1730172728.314017,0.5339,0.5337,0.5338,0.000200000000000089
1730172729.3170571,0.5339,0.5337,0.5338,0.000200000000000089
1730172730.3201978,0.534,0.5339,0.53395,9.999999999998899e-05
1730172731.323519,0.534,0.5339,0.53395,9.999999999998899e-05
1730172732.326904,0.534,0.5339,0.53395,9.999999999998899e-05
1730172733.3301618,0.5341,0.5339,0.534,0.00019999999999997797
1730172734.333451,0.5341,0.5339,0.534,0.00019999999999997797
1730172735.3366568,0.534,0.5339,0.53395,9.999999999998899e-05
1730172736.339929,0.534,0.5339,0.53395,9.999999999998899e-05
1730172737.343222,0.534,0.5339,0.53395,9.999999999998899e-05
1730172738.346596,0.534,0.5339,0.53395,9.999999999998899e-05
1730172739.349979,0.534,0.5339,0.53395,9.999999999998899e-05
1730172740.353109,0.534,0.5339,0.53395,9.999999999998899e-05
1730172741.355191,0.5341,0.534,0.53405,9.999999999998899e-05
1730172742.3585322,0.5341,0.534,0.53405,9.999999999998899e-05
1730172743.362048,0.5341,0.534,0.53405,9.999999999998899e-05
1730172744.365916,0.5342,0.534,0.5341,0.00019999999999997797
1730172745.3693419,0.5342,0.534,0.5341,0.00019999999999997797
1730172746.372722,0.5341,0.5339,0.534,0.00019999999999997797
1730172747.376365,0.5341,0.5339,0.534,0.00019999999999997797
1730172748.379431,0.5341,0.5339,0.534,0.00019999999999997797
1730172749.382813,0.5342,0.534,0.5341,0.00019999999999997797
1730172750.385688,0.5342,0.534,0.5341,0.00019999999999997797
1730172751.38896,0.5342,0.534,0.5341,0.00019999999999997797
1730172752.392365,0.5342,0.534,0.5341,0.00019999999999997797
1730172753.395448,0.5342,0.534,0.5341,0.00019999999999997797
1730172754.398868,0.5342,0.534,0.5341,0.00019999999999997797
1730172755.402254,0.5342,0.534,0.5341,0.00019999999999997797
1730172756.404609,0.5341,0.534,0.53405,9.999999999998899e-05
1730172757.4081202,0.5341,0.534,0.53405,9.999999999998899e-05
1730172758.411533,0.5343,0.5342,0.53425,9.999999999998899e-05
1730172759.41412,0.5343,0.5342,0.53425,9.999999999998899e-05
1730172760.4163358,0.5343,0.5342,0.53425,9.999999999998899e-05
1730172761.418852,0.5343,0.5342,0.53425,9.999999999998899e-05
1730172762.421742,0.5343,0.5342,0.53425,9.999999999998899e-05
1730172763.425229,0.5343,0.5342,0.53425,9.999999999998899e-05
1730172764.428582,0.5343,0.5342,0.53425,9.999999999998899e-05
1730172765.431983,0.5343,0.5342,0.53425,9.999999999998899e-05
1730172766.435138,0.5344,0.5342,0.5343,0.00019999999999997797
1730172767.4383612,0.5344,0.5342,0.5343,0.00019999999999997797
1730172768.44171,0.5344,0.5342,0.5343,0.00019999999999997797
1730172769.445035,0.5344,0.5342,0.5343,0.00019999999999997797
1730172770.448359,0.5345,0.5343,0.5344,0.00019999999999997797
1730172771.451406,0.5345,0.5343,0.5344,0.00019999999999997797
1730172772.4550312,0.5345,0.5343,0.5344,0.00019999999999997797
1730172773.458415,0.5345,0.5343,0.5344,0.00019999999999997797
1730172774.461903,0.5345,0.5343,0.5344,0.00019999999999997797
1730172775.4682171,0.5345,0.5343,0.5344,0.00019999999999997797
1730172776.470967,0.5345,0.5343,0.5344,0.00019999999999997797
1730172777.474208,0.5345,0.5343,0.5344,0.00019999999999997797
1730172778.4774232,0.5345,0.5343,0.5344,0.00019999999999997797
1730172779.480823,0.5345,0.5343,0.5344,0.00019999999999997797
1730172780.484123,0.5345,0.5343,0.5344,0.00019999999999997797
1730172781.4872751,0.5345,0.5343,0.5344,0.00019999999999997797
1730172782.49074,0.5345,0.5343,0.5344,0.00019999999999997797
1730172783.493975,0.5345,0.5343,0.5344,0.00019999999999997797
1730172784.497237,0.5345,0.5343,0.5344,0.00019999999999997797
1730172785.500479,0.5343,0.5341,0.5342,0.00019999999999997797
1730172786.5038028,0.5343,0.5341,0.5342,0.00019999999999997797
1730172787.506769,0.5343,0.5341,0.5342,0.00019999999999997797
1730172788.510058,0.5343,0.5341,0.5342,0.00019999999999997797
1730172789.513493,0.5343,0.5341,0.5342,0.00019999999999997797
1730172790.516741,0.5341,0.5339,0.534,0.00019999999999997797
1730172791.519692,0.5341,0.5339,0.534,0.00019999999999997797
1730172792.5231411,0.5341,0.5339,0.534,0.00019999999999997797
1730172793.526602,0.5341,0.534,0.53405,9.999999999998899e-05
1730172794.529987,0.5341,0.534,0.53405,9.999999999998899e-05
1730172795.5333161,0.5341,0.534,0.53405,9.999999999998899e-05
1730172796.536702,0.5341,0.534,0.53405,9.999999999998899e-05
1730172797.540152,0.5341,0.534,0.53405,9.999999999998899e-05
1730172798.543415,0.5342,0.534,0.5341,0.00019999999999997797
1730172799.545397,0.5342,0.534,0.5341,0.00019999999999997797
1730172800.548658,0.5342,0.534,0.5341,0.00019999999999997797
1730172801.5520241,0.5342,0.534,0.5341,0.00019999999999997797
1730172802.555147,0.5342,0.534,0.5341,0.00019999999999997797
1730172803.558562,0.5342,0.534,0.5341,0.00019999999999997797
1730172804.561923,0.5342,0.534,0.5341,0.00019999999999997797
1730172805.5658062,0.5342,0.534,0.5341,0.00019999999999997797
1730172806.5695171,0.5342,0.5339,0.53405,0.00029999999999996696
1730172807.573212,0.5342,0.5339,0.53405,0.00029999999999996696
1730172808.576252,0.5342,0.5339,0.53405,0.00029999999999996696
1730172809.579614,0.5342,0.5339,0.53405,0.00029999999999996696
1730172810.583085,0.5342,0.5339,0.53405,0.00029999999999996696
1730172811.586271,0.5342,0.5339,0.53405,0.00029999999999996696
1730172812.589619,0.5342,0.5339,0.53405,0.00029999999999996696
1730172813.5930471,0.5341,0.5339,0.534,0.00019999999999997797
1730172814.5960908,0.5341,0.5339,0.534,0.00019999999999997797
1730172815.599508,0.5341,0.5339,0.534,0.00019999999999997797
1730172816.602884,0.5341,0.5339,0.534,0.00019999999999997797
1730172817.606127,0.5341,0.5339,0.534,0.00019999999999997797
1730172818.609525,0.534,0.5338,0.5339,0.00019999999999997797
1730172819.6128,0.534,0.5338,0.5339,0.00019999999999997797
1730172820.6160278,0.534,0.5338,0.5339,0.00019999999999997797
1730172821.6192372,0.5339,0.5337,0.5338,0.000200000000000089
1730172822.622638,0.5339,0.5337,0.5338,0.000200000000000089
1730172823.625909,0.534,0.5338,0.5339,0.00019999999999997797
1730172824.629235,0.534,0.5338,0.5339,0.00019999999999997797
1730172825.632173,0.534,0.5338,0.5339,0.00019999999999997797
1730172826.635697,0.534,0.5337,0.5338499999999999,0.000300000000000078
1730172827.639092,0.534,0.5337,0.5338499999999999,0.000300000000000078
1730172828.642495,0.534,0.5337,0.5338499999999999,0.000300000000000078
1730172829.645998,0.534,0.5337,0.5338499999999999,0.000300000000000078
1730172830.649313,0.534,0.5337,0.5338499999999999,0.000300000000000078
1730172831.652736,0.534,0.5339,0.53395,9.999999999998899e-05
1730172832.655383,0.534,0.5339,0.53395,9.999999999998899e-05
1730172833.658916,0.534,0.5339,0.53395,9.999999999998899e-05
1730172834.66238,0.534,0.5338,0.5339,0.00019999999999997797
1730172835.66572,0.534,0.5338,0.5339,0.00019999999999997797
1730172836.669118,0.534,0.5338,0.5339,0.00019999999999997797
1730172837.6724741,0.534,0.5338,0.5339,0.00019999999999997797
1730172838.675932,0.534,0.5338,0.5339,0.00019999999999997797
1730172839.679341,0.534,0.5338,0.5339,0.00019999999999997797
1730172840.682817,0.534,0.5338,0.5339,0.00019999999999997797
1730172841.6858351,0.534,0.5338,0.5339,0.00019999999999997797
1730172842.688802,0.534,0.5338,0.5339,0.00019999999999997797
1730172843.692331,0.534,0.5338,0.5339,0.00019999999999997797
1730172844.69564,0.5339,0.5337,0.5338,0.000200000000000089
1730172845.699039,0.5339,0.5337,0.5338,0.000200000000000089
1730172846.702417,0.5338,0.5336,0.5337000000000001,0.000200000000000089
1730172847.7056692,0.5338,0.5336,0.5337000000000001,0.000200000000000089
1730172848.7089121,0.5338,0.5336,0.5337000000000001,0.000200000000000089
1730172849.712063,0.5338,0.5337,0.53375,0.00010000000000010001
1730172850.714504,0.5338,0.5337,0.53375,0.00010000000000010001
1730172851.7173939,0.5338,0.5337,0.53375,0.00010000000000010001
1730172852.720564,0.534,0.5338,0.5339,0.00019999999999997797
1730172853.723826,0.534,0.5338,0.5339,0.00019999999999997797
1730172854.727256,0.534,0.5338,0.5339,0.00019999999999997797
1730172855.730494,0.534,0.5338,0.5339,0.00019999999999997797
1730172856.733768,0.534,0.5338,0.5339,0.00019999999999997797
1730172857.73698,0.534,0.5339,0.53395,9.999999999998899e-05
1730172858.740094,0.534,0.5339,0.53395,9.999999999998899e-05
1730172859.7435489,0.5342,0.534,0.5341,0.00019999999999997797
1730172860.747041,0.5342,0.534,0.5341,0.00019999999999997797
1730172861.7503638,0.5342,0.534,0.5341,0.00019999999999997797
1730172862.7543411,0.5341,0.5339,0.534,0.00019999999999997797
1730172863.758486,0.5341,0.5339,0.534,0.00019999999999997797
1730172864.761127,0.5341,0.5339,0.534,0.00019999999999997797
1730172865.764292,0.5341,0.5339,0.534,0.00019999999999997797
1730172866.766609,0.5341,0.5339,0.534,0.00019999999999997797
1730172867.7691278,0.5341,0.5339,0.534,0.00019999999999997797
1730172868.7722838,0.5341,0.5339,0.534,0.00019999999999997797
1730172869.774941,0.5341,0.5339,0.534,0.00019999999999997797
1730172870.778209,0.5341,0.5339,0.534,0.00019999999999997797
1730172871.780863,0.5341,0.5339,0.534,0.00019999999999997797
1730172872.783914,0.5341,0.534,0.53405,9.999999999998899e-05
1730172873.7868621,0.5341,0.534,0.53405,9.999999999998899e-05
1730172874.790286,0.5341,0.534,0.53405,9.999999999998899e-05
1730172875.793807,0.5341,0.534,0.53405,9.999999999998899e-05
1730172876.79741,0.5341,0.534,0.53405,9.999999999998899e-05
1730172877.800906,0.5341,0.5339,0.534,0.00019999999999997797
1730172878.80437,0.5341,0.5339,0.534,0.00019999999999997797
1730172879.8078258,0.5341,0.5339,0.534,0.00019999999999997797
1730172880.8112829,0.5341,0.5339,0.534,0.00019999999999997797
1730172881.81504,0.5341,0.5339,0.534,0.00019999999999997797
1730172882.8184052,0.5341,0.534,0.53405,9.999999999998899e-05
1730172883.821742,0.5341,0.534,0.53405,9.999999999998899e-05
1730172884.825056,0.5341,0.534,0.53405,9.999999999998899e-05
1730172885.828417,0.5342,0.5341,0.53415,9.999999999998899e-05
1730172886.831726,0.5342,0.5341,0.53415,9.999999999998899e-05
1730172887.835128,0.5342,0.5341,0.53415,9.999999999998899e-05
1730172888.838433,0.5342,0.5341,0.53415,9.999999999998899e-05
1730172889.8418088,0.5342,0.5341,0.53415,9.999999999998899e-05
1730172890.8451352,0.5342,0.534,0.5341,0.00019999999999997797
1730172891.848543,0.5342,0.534,0.5341,0.00019999999999997797
1730172892.851975,0.5342,0.534,0.5341,0.00019999999999997797
1730172893.8553421,0.5342,0.534,0.5341,0.00019999999999997797
1730172894.858849,0.5342,0.534,0.5341,0.00019999999999997797
1730172895.8622458,0.5341,0.534,0.53405,9.999999999998899e-05
1730172896.865669,0.5341,0.534,0.53405,9.999999999998899e-05
1730172897.8690639,0.534,0.5338,0.5339,0.00019999999999997797
1730172898.8720021,0.534,0.5338,0.5339,0.00019999999999997797
1730172899.875488,0.534,0.5338,0.5339,0.00019999999999997797
1730172900.878914,0.534,0.5339,0.53395,9.999999999998899e-05
1730172901.882093,0.534,0.5339,0.53395,9.999999999998899e-05
1730172902.885628,0.534,0.5339,0.53395,9.999999999998899e-05
1730172903.888982,0.534,0.5339,0.53395,9.999999999998899e-05
1730172904.892286,0.534,0.5339,0.53395,9.999999999998899e-05
1730172905.895684,0.534,0.5338,0.5339,0.00019999999999997797
1730172906.898896,0.534,0.5338,0.5339,0.00019999999999997797
1730172907.902217,0.534,0.5338,0.5339,0.00019999999999997797
1730172908.9054148,0.534,0.5338,0.5339,0.00019999999999997797
1730172909.908706,0.534,0.5338,0.5339,0.00019999999999997797
1730172910.911873,0.5339,0.5338,0.53385,9.999999999998899e-05
1730172911.9145331,0.5339,0.5338,0.53385,9.999999999998899e-05
1730172912.9186418,0.5339,0.5338,0.53385,9.999999999998899e-05
1730172913.922027,0.5339,0.5338,0.53385,9.999999999998899e-05
1730172914.925395,0.5339,0.5338,0.53385,9.999999999998899e-05
1730172915.9288378,0.5339,0.5337,0.5338,0.000200000000000089
1730172916.9320471,0.5339,0.5337,0.5338,0.000200000000000089
1730172917.93537,0.5339,0.5338,0.53385,9.999999999998899e-05
1730172918.9387,0.5339,0.5338,0.53385,9.999999999998899e-05
1730172919.942014,0.5339,0.5338,0.53385,9.999999999998899e-05
1730172920.945353,0.5339,0.5337,0.5338,0.000200000000000089
1730172921.948373,0.5339,0.5337,0.5338,0.000200000000000089
1730172922.9503748,0.5339,0.5337,0.5338,0.000200000000000089
1730172923.953214,0.5339,0.5337,0.5338,0.000200000000000089
1730172924.956463,0.5339,0.5337,0.5338,0.000200000000000089
1730172925.9599,0.5339,0.5337,0.5338,0.000200000000000089
1730172926.963329,0.5339,0.5337,0.5338,0.000200000000000089
1730172927.966615,0.5339,0.5337,0.5338,0.000200000000000089
1730172928.969972,0.5339,0.5337,0.5338,0.000200000000000089
1730172929.973331,0.5339,0.5337,0.5338,0.000200000000000089
1730172930.976678,0.5338,0.5336,0.5337000000000001,0.000200000000000089
1730172931.979647,0.5338,0.5336,0.5337000000000001,0.000200000000000089
1730172932.982688,0.5338,0.5336,0.5337000000000001,0.000200000000000089
1730172933.986006,0.5338,0.5336,0.5337000000000001,0.000200000000000089
1730172934.989293,0.5338,0.5336,0.5337000000000001,0.000200000000000089
1730172935.9925451,0.5338,0.5336,0.5337000000000001,0.000200000000000089
1730172936.995765,0.5338,0.5336,0.5337000000000001,0.000200000000000089
1730172937.999028,0.5338,0.5336,0.5337000000000001,0.000200000000000089
1730172939.0024478,0.5338,0.5336,0.5337000000000001,0.000200000000000089
1730172940.00591,0.5338,0.5336,0.5337000000000001,0.000200000000000089
1730172941.00914,0.5337,0.5336,0.53365,9.999999999998899e-05
1730172942.011982,0.5337,0.5336,0.53365,9.999999999998899e-05
1730172943.013957,0.5337,0.5335,0.5336,0.00019999999999997797
1730172944.017112,0.5337,0.5335,0.5336,0.00019999999999997797
1730172945.019496,0.5337,0.5335,0.5336,0.00019999999999997797
1730172946.022801,0.5337,0.5335,0.5336,0.00019999999999997797
1730172947.026171,0.5337,0.5335,0.5336,0.00019999999999997797
1730172948.029679,0.5337,0.5335,0.5336,0.00019999999999997797
1730172949.0330062,0.5337,0.5335,0.5336,0.00019999999999997797
1730172950.0363111,0.5337,0.5334,0.53355,0.00029999999999996696
1730172951.039165,0.5337,0.5334,0.53355,0.00029999999999996696
1730172952.0420659,0.5335,0.5333,0.5334,0.00019999999999997797
1730172953.045395,0.5335,0.5333,0.5334,0.00019999999999997797
1730172954.0488489,0.5335,0.5333,0.5334,0.00019999999999997797
1730172955.052269,0.5335,0.5333,0.5334,0.00019999999999997797
1730172956.055406,0.5335,0.5333,0.5334,0.00019999999999997797
1730172957.058654,0.5335,0.5333,0.5334,0.00019999999999997797
1730172958.062,0.5335,0.5333,0.5334,0.00019999999999997797
1730172959.065312,0.5335,0.5333,0.5334,0.00019999999999997797
1730172960.0686452,0.5335,0.5333,0.5334,0.00019999999999997797
1730172961.072078,0.5335,0.5333,0.5334,0.00019999999999997797
1730172962.075177,0.5336,0.5334,0.5335,0.00019999999999997797
1730172963.078443,0.5336,0.5334,0.5335,0.00019999999999997797
1730172964.081918,0.5335,0.5334,0.53345,9.999999999998899e-05
1730172965.085279,0.5335,0.5334,0.53345,9.999999999998899e-05
1730172966.088578,0.5335,0.5334,0.53345,9.999999999998899e-05
1730172967.091897,0.5335,0.5334,0.53345,9.999999999998899e-05
1730172968.0951622,0.5335,0.5334,0.53345,9.999999999998899e-05
1730172969.098232,0.5335,0.5334,0.53345,9.999999999998899e-05
1730172970.101714,0.5335,0.5334,0.53345,9.999999999998899e-05
1730172971.105042,0.5335,0.5334,0.53345,9.999999999998899e-05
1730172972.10741,0.5335,0.5334,0.53345,9.999999999998899e-05
1730172973.11083,0.5335,0.5334,0.53345,9.999999999998899e-05
1730172974.113576,0.5336,0.5334,0.5335,0.00019999999999997797
1730172975.1165419,0.5336,0.5334,0.5335,0.00019999999999997797
1730172976.1197739,0.5336,0.5334,0.5335,0.00019999999999997797
1730172977.123086,0.5336,0.5334,0.5335,0.00019999999999997797
1730172978.1261492,0.5336,0.5334,0.5335,0.00019999999999997797
1730172979.129441,0.5335,0.5333,0.5334,0.00019999999999997797
1730172980.13271,0.5335,0.5333,0.5334,0.00019999999999997797
1730172981.135915,0.5335,0.5333,0.5334,0.00019999999999997797
1730172982.138465,0.5335,0.5333,0.5334,0.00019999999999997797
1730172983.141911,0.5335,0.5333,0.5334,0.00019999999999997797
1730172984.1452029,0.5335,0.5333,0.5334,0.00019999999999997797
1730172985.148639,0.5335,0.5333,0.5334,0.00019999999999997797
1730172986.1519701,0.5335,0.5333,0.5334,0.00019999999999997797
1730172987.155518,0.5335,0.5333,0.5334,0.00019999999999997797
1730172988.159004,0.5335,0.5333,0.5334,0.00019999999999997797
1730172989.1623209,0.5335,0.5333,0.5334,0.00019999999999997797
1730172990.165511,0.5335,0.5333,0.5334,0.00019999999999997797
1730172991.1690729,0.5335,0.5333,0.5334,0.00019999999999997797
1730172992.172238,0.5334,0.5332,0.5333,0.00019999999999997797
1730172993.175494,0.5334,0.5332,0.5333,0.00019999999999997797
1730172994.178693,0.5333,0.5331,0.5332,0.00019999999999997797
1730172995.18197,0.5333,0.5331,0.5332,0.00019999999999997797
1730172996.18483,0.5333,0.5331,0.5332,0.00019999999999997797
1730172997.1881301,0.5333,0.5331,0.5332,0.00019999999999997797
1730172998.1914098,0.5333,0.5331,0.5332,0.00019999999999997797
1730172999.194452,0.5333,0.5331,0.5332,0.00019999999999997797
1730173000.197688,0.5333,0.5331,0.5332,0.00019999999999997797
1730173001.201032,0.5333,0.5331,0.5332,0.00019999999999997797
1730173002.2043252,0.5333,0.5331,0.5332,0.00019999999999997797
1730173003.2076921,0.5333,0.5331,0.5332,0.00019999999999997797
1730173004.211041,0.5333,0.5331,0.5332,0.00019999999999997797
1730173005.214292,0.5333,0.5331,0.5332,0.00019999999999997797
1730173006.217675,0.5333,0.5332,0.53325,9.999999999998899e-05
1730173007.220891,0.5333,0.5332,0.53325,9.999999999998899e-05
1730173008.22431,0.5333,0.5332,0.53325,9.999999999998899e-05
1730173009.227533,0.5334,0.5332,0.5333,0.00019999999999997797
1730173010.2308102,0.5334,0.5332,0.5333,0.00019999999999997797
1730173011.234093,0.5334,0.5332,0.5333,0.00019999999999997797
1730173012.236963,0.5334,0.5332,0.5333,0.00019999999999997797
1730173013.240454,0.5334,0.5332,0.5333,0.00019999999999997797
1730173014.2439392,0.5334,0.5333,0.53335,9.999999999998899e-05
1730173015.2472892,0.5334,0.5333,0.53335,9.999999999998899e-05
1730173016.250598,0.5334,0.5333,0.53335,9.999999999998899e-05
1730173017.253896,0.5335,0.5333,0.5334,0.00019999999999997797
1730173018.257254,0.5335,0.5333,0.5334,0.00019999999999997797
1730173019.260715,0.5336,0.5334,0.5335,0.00019999999999997797
1730173020.26389,0.5336,0.5334,0.5335,0.00019999999999997797
1730173021.26736,0.5336,0.5334,0.5335,0.00019999999999997797
1730173022.270704,0.5335,0.5333,0.5334,0.00019999999999997797
1730173023.274194,0.5335,0.5333,0.5334,0.00019999999999997797
1730173024.277632,0.5335,0.5333,0.5334,0.00019999999999997797
1730173025.280823,0.5334,0.5332,0.5333,0.00019999999999997797
1730173026.2839072,0.5334,0.5332,0.5333,0.00019999999999997797
1730173027.2870982,0.5334,0.5332,0.5333,0.00019999999999997797
1730173028.290604,0.5334,0.5332,0.5333,0.00019999999999997797
1730173029.2939231,0.5334,0.5332,0.5333,0.00019999999999997797
1730173030.297142,0.5333,0.5331,0.5332,0.00019999999999997797
1730173031.3004391,0.5333,0.5331,0.5332,0.00019999999999997797
1730173032.303445,0.5334,0.5332,0.5333,0.00019999999999997797
1730173033.3067992,0.5334,0.5332,0.5333,0.00019999999999997797
1730173034.310188,0.5334,0.5332,0.5333,0.00019999999999997797
1730173035.313482,0.5334,0.5332,0.5333,0.00019999999999997797
1730173036.3169112,0.5334,0.5332,0.5333,0.00019999999999997797
1730173037.320369,0.5334,0.5332,0.5333,0.00019999999999997797
1730173038.323314,0.5334,0.5332,0.5333,0.00019999999999997797
1730173039.326674,0.5334,0.5332,0.5333,0.00019999999999997797
1730173040.3277938,0.5334,0.5332,0.5333,0.00019999999999997797
1730173041.329015,0.5334,0.5332,0.5333,0.00019999999999997797
1730173042.330144,0.5334,0.5332,0.5333,0.00019999999999997797
1730173043.331402,0.5334,0.5332,0.5333,0.00019999999999997797
1730173044.3327549,0.5334,0.5332,0.5333,0.00019999999999997797
1730173045.3342981,0.5334,0.5332,0.5333,0.00019999999999997797
1730173046.336162,0.5334,0.5332,0.5333,0.00019999999999997797
1730173047.3377259,0.5335,0.5333,0.5334,0.00019999999999997797
1730173048.339513,0.5335,0.5333,0.5334,0.00019999999999997797
1730173049.341456,0.5335,0.5333,0.5334,0.00019999999999997797
1730173050.343049,0.5334,0.5332,0.5333,0.00019999999999997797
1730173051.345294,0.5334,0.5332,0.5333,0.00019999999999997797
1730173052.347243,0.5334,0.5332,0.5333,0.00019999999999997797
1730173053.349449,0.5334,0.5332,0.5333,0.00019999999999997797
1730173054.351688,0.5334,0.5332,0.5333,0.00019999999999997797
1730173055.3539698,0.5334,0.5332,0.5333,0.00019999999999997797
1730173056.356412,0.5334,0.5332,0.5333,0.00019999999999997797
1730173057.359089,0.5334,0.5332,0.5333,0.00019999999999997797
1730173058.3617861,0.5334,0.5332,0.5333,0.00019999999999997797
1730173059.36438,0.5334,0.5332,0.5333,0.00019999999999997797
1730173060.366722,0.5334,0.5332,0.5333,0.00019999999999997797
1730173061.3692942,0.5334,0.5332,0.5333,0.00019999999999997797
1730173062.371666,0.5334,0.5332,0.5333,0.00019999999999997797
1730173063.3743439,0.5333,0.5331,0.5332,0.00019999999999997797
1730173064.377016,0.5333,0.5331,0.5332,0.00019999999999997797
1730173065.3798568,0.5333,0.5331,0.5332,0.00019999999999997797
1730173066.3826308,0.5333,0.5331,0.5332,0.00019999999999997797
1730173067.38541,0.5333,0.5331,0.5332,0.00019999999999997797
1730173068.388288,0.5333,0.5331,0.5332,0.00019999999999997797
1730173069.390715,0.5333,0.5331,0.5332,0.00019999999999997797
1730173070.393452,0.5333,0.5331,0.5332,0.00019999999999997797
1730173071.395187,0.5332,0.533,0.5331,0.00019999999999997797
1730173072.397857,0.5332,0.533,0.5331,0.00019999999999997797
1730173073.400757,0.5332,0.533,0.5331,0.00019999999999997797
1730173074.40342,0.5332,0.533,0.5331,0.00019999999999997797
1730173075.406734,0.5332,0.533,0.5331,0.00019999999999997797
1730173076.409879,0.5332,0.533,0.5331,0.00019999999999997797
1730173077.413067,0.5332,0.533,0.5331,0.00019999999999997797
1730173078.416285,0.5332,0.533,0.5331,0.00019999999999997797
1730173079.419397,0.5332,0.533,0.5331,0.00019999999999997797
1730173080.422453,0.5332,0.533,0.5331,0.00019999999999997797
1730173081.4254231,0.5332,0.533,0.5331,0.00019999999999997797
1730173082.428097,0.5332,0.533,0.5331,0.00019999999999997797
1730173083.4306188,0.5332,0.533,0.5331,0.00019999999999997797
1730173084.433598,0.5332,0.533,0.5331,0.00019999999999997797
1730173085.4365702,0.5332,0.533,0.5331,0.00019999999999997797
1730173086.440044,0.5332,0.533,0.5331,0.00019999999999997797
1730173087.443261,0.5332,0.533,0.5331,0.00019999999999997797
1730173088.446472,0.5332,0.533,0.5331,0.00019999999999997797
1730173089.449706,0.5332,0.533,0.5331,0.00019999999999997797
1730173090.452786,0.5331,0.5329,0.533,0.00019999999999997797
1730173091.455999,0.5331,0.5329,0.533,0.00019999999999997797
1730173092.459028,0.5331,0.5329,0.533,0.00019999999999997797
1730173093.462399,0.5331,0.5329,0.533,0.00019999999999997797
1730173094.465694,0.5331,0.5329,0.533,0.00019999999999997797
1730173095.469035,0.533,0.5328,0.5329,0.00019999999999997797
1730173096.472399,0.533,0.5328,0.5329,0.00019999999999997797
1730173097.475778,0.533,0.5329,0.53295,9.999999999998899e-05
1730173098.4785159,0.533,0.5329,0.53295,9.999999999998899e-05
1730173099.4817438,0.533,0.5329,0.53295,9.999999999998899e-05
1730173100.4848242,0.533,0.5329,0.53295,9.999999999998899e-05
1730173101.487196,0.533,0.5329,0.53295,9.999999999998899e-05
1730173102.4905548,0.5332,0.533,0.5331,0.00019999999999997797
1730173103.4936802,0.5332,0.533,0.5331,0.00019999999999997797
1730173104.496979,0.5332,0.533,0.5331,0.00019999999999997797
1730173105.5002172,0.5331,0.5329,0.533,0.00019999999999997797
1730173106.503563,0.5331,0.5329,0.533,0.00019999999999997797
1730173107.506879,0.5332,0.533,0.5331,0.00019999999999997797
1730173108.5101209,0.5332,0.533,0.5331,0.00019999999999997797
1730173109.513542,0.5332,0.533,0.5331,0.00019999999999997797
1730173110.5167282,0.5331,0.5329,0.533,0.00019999999999997797
1730173111.5199628,0.5331,0.5329,0.533,0.00019999999999997797
1730173112.52303,0.5331,0.5328,0.53295,0.00029999999999996696
1730173113.526172,0.5331,0.5328,0.53295,0.00029999999999996696
1730173114.529496,0.5331,0.5328,0.53295,0.00029999999999996696
1730173115.5327559,0.5331,0.5329,0.533,0.00019999999999997797
1730173116.5360682,0.5331,0.5329,0.533,0.00019999999999997797
1730173117.5392709,0.5331,0.5329,0.533,0.00019999999999997797
1730173118.542636,0.5331,0.5329,0.533,0.00019999999999997797
1730173119.546358,0.5331,0.5329,0.533,0.00019999999999997797
1730173120.5497978,0.5331,0.5329,0.533,0.00019999999999997797
1730173121.553198,0.5331,0.5329,0.533,0.00019999999999997797
1730173122.556295,0.5331,0.5329,0.533,0.00019999999999997797
1730173123.559763,0.5331,0.5329,0.533,0.00019999999999997797
1730173124.562897,0.5331,0.5329,0.533,0.00019999999999997797
1730173125.566101,0.5331,0.5329,0.533,0.00019999999999997797
1730173126.569483,0.5331,0.5329,0.533,0.00019999999999997797
1730173127.572709,0.5331,0.5329,0.533,0.00019999999999997797
1730173128.575946,0.5331,0.5329,0.533,0.00019999999999997797
1730173129.5793018,0.5331,0.5329,0.533,0.00019999999999997797
1730173130.582578,0.5331,0.5329,0.533,0.00019999999999997797
1730173131.585995,0.5331,0.5329,0.533,0.00019999999999997797
1730173132.58926,0.5331,0.5329,0.533,0.00019999999999997797
1730173133.592557,0.5331,0.5329,0.533,0.00019999999999997797
1730173134.595834,0.5331,0.5329,0.533,0.00019999999999997797
1730173135.599206,0.5331,0.5329,0.533,0.00019999999999997797
1730173136.6025019,0.5331,0.5329,0.533,0.00019999999999997797
1730173137.6058948,0.5331,0.5329,0.533,0.00019999999999997797
1730173138.609292,0.5331,0.5329,0.533,0.00019999999999997797
1730173139.612552,0.5331,0.5329,0.533,0.00019999999999997797
1730173140.615792,0.5331,0.5329,0.533,0.00019999999999997797
1730173141.619179,0.5331,0.5329,0.533,0.00019999999999997797
1730173142.622155,0.5331,0.5329,0.533,0.00019999999999997797
1730173143.624692,0.5331,0.5329,0.533,0.00019999999999997797
1730173144.6281521,0.5331,0.5329,0.533,0.00019999999999997797
1730173145.631575,0.5331,0.5329,0.533,0.00019999999999997797
1730173146.6348312,0.5331,0.5329,0.533,0.00019999999999997797
1730173147.63811,0.5333,0.5331,0.5332,0.00019999999999997797
1730173148.641293,0.5333,0.5331,0.5332,0.00019999999999997797
1730173149.644694,0.5333,0.5331,0.5332,0.00019999999999997797
1730173150.6483378,0.5335,0.5333,0.5334,0.00019999999999997797
1730173151.651666,0.5335,0.5333,0.5334,0.00019999999999997797
1730173152.654173,0.5334,0.5332,0.5333,0.00019999999999997797
1730173153.657184,0.5334,0.5332,0.5333,0.00019999999999997797
1730173154.660317,0.5334,0.5332,0.5333,0.00019999999999997797
1730173155.663389,0.5333,0.5331,0.5332,0.00019999999999997797
1730173156.6667662,0.5333,0.5331,0.5332,0.00019999999999997797
1730173157.670169,0.5333,0.5331,0.5332,0.00019999999999997797
1730173158.673395,0.5332,0.533,0.5331,0.00019999999999997797
1730173159.676716,0.5332,0.533,0.5331,0.00019999999999997797
1730173160.680077,0.5332,0.533,0.5331,0.00019999999999997797
1730173161.683363,0.5332,0.533,0.5331,0.00019999999999997797
1730173162.686599,0.5332,0.533,0.5331,0.00019999999999997797
1730173163.689846,0.5332,0.533,0.5331,0.00019999999999997797
1730173164.6931882,0.5332,0.533,0.5331,0.00019999999999997797
1730173165.6960351,0.5332,0.533,0.5331,0.00019999999999997797
1730173166.69924,0.5332,0.533,0.5331,0.00019999999999997797
1730173167.702568,0.5332,0.533,0.5331,0.00019999999999997797
1730173168.705886,0.5331,0.5329,0.533,0.00019999999999997797
1730173169.709229,0.5331,0.5329,0.533,0.00019999999999997797
1730173170.7126458,0.5331,0.5329,0.533,0.00019999999999997797
1730173171.716057,0.5331,0.5329,0.533,0.00019999999999997797
1730173172.719171,0.5331,0.5329,0.533,0.00019999999999997797
1730173173.722616,0.5331,0.5329,0.533,0.00019999999999997797
1730173174.7259068,0.5331,0.5329,0.533,0.00019999999999997797
1730173175.729015,0.5331,0.5329,0.533,0.00019999999999997797
1730173176.732189,0.5331,0.5329,0.533,0.00019999999999997797
1730173177.7350469,0.5331,0.5329,0.533,0.00019999999999997797
1730173178.7382011,0.5331,0.5329,0.533,0.00019999999999997797
1730173179.741505,0.5331,0.5329,0.533,0.00019999999999997797
1730173180.744847,0.5331,0.5329,0.533,0.00019999999999997797
1730173181.748266,0.5331,0.5329,0.533,0.00019999999999997797
1730173182.751607,0.5331,0.5329,0.533,0.00019999999999997797
1730173183.754865,0.5331,0.5329,0.533,0.00019999999999997797
1730173184.7581491,0.5331,0.5329,0.533,0.00019999999999997797
1730173185.7614532,0.5331,0.5329,0.533,0.00019999999999997797
1730173186.7645519,0.5331,0.5329,0.533,0.00019999999999997797
1730173187.767762,0.5331,0.5329,0.533,0.00019999999999997797
1730173188.7711492,0.5331,0.5329,0.533,0.00019999999999997797
1730173189.7741508,0.5331,0.5329,0.533,0.00019999999999997797
1730173190.7773361,0.5331,0.5329,0.533,0.00019999999999997797
1730173191.780666,0.5331,0.5329,0.533,0.00019999999999997797
1730173192.784091,0.5331,0.5329,0.533,0.00019999999999997797
1730173193.78736,0.5331,0.5329,0.533,0.00019999999999997797
1730173194.790663,0.5331,0.5329,0.533,0.00019999999999997797
1730173195.793746,0.5331,0.5329,0.533,0.00019999999999997797
1730173196.797089,0.5331,0.5329,0.533,0.00019999999999997797
1730173197.800462,0.5331,0.5329,0.533,0.00019999999999997797
1730173198.803833,0.5331,0.5329,0.533,0.00019999999999997797
1730173199.807055,0.5331,0.5329,0.533,0.00019999999999997797
1730173200.810334,0.5331,0.5329,0.533,0.00019999999999997797
1730173201.813681,0.5331,0.5329,0.533,0.00019999999999997797
1730173202.816706,0.5331,0.5329,0.533,0.00019999999999997797
1730173203.82,0.5331,0.5329,0.533,0.00019999999999997797
1730173204.823394,0.5331,0.5329,0.533,0.00019999999999997797
1730173205.8268108,0.5331,0.5329,0.533,0.00019999999999997797
1730173206.830094,0.5331,0.5329,0.533,0.00019999999999997797
1730173207.833436,0.5331,0.5329,0.533,0.00019999999999997797
1730173208.836907,0.5331,0.5329,0.533,0.00019999999999997797
1730173209.840331,0.5331,0.5329,0.533,0.00019999999999997797
1730173210.843605,0.5331,0.5329,0.533,0.00019999999999997797
1730173211.846894,0.5331,0.5329,0.533,0.00019999999999997797
1730173212.849636,0.5331,0.5329,0.533,0.00019999999999997797
1730173213.853024,0.533,0.5328,0.5329,0.00019999999999997797
1730173214.856221,0.533,0.5328,0.5329,0.00019999999999997797
1730173215.859508,0.533,0.5328,0.5329,0.00019999999999997797
1730173216.862946,0.533,0.5328,0.5329,0.00019999999999997797
1730173217.8662772,0.533,0.5328,0.5329,0.00019999999999997797
1730173218.8695931,0.533,0.5328,0.5329,0.00019999999999997797
1730173219.873038,0.533,0.5328,0.5329,0.00019999999999997797
1730173220.876425,0.533,0.5328,0.5329,0.00019999999999997797
1730173221.8798962,0.5329,0.5327,0.5327999999999999,0.000200000000000089
1730173222.88313,0.5329,0.5327,0.5327999999999999,0.000200000000000089
1730173223.8864992,0.5329,0.5327,0.5327999999999999,0.000200000000000089
1730173224.8897312,0.5329,0.5327,0.5327999999999999,0.000200000000000089
1730173225.892997,0.5329,0.5327,0.5327999999999999,0.000200000000000089
1730173226.896234,0.5329,0.5327,0.5327999999999999,0.000200000000000089
1730173227.899631,0.5329,0.5327,0.5327999999999999,0.000200000000000089
1730173228.903098,0.5329,0.5327,0.5327999999999999,0.000200000000000089
1730173229.9064178,0.533,0.5328,0.5329,0.00019999999999997797
1730173230.909872,0.533,0.5328,0.5329,0.00019999999999997797
1730173231.913188,0.5329,0.5327,0.5327999999999999,0.000200000000000089
1730173232.91618,0.5329,0.5327,0.5327999999999999,0.000200000000000089
1730173233.919007,0.5329,0.5327,0.5327999999999999,0.000200000000000089
1730173234.922225,0.5328,0.5326,0.5327,0.000200000000000089
1730173235.9254699,0.5328,0.5326,0.5327,0.000200000000000089
1730173236.92909,0.5328,0.5326,0.5327,0.000200000000000089
1730173237.9323342,0.5328,0.5326,0.5327,0.000200000000000089
1730173238.93554,0.5328,0.5326,0.5327,0.000200000000000089
1730173239.938731,0.5328,0.5326,0.5327,0.000200000000000089
1730173240.941953,0.5328,0.5326,0.5327,0.000200000000000089
1730173241.945278,0.5325,0.5323,0.5324,0.00019999999999997797
1730173242.948695,0.5325,0.5323,0.5324,0.00019999999999997797
1730173243.9520588,0.5325,0.5323,0.5324,0.00019999999999997797
1730173244.955391,0.5327,0.5325,0.5326,0.00019999999999997797
1730173245.9586859,0.5327,0.5325,0.5326,0.00019999999999997797
1730173246.962126,0.5328,0.5326,0.5327,0.000200000000000089
1730173247.9653618,0.5328,0.5326,0.5327,0.000200000000000089
1730173248.968343,0.5328,0.5326,0.5327,0.000200000000000089
1730173249.9716501,0.5328,0.5326,0.5327,0.000200000000000089
1730173250.9748092,0.5328,0.5326,0.5327,0.000200000000000089
1730173251.978217,0.5328,0.5326,0.5327,0.000200000000000089
1730173252.981399,0.5328,0.5326,0.5327,0.000200000000000089
1730173253.984875,0.5328,0.5326,0.5327,0.000200000000000089
1730173254.9882429,0.5328,0.5326,0.5327,0.000200000000000089
1730173255.991421,0.5328,0.5326,0.5327,0.000200000000000089
1730173256.994497,0.5328,0.5326,0.5327,0.000200000000000089
1730173257.997817,0.5328,0.5326,0.5327,0.000200000000000089
1730173259.001333,0.5328,0.5326,0.5327,0.000200000000000089
1730173260.004697,0.5328,0.5326,0.5327,0.000200000000000089
1730173261.007999,0.5328,0.5326,0.5327,0.000200000000000089
1730173262.01106,0.5328,0.5326,0.5327,0.000200000000000089
1730173263.014076,0.5325,0.5324,0.53245,9.999999999998899e-05
1730173264.017334,0.5325,0.5324,0.53245,9.999999999998899e-05
1730173265.020424,0.5325,0.5324,0.53245,9.999999999998899e-05
1730173266.0238872,0.5325,0.5324,0.53245,9.999999999998899e-05
1730173267.027355,0.5325,0.5324,0.53245,9.999999999998899e-05
1730173268.030901,0.5327,0.5325,0.5326,0.00019999999999997797
1730173269.0343418,0.5327,0.5325,0.5326,0.00019999999999997797
1730173270.037524,0.5327,0.5325,0.5326,0.00019999999999997797
1730173271.040778,0.5327,0.5325,0.5326,0.00019999999999997797
1730173272.0444102,0.5327,0.5325,0.5326,0.00019999999999997797
1730173273.0469382,0.5325,0.5323,0.5324,0.00019999999999997797
1730173274.050291,0.5325,0.5323,0.5324,0.00019999999999997797
1730173275.053613,0.5325,0.5323,0.5324,0.00019999999999997797
1730173276.057813,0.5325,0.5323,0.5324,0.00019999999999997797
1730173277.062159,0.5325,0.5323,0.5324,0.00019999999999997797
1730173278.066445,0.5324,0.5322,0.5323,0.00019999999999997797
1730173279.070944,0.5324,0.5322,0.5323,0.00019999999999997797
1730173280.07531,0.5324,0.5322,0.5323,0.00019999999999997797
1730173281.079662,0.5324,0.5322,0.5323,0.00019999999999997797
1730173282.083974,0.5324,0.5322,0.5323,0.00019999999999997797
1730173283.08812,0.5324,0.5322,0.5323,0.00019999999999997797
1730173284.0925171,0.5324,0.5322,0.5323,0.00019999999999997797
1730173285.096834,0.5324,0.5322,0.5323,0.00019999999999997797
1730173286.101147,0.5324,0.5322,0.5323,0.00019999999999997797
1730173287.1054,0.5324,0.5322,0.5323,0.00019999999999997797
1730173288.109731,0.5324,0.5322,0.5323,0.00019999999999997797
1730173289.114027,0.5324,0.5322,0.5323,0.00019999999999997797
1730173290.1182249,0.5324,0.5322,0.5323,0.00019999999999997797
1730173291.122447,0.5324,0.5322,0.5323,0.00019999999999997797
1730173292.125531,0.5324,0.5322,0.5323,0.00019999999999997797
1730173293.1286342,0.5324,0.5322,0.5323,0.00019999999999997797
1730173294.1330812,0.5324,0.5322,0.5323,0.00019999999999997797
1730173295.137384,0.5324,0.5322,0.5323,0.00019999999999997797
1730173296.141751,0.5322,0.5321,0.53215,9.999999999998899e-05
1730173297.145967,0.5322,0.5321,0.53215,9.999999999998899e-05
1730173298.15027,0.5322,0.5321,0.53215,9.999999999998899e-05
1730173299.1546052,0.5322,0.5321,0.53215,9.999999999998899e-05
1730173300.158875,0.5322,0.532,0.5321,0.00019999999999997797
1730173301.163101,0.5322,0.532,0.5321,0.00019999999999997797
1730173302.167381,0.5322,0.532,0.5321,0.00019999999999997797
1730173303.171662,0.5322,0.532,0.5321,0.00019999999999997797
1730173304.175919,0.5322,0.532,0.5321,0.00019999999999997797
1730173305.1803079,0.5322,0.532,0.5321,0.00019999999999997797
1730173306.184702,0.5321,0.5319,0.532,0.00019999999999997797
1730173307.1890209,0.5321,0.5319,0.532,0.00019999999999997797
1730173308.193394,0.5324,0.5322,0.5323,0.00019999999999997797
1730173309.1978161,0.5324,0.5322,0.5323,0.00019999999999997797
1730173310.202239,0.5324,0.5323,0.53235,9.999999999998899e-05
1730173311.206395,0.5324,0.5323,0.53235,9.999999999998899e-05
1730173312.2106209,0.5324,0.5323,0.53235,9.999999999998899e-05
1730173313.2149,0.5324,0.5322,0.5323,0.00019999999999997797
1730173314.218977,0.5324,0.5322,0.5323,0.00019999999999997797
1730173315.223029,0.5325,0.5324,0.53245,9.999999999998899e-05
1730173316.227339,0.5325,0.5324,0.53245,9.999999999998899e-05
1730173317.23162,0.5325,0.5324,0.53245,9.999999999998899e-05
1730173318.235874,0.5324,0.5323,0.53235,9.999999999998899e-05
1730173319.240493,0.5324,0.5323,0.53235,9.999999999998899e-05
1730173320.244606,0.5324,0.5322,0.5323,0.00019999999999997797
1730173321.248551,0.5324,0.5322,0.5323,0.00019999999999997797
1730173322.252835,0.5324,0.5322,0.5323,0.00019999999999997797
1730173323.256487,0.5324,0.5322,0.5323,0.00019999999999997797
1730173324.26077,0.5324,0.5322,0.5323,0.00019999999999997797
1730173325.2644632,0.5323,0.5322,0.53225,9.999999999998899e-05
1730173326.268723,0.5323,0.5322,0.53225,9.999999999998899e-05
1730173327.2730849,0.5323,0.5322,0.53225,9.999999999998899e-05
1730173328.277308,0.5323,0.5321,0.5322,0.00019999999999997797
1730173329.281663,0.5323,0.5321,0.5322,0.00019999999999997797
1730173330.286099,0.5323,0.5321,0.5322,0.00019999999999997797
1730173331.289984,0.5323,0.5321,0.5322,0.00019999999999997797
1730173332.294312,0.5323,0.5321,0.5322,0.00019999999999997797
1730173333.2986372,0.5323,0.5321,0.5322,0.00019999999999997797
1730173334.3029919,0.5323,0.5321,0.5322,0.00019999999999997797
1730173335.3069818,0.5323,0.5321,0.5322,0.00019999999999997797
1730173336.311368,0.5323,0.5322,0.53225,9.999999999998899e-05
1730173337.315834,0.5323,0.5322,0.53225,9.999999999998899e-05
1730173338.320107,0.5325,0.5323,0.5324,0.00019999999999997797
1730173339.324503,0.5325,0.5323,0.5324,0.00019999999999997797
1730173340.328693,0.5325,0.5323,0.5324,0.00019999999999997797
1730173341.332392,0.5325,0.5323,0.5324,0.00019999999999997797
1730173342.3367062,0.5325,0.5323,0.5324,0.00019999999999997797
1730173343.341067,0.5325,0.5323,0.5324,0.00019999999999997797
1730173344.346404,0.5325,0.5323,0.5324,0.00019999999999997797
1730173345.350649,0.5325,0.5323,0.5324,0.00019999999999997797
1730173346.35517,0.5325,0.5323,0.5324,0.00019999999999997797
1730173347.359175,0.5325,0.5323,0.5324,0.00019999999999997797
1730173348.36345,0.5325,0.5323,0.5324,0.00019999999999997797
1730173349.36782,0.5325,0.5323,0.5324,0.00019999999999997797
1730173350.37217,0.5324,0.5322,0.5323,0.00019999999999997797
1730173351.375224,0.5324,0.5322,0.5323,0.00019999999999997797
1730173352.378276,0.5324,0.5321,0.53225,0.00029999999999996696
1730173353.3813581,0.5324,0.5321,0.53225,0.00029999999999996696
1730173354.3856251,0.5324,0.5321,0.53225,0.00029999999999996696
1730173355.3894348,0.5323,0.5321,0.5322,0.00019999999999997797
1730173356.393754,0.5323,0.5321,0.5322,0.00019999999999997797
1730173357.3981829,0.5323,0.5321,0.5322,0.00019999999999997797
1730173358.402242,0.5321,0.532,0.53205,9.999999999998899e-05
1730173359.406174,0.5321,0.532,0.53205,9.999999999998899e-05
1730173360.4101691,0.5321,0.5319,0.532,0.00019999999999997797
1730173361.413187,0.5321,0.5319,0.532,0.00019999999999997797
1730173362.41778,0.5321,0.5319,0.532,0.00019999999999997797
1730173363.421921,0.5319,0.5318,0.53185,9.999999999998899e-05
1730173364.426282,0.5319,0.5318,0.53185,9.999999999998899e-05
1730173365.430464,0.5319,0.5318,0.53185,9.999999999998899e-05
1730173366.434859,0.5319,0.5318,0.53185,9.999999999998899e-05
1730173367.4393768,0.5319,0.5318,0.53185,9.999999999998899e-05
1730173368.443679,0.5319,0.5318,0.53185,9.999999999998899e-05
1730173369.448027,0.5319,0.5318,0.53185,9.999999999998899e-05
1730173370.452914,0.532,0.5318,0.5319,0.00019999999999997797
1730173371.456002,0.532,0.5318,0.5319,0.00019999999999997797
1730173372.4603689,0.532,0.5318,0.5319,0.00019999999999997797
1730173373.4646962,0.532,0.5318,0.5319,0.00019999999999997797
1730173374.468853,0.532,0.5318,0.5319,0.00019999999999997797
1730173375.47262,0.532,0.5318,0.5319,0.00019999999999997797
1730173376.4768078,0.532,0.5318,0.5319,0.00019999999999997797
1730173377.480891,0.532,0.5318,0.5319,0.00019999999999997797
1730173378.4875462,0.532,0.5318,0.5319,0.00019999999999997797
1730173379.492327,0.532,0.5318,0.5319,0.00019999999999997797
1730173380.497298,0.532,0.5318,0.5319,0.00019999999999997797
1730173381.501653,0.532,0.5318,0.5319,0.00019999999999997797
1730173382.505692,0.532,0.5318,0.5319,0.00019999999999997797
1730173383.5090718,0.532,0.5318,0.5319,0.00019999999999997797
1730173384.513283,0.532,0.5318,0.5319,0.00019999999999997797
1730173385.517028,0.532,0.5317,0.5318499999999999,0.000300000000000078
1730173386.521491,0.532,0.5317,0.5318499999999999,0.000300000000000078
1730173387.5257962,0.532,0.5317,0.5318499999999999,0.000300000000000078
1730173388.530101,0.532,0.5318,0.5319,0.00019999999999997797
1730173389.533182,0.532,0.5318,0.5319,0.00019999999999997797
1730173390.5373912,0.532,0.5317,0.5318499999999999,0.000300000000000078
1730173391.5414479,0.532,0.5317,0.5318499999999999,0.000300000000000078
1730173392.545602,0.532,0.5317,0.5318499999999999,0.000300000000000078
1730173393.549907,0.532,0.5317,0.5318499999999999,0.000300000000000078
1730173394.554136,0.532,0.5317,0.5318499999999999,0.000300000000000078
1730173395.5577521,0.532,0.5317,0.5318499999999999,0.000300000000000078
1730173396.5620952,0.532,0.5317,0.5318499999999999,0.000300000000000078
1730173397.566463,0.532,0.5317,0.5318499999999999,0.000300000000000078
1730173398.5703738,0.5319,0.5317,0.5318,0.000200000000000089
1730173399.574738,0.5319,0.5317,0.5318,0.000200000000000089
1730173400.579071,0.5319,0.5317,0.5318,0.000200000000000089
1730173401.582407,0.5319,0.5317,0.5318,0.000200000000000089
1730173402.5865312,0.5319,0.5317,0.5318,0.000200000000000089
1730173403.590566,0.5317,0.5316,0.53165,9.999999999998899e-05
1730173404.5947862,0.5317,0.5316,0.53165,9.999999999998899e-05
1730173405.5986402,0.5317,0.5316,0.53165,9.999999999998899e-05
1730173406.606061,0.5317,0.5316,0.53165,9.999999999998899e-05
1730173407.610487,0.5317,0.5316,0.53165,9.999999999998899e-05
1730173408.61474,0.5317,0.5316,0.53165,9.999999999998899e-05
1730173409.6193779,0.5317,0.5316,0.53165,9.999999999998899e-05
1730173410.6238022,0.5317,0.5316,0.53165,9.999999999998899e-05
1730173411.627923,0.5317,0.5316,0.53165,9.999999999998899e-05
1730173412.632187,0.5317,0.5316,0.53165,9.999999999998899e-05
1730173413.6360378,0.5317,0.5316,0.53165,9.999999999998899e-05
1730173414.638894,0.5317,0.5316,0.53165,9.999999999998899e-05
1730173415.642596,0.5317,0.5316,0.53165,9.999999999998899e-05
1730173416.646864,0.5318,0.5316,0.5317000000000001,0.000200000000000089
1730173417.650878,0.5318,0.5316,0.5317000000000001,0.000200000000000089
1730173418.655166,0.5318,0.5316,0.5317000000000001,0.000200000000000089
1730173419.6595142,0.5318,0.5316,0.5317000000000001,0.000200000000000089
1730173420.663737,0.5319,0.5316,0.53175,0.000300000000000078
1730173421.667831,0.5319,0.5316,0.53175,0.000300000000000078
1730173422.671819,0.5319,0.5316,0.53175,0.000300000000000078
1730173423.6761248,0.5319,0.5316,0.53175,0.000300000000000078
1730173424.6803122,0.5319,0.5316,0.53175,0.000300000000000078
1730173425.6839921,0.5319,0.5316,0.53175,0.000300000000000078
1730173426.68833,0.5319,0.5316,0.53175,0.000300000000000078
1730173427.692511,0.5319,0.5316,0.53175,0.000300000000000078
1730173428.6968389,0.532,0.5318,0.5319,0.00019999999999997797
1730173429.701195,0.532,0.5318,0.5319,0.00019999999999997797
1730173430.7055721,0.532,0.5318,0.5319,0.00019999999999997797
1730173431.709773,0.532,0.5318,0.5319,0.00019999999999997797
1730173432.7143009,0.5322,0.532,0.5321,0.00019999999999997797
1730173433.718345,0.5322,0.532,0.5321,0.00019999999999997797
1730173434.722728,0.5322,0.532,0.5321,0.00019999999999997797
1730173435.7263758,0.5322,0.532,0.5321,0.00019999999999997797
1730173436.730768,0.5322,0.532,0.5321,0.00019999999999997797
1730173437.734774,0.5322,0.532,0.5321,0.00019999999999997797
1730173438.739241,0.5322,0.532,0.5321,0.00019999999999997797
1730173439.743668,0.5322,0.532,0.5321,0.00019999999999997797
1730173440.74776,0.5322,0.532,0.5321,0.00019999999999997797
1730173441.752212,0.5322,0.532,0.5321,0.00019999999999997797
1730173442.754878,0.5322,0.532,0.5321,0.00019999999999997797
1730173443.7583392,0.5321,0.5319,0.532,0.00019999999999997797
1730173444.762788,0.5321,0.5319,0.532,0.00019999999999997797
1730173445.766695,0.5322,0.532,0.5321,0.00019999999999997797
1730173446.7697542,0.5322,0.532,0.5321,0.00019999999999997797
1730173447.774107,0.5322,0.532,0.5321,0.00019999999999997797
1730173448.7784388,0.5321,0.5319,0.532,0.00019999999999997797
1730173449.782729,0.5321,0.5319,0.532,0.00019999999999997797
1730173450.786316,0.5319,0.5317,0.5318,0.000200000000000089
1730173451.790545,0.5319,0.5317,0.5318,0.000200000000000089
1730173452.7945652,0.5319,0.5317,0.5318,0.000200000000000089
1730173453.798815,0.5319,0.5316,0.53175,0.000300000000000078
1730173454.8029451,0.5319,0.5316,0.53175,0.000300000000000078
1730173455.805942,0.5319,0.5317,0.5318,0.000200000000000089
1730173456.810266,0.5319,0.5317,0.5318,0.000200000000000089
1730173457.814707,0.5319,0.5317,0.5318,0.000200000000000089
1730173458.819009,0.5319,0.5317,0.5318,0.000200000000000089
1730173459.823293,0.5319,0.5317,0.5318,0.000200000000000089
1730173460.8276548,0.5319,0.5317,0.5318,0.000200000000000089
1730173461.831918,0.5319,0.5317,0.5318,0.000200000000000089
1730173462.836195,0.5319,0.5317,0.5318,0.000200000000000089
1730173463.840499,0.5319,0.5317,0.5318,0.000200000000000089
1730173464.844911,0.5319,0.5317,0.5318,0.000200000000000089
1730173465.849092,0.5319,0.5317,0.5318,0.000200000000000089
1730173466.853531,0.5319,0.5317,0.5318,0.000200000000000089
1730173467.8578172,0.5319,0.5317,0.5318,0.000200000000000089
1730173468.862139,0.5318,0.5317,0.53175,0.00010000000000010001
1730173469.866421,0.5318,0.5317,0.53175,0.00010000000000010001
1730173470.870754,0.5318,0.5316,0.5317000000000001,0.000200000000000089
1730173471.8752499,0.5318,0.5316,0.5317000000000001,0.000200000000000089
1730173472.879638,0.5318,0.5316,0.5317000000000001,0.000200000000000089
1730173473.883584,0.5317,0.5315,0.5316,0.00019999999999997797
1730173474.887819,0.5317,0.5315,0.5316,0.00019999999999997797
1730173475.8915899,0.5317,0.5315,0.5316,0.00019999999999997797
1730173476.895809,0.5317,0.5315,0.5316,0.00019999999999997797
1730173477.900016,0.5317,0.5315,0.5316,0.00019999999999997797
1730173478.904275,0.5316,0.5315,0.53155,9.999999999998899e-05
1730173479.908565,0.5316,0.5315,0.53155,9.999999999998899e-05
1730173480.912856,0.5316,0.5315,0.53155,9.999999999998899e-05
1730173481.917166,0.5316,0.5314,0.5315,0.00019999999999997797
1730173482.921241,0.5316,0.5314,0.5315,0.00019999999999997797
1730173483.92571,0.5316,0.5314,0.5315,0.00019999999999997797
1730173484.9281049,0.5316,0.5314,0.5315,0.00019999999999997797
1730173485.932081,0.5316,0.5314,0.5315,0.00019999999999997797
1730173486.9363232,0.5316,0.5314,0.5315,0.00019999999999997797
1730173487.940526,0.5316,0.5314,0.5315,0.00019999999999997797
1730173488.944797,0.5316,0.5314,0.5315,0.00019999999999997797
1730173489.949206,0.5316,0.5314,0.5315,0.00019999999999997797
1730173490.953705,0.5316,0.5314,0.5315,0.00019999999999997797
1730173491.95808,0.5316,0.5314,0.5315,0.00019999999999997797
1730173492.9624052,0.5316,0.5314,0.5315,0.00019999999999997797
1730173493.966741,0.5316,0.5314,0.5315,0.00019999999999997797
1730173494.971164,0.5316,0.5314,0.5315,0.00019999999999997797
1730173495.975311,0.5316,0.5314,0.5315,0.00019999999999997797
1730173496.97958,0.5316,0.5314,0.5315,0.00019999999999997797
1730173497.9840682,0.5316,0.5314,0.5315,0.00019999999999997797
1730173498.9885519,0.5316,0.5314,0.5315,0.00019999999999997797
1730173499.992883,0.5316,0.5314,0.5315,0.00019999999999997797
1730173500.996715,0.5316,0.5314,0.5315,0.00019999999999997797
1730173502.001033,0.5316,0.5314,0.5315,0.00019999999999997797
1730173503.0046542,0.5316,0.5314,0.5315,0.00019999999999997797
1730173504.0088499,0.5316,0.5314,0.5315,0.00019999999999997797
1730173505.0130188,0.5316,0.5314,0.5315,0.00019999999999997797
1730173506.0177548,0.5317,0.5315,0.5316,0.00019999999999997797
1730173507.0221272,0.5317,0.5315,0.5316,0.00019999999999997797
1730173508.026505,0.5318,0.5316,0.5317000000000001,0.000200000000000089
1730173509.030862,0.5318,0.5316,0.5317000000000001,0.000200000000000089
1730173510.0354612,0.5318,0.5316,0.5317000000000001,0.000200000000000089
1730173511.039857,0.5318,0.5316,0.5317000000000001,0.000200000000000089
1730173512.0441742,0.5318,0.5316,0.5317000000000001,0.000200000000000089
1730173513.048598,0.5318,0.5316,0.5317000000000001,0.000200000000000089
1730173514.0530849,0.5318,0.5316,0.5317000000000001,0.000200000000000089
1730173515.0573921,0.5318,0.5316,0.5317000000000001,0.000200000000000089
1730173516.061808,0.532,0.5318,0.5319,0.00019999999999997797
1730173517.0656672,0.532,0.5318,0.5319,0.00019999999999997797
1730173518.070209,0.532,0.5318,0.5319,0.00019999999999997797
1730173519.074589,0.532,0.5318,0.5319,0.00019999999999997797
1730173520.078838,0.532,0.5318,0.5319,0.00019999999999997797
1730173521.083029,0.532,0.5318,0.5319,0.00019999999999997797
1730173522.0874372,0.532,0.5318,0.5319,0.00019999999999997797
1730173523.091428,0.532,0.5318,0.5319,0.00019999999999997797
1730173524.095884,0.532,0.5318,0.5319,0.00019999999999997797
1730173525.100267,0.532,0.5318,0.5319,0.00019999999999997797
1730173526.1047418,0.5319,0.5318,0.53185,9.999999999998899e-05
1730173527.1091561,0.5319,0.5318,0.53185,9.999999999998899e-05
1730173528.113117,0.532,0.5318,0.5319,0.00019999999999997797
1730173529.1174452,0.532,0.5318,0.5319,0.00019999999999997797
1730173530.121753,0.532,0.5318,0.5319,0.00019999999999997797
1730173531.126173,0.532,0.5318,0.5319,0.00019999999999997797
1730173532.1307452,0.532,0.5318,0.5319,0.00019999999999997797
1730173533.134958,0.532,0.5318,0.5319,0.00019999999999997797
1730173534.1393678,0.532,0.5318,0.5319,0.00019999999999997797
1730173535.1442611,0.532,0.5318,0.5319,0.00019999999999997797
1730173536.1485288,0.532,0.5318,0.5319,0.00019999999999997797
1730173537.152759,0.532,0.5318,0.5319,0.00019999999999997797
1730173538.1569338,0.5321,0.5319,0.532,0.00019999999999997797
1730173539.161202,0.5321,0.5319,0.532,0.00019999999999997797
1730173540.16561,0.5321,0.5319,0.532,0.00019999999999997797
1730173541.169728,0.5321,0.5319,0.532,0.00019999999999997797
1730173542.174019,0.5321,0.5319,0.532,0.00019999999999997797
1730173543.1784651,0.5321,0.5319,0.532,0.00019999999999997797
1730173544.1827898,0.5321,0.5319,0.532,0.00019999999999997797
1730173545.187228,0.5321,0.5319,0.532,0.00019999999999997797
1730173546.191621,0.5321,0.5319,0.532,0.00019999999999997797
1730173547.1958551,0.5321,0.5319,0.532,0.00019999999999997797
1730173548.200437,0.5321,0.5319,0.532,0.00019999999999997797
1730173549.204886,0.5321,0.5319,0.532,0.00019999999999997797
1730173550.210019,0.5321,0.5319,0.532,0.00019999999999997797
1730173551.2141519,0.5321,0.5319,0.532,0.00019999999999997797
1730173552.218667,0.5321,0.5319,0.532,0.00019999999999997797
1730173553.2230458,0.5321,0.5319,0.532,0.00019999999999997797
1730173554.227214,0.5321,0.5319,0.532,0.00019999999999997797
1730173555.23145,0.5321,0.5319,0.532,0.00019999999999997797
1730173556.23571,0.5321,0.5319,0.532,0.00019999999999997797
1730173557.239964,0.5321,0.5319,0.532,0.00019999999999997797
1730173558.244422,0.5321,0.5319,0.532,0.00019999999999997797
1730173559.248986,0.532,0.5318,0.5319,0.00019999999999997797
1730173560.253696,0.532,0.5318,0.5319,0.00019999999999997797
1730173561.257971,0.5321,0.5319,0.532,0.00019999999999997797
1730173562.262273,0.5321,0.5319,0.532,0.00019999999999997797
1730173563.2657988,0.5321,0.5319,0.532,0.00019999999999997797
1730173564.27003,0.5321,0.5319,0.532,0.00019999999999997797
1730173565.274251,0.5321,0.5319,0.532,0.00019999999999997797
1730173566.2787251,0.532,0.5318,0.5319,0.00019999999999997797
1730173567.2832608,0.532,0.5318,0.5319,0.00019999999999997797
1730173568.287026,0.532,0.5318,0.5319,0.00019999999999997797
1730173569.291252,0.532,0.5318,0.5319,0.00019999999999997797
1730173570.295476,0.532,0.5318,0.5319,0.00019999999999997797
1730173571.299437,0.532,0.5318,0.5319,0.00019999999999997797
1730173572.302088,0.5319,0.5317,0.5318,0.000200000000000089
1730173573.305504,0.5319,0.5317,0.5318,0.000200000000000089
1730173574.3097029,0.5319,0.5317,0.5318,0.000200000000000089
1730173575.31395,0.5319,0.5317,0.5318,0.000200000000000089
1730173576.3186429,0.5319,0.5317,0.5318,0.000200000000000089
1730173577.322956,0.5319,0.5317,0.5318,0.000200000000000089
1730173578.327447,0.5319,0.5317,0.5318,0.000200000000000089
1730173579.332012,0.5319,0.5317,0.5318,0.000200000000000089
1730173580.336425,0.5317,0.5315,0.5316,0.00019999999999997797
1730173581.340723,0.5317,0.5315,0.5316,0.00019999999999997797
1730173582.345182,0.5317,0.5315,0.5316,0.00019999999999997797
1730173583.34934,0.5317,0.5315,0.5316,0.00019999999999997797
1730173584.353772,0.5317,0.5315,0.5316,0.00019999999999997797
1730173585.3581572,0.5317,0.5315,0.5316,0.00019999999999997797
1730173586.362367,0.5317,0.5315,0.5316,0.00019999999999997797
1730173587.3666592,0.5319,0.5317,0.5318,0.000200000000000089
1730173588.3705971,0.5319,0.5317,0.5318,0.000200000000000089
1730173589.3749309,0.5319,0.5317,0.5318,0.000200000000000089
1730173590.379141,0.5319,0.5317,0.5318,0.000200000000000089
1730173591.38347,0.5319,0.5317,0.5318,0.000200000000000089
1730173592.387634,0.5319,0.5317,0.5318,0.000200000000000089
1730173593.390561,0.5319,0.5317,0.5318,0.000200000000000089
1730173594.394667,0.5319,0.5317,0.5318,0.000200000000000089
1730173595.3990788,0.5321,0.5318,0.53195,0.00029999999999996696
1730173596.403413,0.5321,0.5318,0.53195,0.00029999999999996696
1730173597.40783,0.532,0.5318,0.5319,0.00019999999999997797
1730173598.4119549,0.532,0.5318,0.5319,0.00019999999999997797
1730173599.416337,0.532,0.5318,0.5319,0.00019999999999997797
1730173600.420801,0.532,0.5318,0.5319,0.00019999999999997797
1730173601.4251971,0.532,0.5318,0.5319,0.00019999999999997797
1730173602.429597,0.532,0.5317,0.5318499999999999,0.000300000000000078
1730173603.433676,0.532,0.5317,0.5318499999999999,0.000300000000000078
1730173604.4380128,0.532,0.5317,0.5318499999999999,0.000300000000000078
1730173605.442441,0.532,0.5317,0.5318499999999999,0.000300000000000078
1730173606.4468548,0.532,0.5317,0.5318499999999999,0.000300000000000078
1730173607.451284,0.532,0.5317,0.5318499999999999,0.000300000000000078
1730173608.455692,0.5319,0.5317,0.5318,0.000200000000000089
1730173609.460176,0.5319,0.5317,0.5318,0.000200000000000089
1730173610.464393,0.5319,0.5317,0.5318,0.000200000000000089
1730173611.468658,0.5319,0.5317,0.5318,0.000200000000000089
1730173612.472855,0.5318,0.5316,0.5317000000000001,0.000200000000000089
1730173613.477056,0.5318,0.5316,0.5317000000000001,0.000200000000000089
1730173614.481148,0.5318,0.5316,0.5317000000000001,0.000200000000000089
1730173615.485462,0.5319,0.5317,0.5318,0.000200000000000089
1730173616.489372,0.5319,0.5317,0.5318,0.000200000000000089
1730173617.4936068,0.5319,0.5317,0.5318,0.000200000000000089
1730173618.4979782,0.5318,0.5316,0.5317000000000001,0.000200000000000089
1730173619.5021389,0.5318,0.5316,0.5317000000000001,0.000200000000000089
1730173620.5064151,0.5319,0.5317,0.5318,0.000200000000000089
1730173621.510725,0.5319,0.5317,0.5318,0.000200000000000089
1730173622.515024,0.5319,0.5317,0.5318,0.000200000000000089
1730173623.519403,0.5319,0.5317,0.5318,0.000200000000000089
1730173624.5238478,0.5319,0.5317,0.5318,0.000200000000000089
1730173625.528194,0.5319,0.5317,0.5318,0.000200000000000089
1730173626.532532,0.5318,0.5316,0.5317000000000001,0.000200000000000089
1730173627.536962,0.5318,0.5316,0.5317000000000001,0.000200000000000089
1730173628.541406,0.5318,0.5316,0.5317000000000001,0.000200000000000089
1730173629.5457659,0.5318,0.5316,0.5317000000000001,0.000200000000000089
1730173630.5502,0.5318,0.5316,0.5317000000000001,0.000200000000000089
1730173631.554585,0.5318,0.5316,0.5317000000000001,0.000200000000000089
1730173632.558571,0.5318,0.5316,0.5317000000000001,0.000200000000000089
1730173633.563004,0.5317,0.5315,0.5316,0.00019999999999997797
1730173634.5676732,0.5317,0.5315,0.5316,0.00019999999999997797
1730173635.5713038,0.5317,0.5315,0.5316,0.00019999999999997797
1730173636.575667,0.5316,0.5314,0.5315,0.00019999999999997797
1730173637.5797892,0.5316,0.5314,0.5315,0.00019999999999997797
1730173638.5843048,0.5315,0.5313,0.5314,0.00019999999999997797
1730173639.588657,0.5315,0.5313,0.5314,0.00019999999999997797
1730173640.59309,0.5315,0.5313,0.5314,0.00019999999999997797
1730173641.5973241,0.5315,0.5313,0.5314,0.00019999999999997797
1730173642.601527,0.5315,0.5313,0.5314,0.00019999999999997797
1730173643.605509,0.5315,0.5313,0.5314,0.00019999999999997797
1730173644.6096692,0.5315,0.5313,0.5314,0.00019999999999997797
1730173645.656714,0.5316,0.5314,0.5315,0.00019999999999997797
1730173646.659505,0.5316,0.5314,0.5315,0.00019999999999997797
1730173647.663386,0.5316,0.5314,0.5315,0.00019999999999997797
1730173648.667954,0.5316,0.5315,0.53155,9.999999999998899e-05
1730173649.672561,0.5316,0.5315,0.53155,9.999999999998899e-05
1730173650.676455,0.5317,0.5316,0.53165,9.999999999998899e-05
1730173651.679595,0.5317,0.5316,0.53165,9.999999999998899e-05
1730173652.69001,0.5317,0.5316,0.53165,9.999999999998899e-05
1730173653.694298,0.5318,0.5317,0.53175,0.00010000000000010001
1730173654.6984162,0.5318,0.5317,0.53175,0.00010000000000010001
1730173655.702774,0.5318,0.5317,0.53175,0.00010000000000010001
1730173656.707071,0.5318,0.5317,0.53175,0.00010000000000010001
1730173657.711361,0.532,0.5318,0.5319,0.00019999999999997797
1730173658.715755,0.532,0.5318,0.5319,0.00019999999999997797
1730173659.719389,0.532,0.5318,0.5319,0.00019999999999997797
1730173660.723661,0.5318,0.5317,0.53175,0.00010000000000010001
1730173661.7279449,0.5318,0.5317,0.53175,0.00010000000000010001
1730173662.731835,0.532,0.5318,0.5319,0.00019999999999997797
1730173663.736114,0.532,0.5318,0.5319,0.00019999999999997797
1730173664.740764,0.532,0.5318,0.5319,0.00019999999999997797
1730173665.744926,0.5318,0.5316,0.5317000000000001,0.000200000000000089
1730173666.7493272,0.5318,0.5316,0.5317000000000001,0.000200000000000089
1730173667.7527092,0.5318,0.5316,0.5317000000000001,0.000200000000000089
1730173668.756453,0.5318,0.5316,0.5317000000000001,0.000200000000000089
1730173669.76077,0.5318,0.5316,0.5317000000000001,0.000200000000000089
1730173670.765185,0.5317,0.5315,0.5316,0.00019999999999997797
1730173671.768827,0.5317,0.5315,0.5316,0.00019999999999997797
1730173672.773262,0.5317,0.5315,0.5316,0.00019999999999997797
1730173673.777678,0.5317,0.5315,0.5316,0.00019999999999997797
1730173674.7820868,0.5317,0.5315,0.5316,0.00019999999999997797
1730173675.78636,0.5317,0.5315,0.5316,0.00019999999999997797
1730173676.790612,0.5317,0.5315,0.5316,0.00019999999999997797
1730173677.794915,0.5318,0.5316,0.5317000000000001,0.000200000000000089
1730173678.799248,0.5318,0.5316,0.5317000000000001,0.000200000000000089
1730173679.8033621,0.5318,0.5316,0.5317000000000001,0.000200000000000089
1730173680.80718,0.5318,0.5316,0.5317000000000001,0.000200000000000089
1730173681.811525,0.5318,0.5316,0.5317000000000001,0.000200000000000089
1730173682.8159192,0.5318,0.5316,0.5317000000000001,0.000200000000000089
1730173683.8201978,0.5318,0.5316,0.5317000000000001,0.000200000000000089
1730173684.824627,0.5318,0.5316,0.5317000000000001,0.000200000000000089
1730173685.82913,0.5318,0.5316,0.5317000000000001,0.000200000000000089
1730173686.833469,0.5318,0.5316,0.5317000000000001,0.000200000000000089
1730173687.837881,0.5318,0.5316,0.5317000000000001,0.000200000000000089
1730173688.84215,0.5318,0.5316,0.5317000000000001,0.000200000000000089
1730173689.8465621,0.5318,0.5316,0.5317000000000001,0.000200000000000089
1730173690.85109,0.5318,0.5316,0.5317000000000001,0.000200000000000089
1730173691.8552709,0.5318,0.5316,0.5317000000000001,0.000200000000000089
1730173692.858312,0.532,0.5318,0.5319,0.00019999999999997797
1730173693.862616,0.532,0.5318,0.5319,0.00019999999999997797
1730173694.866932,0.532,0.5318,0.5319,0.00019999999999997797
1730173695.8710232,0.5319,0.5317,0.5318,0.000200000000000089
1730173696.875386,0.5319,0.5317,0.5318,0.000200000000000089
1730173697.879761,0.5319,0.5317,0.5318,0.000200000000000089
1730173698.884164,0.5319,0.5317,0.5318,0.000200000000000089
1730173699.888427,0.5319,0.5317,0.5318,0.000200000000000089
1730173700.8927119,0.532,0.5318,0.5319,0.00019999999999997797
1730173701.8969269,0.532,0.5318,0.5319,0.00019999999999997797
1730173702.901082,0.532,0.5318,0.5319,0.00019999999999997797
1730173703.905364,0.532,0.5318,0.5319,0.00019999999999997797
1730173704.909698,0.532,0.5318,0.5319,0.00019999999999997797
1730173705.914022,0.532,0.5318,0.5319,0.00019999999999997797
1730173706.9182951,0.532,0.5318,0.5319,0.00019999999999997797
1730173707.9226,0.5321,0.5319,0.532,0.00019999999999997797
1730173708.92681,0.5321,0.5319,0.532,0.00019999999999997797
1730173709.931031,0.5322,0.532,0.5321,0.00019999999999997797
1730173710.934976,0.5322,0.532,0.5321,0.00019999999999997797
1730173711.93938,0.5322,0.532,0.5321,0.00019999999999997797
1730173712.943632,0.5321,0.5319,0.532,0.00019999999999997797
1730173713.948194,0.5321,0.5319,0.532,0.00019999999999997797
1730173714.951702,0.5321,0.5319,0.532,0.00019999999999997797
1730173715.95556,0.5321,0.5319,0.532,0.00019999999999997797
1730173716.959518,0.5321,0.5319,0.532,0.00019999999999997797
1730173717.963941,0.5321,0.5319,0.532,0.00019999999999997797
1730173718.9681249,0.5321,0.5319,0.532,0.00019999999999997797
1730173719.972109,0.5322,0.532,0.5321,0.00019999999999997797
1730173720.976147,0.5322,0.532,0.5321,0.00019999999999997797
1730173721.979112,0.5322,0.532,0.5321,0.00019999999999997797
1730173722.983361,0.5321,0.5319,0.532,0.00019999999999997797
1730173723.987666,0.5321,0.5319,0.532,0.00019999999999997797
1730173724.991893,0.5321,0.5319,0.532,0.00019999999999997797
1730173725.996216,0.5321,0.5319,0.532,0.00019999999999997797
1730173727.0003798,0.5321,0.5319,0.532,0.00019999999999997797
1730173728.0044868,0.5322,0.532,0.5321,0.00019999999999997797
1730173729.008851,0.5322,0.532,0.5321,0.00019999999999997797
1730173730.013261,0.5322,0.532,0.5321,0.00019999999999997797
1730173731.0173419,0.5322,0.532,0.5321,0.00019999999999997797
1730173732.021761,0.5322,0.532,0.5321,0.00019999999999997797
1730173733.0260239,0.5321,0.5319,0.532,0.00019999999999997797
1730173734.030406,0.5321,0.5319,0.532,0.00019999999999997797
1730173735.034548,0.5321,0.5319,0.532,0.00019999999999997797
1730173736.038857,0.5323,0.532,0.53215,0.00029999999999996696
1730173737.043127,0.5323,0.532,0.53215,0.00029999999999996696
1730173738.047612,0.5323,0.532,0.53215,0.00029999999999996696
1730173739.051989,0.5322,0.532,0.5321,0.00019999999999997797
1730173740.056258,0.5322,0.532,0.5321,0.00019999999999997797
1730173741.0604951,0.5322,0.532,0.5321,0.00019999999999997797
1730173742.064765,0.5322,0.532,0.5321,0.00019999999999997797
1730173743.0681999,0.5322,0.532,0.5321,0.00019999999999997797
1730173744.071695,0.5321,0.5319,0.532,0.00019999999999997797
1730173745.0756109,0.5321,0.5319,0.532,0.00019999999999997797
1730173746.080097,0.5321,0.5319,0.532,0.00019999999999997797
1730173747.084533,0.5321,0.5319,0.532,0.00019999999999997797
1730173748.0890229,0.5321,0.5319,0.532,0.00019999999999997797
1730173749.093271,0.5321,0.5319,0.532,0.00019999999999997797
1730173750.097365,0.5321,0.5319,0.532,0.00019999999999997797
1730173751.100807,0.5321,0.5319,0.532,0.00019999999999997797
1730173752.105402,0.5322,0.532,0.5321,0.00019999999999997797
1730173753.109844,0.5322,0.532,0.5321,0.00019999999999997797
1730173754.1142972,0.5322,0.532,0.5321,0.00019999999999997797
1730173755.118724,0.5322,0.532,0.5321,0.00019999999999997797
1730173756.1232781,0.5322,0.532,0.5321,0.00019999999999997797
1730173757.12759,0.5322,0.532,0.5321,0.00019999999999997797
1730173758.131891,0.5322,0.532,0.5321,0.00019999999999997797
1730173759.136221,0.5323,0.532,0.53215,0.00029999999999996696
1730173760.142669,0.5323,0.532,0.53215,0.00029999999999996696
1730173761.147169,0.5323,0.532,0.53215,0.00029999999999996696
1730173762.151753,0.5321,0.5319,0.532,0.00019999999999997797
1730173763.156095,0.5321,0.5319,0.532,0.00019999999999997797
1730173764.160563,0.532,0.5318,0.5319,0.00019999999999997797
1730173765.1649761,0.532,0.5318,0.5319,0.00019999999999997797
1730173766.1692622,0.532,0.5317,0.5318499999999999,0.000300000000000078
1730173767.173792,0.532,0.5317,0.5318499999999999,0.000300000000000078
1730173768.179574,0.532,0.5317,0.5318499999999999,0.000300000000000078
1730173769.184248,0.5322,0.532,0.5321,0.00019999999999997797
1730173770.1886039,0.5322,0.532,0.5321,0.00019999999999997797
1730173771.192981,0.5322,0.532,0.5321,0.00019999999999997797
1730173772.197113,0.5322,0.532,0.5321,0.00019999999999997797
1730173773.201227,0.5322,0.532,0.5321,0.00019999999999997797
1730173774.205685,0.5322,0.532,0.5321,0.00019999999999997797
1730173775.209835,0.5322,0.532,0.5321,0.00019999999999997797
1730173776.214445,0.5322,0.532,0.5321,0.00019999999999997797
1730173777.218765,0.5322,0.532,0.5321,0.00019999999999997797
1730173778.223182,0.5322,0.532,0.5321,0.00019999999999997797
1730173779.2276402,0.5322,0.532,0.5321,0.00019999999999997797
1730173780.23216,0.5322,0.532,0.5321,0.00019999999999997797
1730173781.236635,0.5322,0.532,0.5321,0.00019999999999997797
1730173782.241045,0.5322,0.532,0.5321,0.00019999999999997797
1730173783.245475,0.5322,0.532,0.5321,0.00019999999999997797
1730173784.249823,0.5322,0.532,0.5321,0.00019999999999997797
1730173785.2541811,0.5322,0.532,0.5321,0.00019999999999997797
1730173786.258549,0.5322,0.532,0.5321,0.00019999999999997797
1730173787.262718,0.5322,0.532,0.5321,0.00019999999999997797
1730173788.267018,0.5322,0.532,0.5321,0.00019999999999997797
1730173789.271317,0.5322,0.532,0.5321,0.00019999999999997797
1730173790.275546,0.5322,0.532,0.5321,0.00019999999999997797
1730173791.279923,0.5322,0.532,0.5321,0.00019999999999997797
1730173792.284114,0.5322,0.532,0.5321,0.00019999999999997797
1730173793.288337,0.5322,0.532,0.5321,0.00019999999999997797
1730173794.2925398,0.5322,0.532,0.5321,0.00019999999999997797
1730173795.296731,0.5321,0.5319,0.532,0.00019999999999997797
1730173796.3011048,0.5321,0.5319,0.532,0.00019999999999997797
1730173797.305634,0.5321,0.5319,0.532,0.00019999999999997797
1730173798.310085,0.532,0.5318,0.5319,0.00019999999999997797
1730173799.314511,0.532,0.5318,0.5319,0.00019999999999997797
1730173800.318791,0.532,0.5318,0.5319,0.00019999999999997797
1730173801.323006,0.532,0.5318,0.5319,0.00019999999999997797
1730173802.327334,0.532,0.5318,0.5319,0.00019999999999997797
1730173803.331336,0.5319,0.5317,0.5318,0.000200000000000089
1730173804.3351092,0.5319,0.5317,0.5318,0.000200000000000089
1730173805.339193,0.5319,0.5317,0.5318,0.000200000000000089
1730173806.343596,0.5319,0.5317,0.5318,0.000200000000000089
1730173807.34797,0.5319,0.5317,0.5318,0.000200000000000089
1730173808.352354,0.5319,0.5317,0.5318,0.000200000000000089
1730173809.356661,0.5319,0.5317,0.5318,0.000200000000000089
1730173810.360825,0.5321,0.5319,0.532,0.00019999999999997797
1730173811.365199,0.5321,0.5319,0.532,0.00019999999999997797
1730173812.369364,0.5321,0.5319,0.532,0.00019999999999997797
1730173813.37326,0.532,0.5318,0.5319,0.00019999999999997797
1730173814.377501,0.532,0.5318,0.5319,0.00019999999999997797
1730173815.381394,0.532,0.5318,0.5319,0.00019999999999997797
1730173816.385644,0.532,0.5318,0.5319,0.00019999999999997797
1730173817.389964,0.532,0.5318,0.5319,0.00019999999999997797
1730173818.394721,0.5321,0.5319,0.532,0.00019999999999997797
1730173819.398995,0.5321,0.5319,0.532,0.00019999999999997797
1730173820.403202,0.5321,0.5319,0.532,0.00019999999999997797
1730173821.407446,0.5321,0.5319,0.532,0.00019999999999997797
1730173822.411499,0.5321,0.5319,0.532,0.00019999999999997797
1730173823.415483,0.5321,0.5319,0.532,0.00019999999999997797
1730173824.419752,0.5321,0.5319,0.532,0.00019999999999997797
1730173825.424126,0.5321,0.5319,0.532,0.00019999999999997797
1730173826.428332,0.5321,0.5319,0.532,0.00019999999999997797
1730173827.432353,0.5321,0.5319,0.532,0.00019999999999997797
1730173828.4366841,0.5321,0.5319,0.532,0.00019999999999997797
1730173829.441061,0.5321,0.5319,0.532,0.00019999999999997797
1730173830.4455218,0.5321,0.5319,0.532,0.00019999999999997797
1730173831.449793,0.5321,0.5319,0.532,0.00019999999999997797
1730173832.453769,0.532,0.5318,0.5319,0.00019999999999997797
1730173833.457372,0.532,0.5318,0.5319,0.00019999999999997797
1730173834.461668,0.532,0.5318,0.5319,0.00019999999999997797
1730173835.4656482,0.532,0.5318,0.5319,0.00019999999999997797
1730173836.47014,0.532,0.5318,0.5319,0.00019999999999997797
1730173837.4745579,0.532,0.5318,0.5319,0.00019999999999997797
1730173838.4787462,0.532,0.5318,0.5319,0.00019999999999997797
1730173839.483423,0.532,0.5318,0.5319,0.00019999999999997797
1730173840.487704,0.532,0.5318,0.5319,0.00019999999999997797
1730173841.491951,0.532,0.5318,0.5319,0.00019999999999997797
1730173842.496207,0.532,0.5318,0.5319,0.00019999999999997797
1730173843.500191,0.532,0.5318,0.5319,0.00019999999999997797
1730173844.5044868,0.532,0.5318,0.5319,0.00019999999999997797
1730173845.508904,0.5319,0.5317,0.5318,0.000200000000000089
1730173846.513312,0.5319,0.5317,0.5318,0.000200000000000089
1730173847.517623,0.5319,0.5317,0.5318,0.000200000000000089
1730173848.5220659,0.5319,0.5317,0.5318,0.000200000000000089
1730173849.526496,0.5319,0.5317,0.5318,0.000200000000000089
1730173850.530792,0.532,0.5318,0.5319,0.00019999999999997797
1730173851.5350888,0.532,0.5318,0.5319,0.00019999999999997797
1730173852.5401988,0.532,0.5318,0.5319,0.00019999999999997797
1730173853.5442061,0.532,0.5318,0.5319,0.00019999999999997797
1730173854.547088,0.532,0.5318,0.5319,0.00019999999999997797
1730173855.5512252,0.532,0.5318,0.5319,0.00019999999999997797
1730173856.555562,0.532,0.5318,0.5319,0.00019999999999997797
1730173857.559916,0.532,0.5318,0.5319,0.00019999999999997797
1730173858.564312,0.532,0.5318,0.5319,0.00019999999999997797
1730173859.568832,0.532,0.5318,0.5319,0.00019999999999997797
1730173860.573141,0.5321,0.5319,0.532,0.00019999999999997797
1730173861.57758,0.5321,0.5319,0.532,0.00019999999999997797
1730173862.581965,0.5321,0.5319,0.532,0.00019999999999997797
1730173863.5863528,0.532,0.5318,0.5319,0.00019999999999997797
1730173864.590773,0.532,0.5318,0.5319,0.00019999999999997797
1730173865.5941272,0.532,0.5318,0.5319,0.00019999999999997797
1730173866.5975602,0.532,0.5318,0.5319,0.00019999999999997797
1730173867.6009269,0.532,0.5318,0.5319,0.00019999999999997797
1730173868.604059,0.532,0.5318,0.5319,0.00019999999999997797
1730173869.6073458,0.532,0.5318,0.5319,0.00019999999999997797
1730173870.610661,0.532,0.5318,0.5319,0.00019999999999997797
1730173871.6139462,0.532,0.5318,0.5319,0.00019999999999997797
1730173872.6172411,0.532,0.5318,0.5319,0.00019999999999997797
1730173873.6207,0.532,0.5318,0.5319,0.00019999999999997797
1730173874.624118,0.532,0.5318,0.5319,0.00019999999999997797
1730173875.6277812,0.532,0.5318,0.5319,0.00019999999999997797
1730173876.6303282,0.532,0.5318,0.5319,0.00019999999999997797
1730173877.6333709,0.532,0.5318,0.5319,0.00019999999999997797
1730173878.6365209,0.532,0.5318,0.5319,0.00019999999999997797
1730173879.639359,0.5321,0.5318,0.53195,0.00029999999999996696
1730173880.6421828,0.5321,0.5318,0.53195,0.00029999999999996696
1730173881.645389,0.5321,0.5318,0.53195,0.00029999999999996696
1730173882.648648,0.5321,0.5319,0.532,0.00019999999999997797
1730173883.652087,0.5321,0.5319,0.532,0.00019999999999997797
1730173884.655185,0.5321,0.5319,0.532,0.00019999999999997797
1730173885.658103,0.5321,0.5319,0.532,0.00019999999999997797
1730173886.661482,0.5321,0.5319,0.532,0.00019999999999997797
1730173887.664586,0.5321,0.5319,0.532,0.00019999999999997797
1730173888.667935,0.5321,0.5319,0.532,0.00019999999999997797
1730173889.6707861,0.5321,0.5319,0.532,0.00019999999999997797
1730173890.6740081,0.5321,0.5319,0.532,0.00019999999999997797
1730173891.677402,0.5321,0.5319,0.532,0.00019999999999997797
1730173892.680749,0.5322,0.532,0.5321,0.00019999999999997797
1730173893.684253,0.5322,0.532,0.5321,0.00019999999999997797
1730173894.6875231,0.5322,0.532,0.5321,0.00019999999999997797
1730173895.690546,0.5322,0.532,0.5321,0.00019999999999997797
1730173896.693793,0.5322,0.532,0.5321,0.00019999999999997797
1730173897.6970801,0.5323,0.5321,0.5322,0.00019999999999997797
1730173898.7004402,0.5323,0.5321,0.5322,0.00019999999999997797
1730173899.703851,0.5323,0.5321,0.5322,0.00019999999999997797
1730173900.707191,0.5323,0.5321,0.5322,0.00019999999999997797
1730173901.710151,0.5323,0.5321,0.5322,0.00019999999999997797
1730173902.7136052,0.5323,0.5321,0.5322,0.00019999999999997797
1730173903.7169821,0.5323,0.5321,0.5322,0.00019999999999997797
1730173904.720138,0.5323,0.5321,0.5322,0.00019999999999997797
1730173905.723378,0.5323,0.5321,0.5322,0.00019999999999997797
1730173906.726689,0.5323,0.5321,0.5322,0.00019999999999997797
1730173907.730131,0.5322,0.5321,0.53215,9.999999999998899e-05
1730173908.733506,0.5322,0.5321,0.53215,9.999999999998899e-05
1730173909.736784,0.5322,0.5321,0.53215,9.999999999998899e-05
1730173910.740129,0.5322,0.5321,0.53215,9.999999999998899e-05
1730173911.7439492,0.5322,0.5321,0.53215,9.999999999998899e-05
1730173912.746916,0.5323,0.5321,0.5322,0.00019999999999997797
1730173913.750039,0.5323,0.5321,0.5322,0.00019999999999997797
1730173914.75345,0.5323,0.5321,0.5322,0.00019999999999997797
1730173915.7565088,0.5323,0.5321,0.5322,0.00019999999999997797
1730173916.759338,0.5323,0.5321,0.5322,0.00019999999999997797
1730173917.762445,0.5324,0.5322,0.5323,0.00019999999999997797
1730173918.765903,0.5324,0.5322,0.5323,0.00019999999999997797
1730173919.769255,0.5323,0.5321,0.5322,0.00019999999999997797
1730173920.7722611,0.5323,0.5321,0.5322,0.00019999999999997797
1730173921.775564,0.5323,0.5321,0.5322,0.00019999999999997797
1730173922.778518,0.5323,0.5322,0.53225,9.999999999998899e-05
1730173923.781494,0.5323,0.5322,0.53225,9.999999999998899e-05
1730173924.784021,0.5323,0.5322,0.53225,9.999999999998899e-05
1730173925.786633,0.5323,0.5322,0.53225,9.999999999998899e-05
1730173926.790066,0.5323,0.5322,0.53225,9.999999999998899e-05
1730173927.7934568,0.5323,0.5322,0.53225,9.999999999998899e-05
1730173928.79678,0.5323,0.5322,0.53225,9.999999999998899e-05
1730173929.799864,0.5323,0.5322,0.53225,9.999999999998899e-05
1730173930.803309,0.5323,0.5321,0.5322,0.00019999999999997797
1730173931.8065479,0.5323,0.5321,0.5322,0.00019999999999997797
1730173932.810045,0.5324,0.5322,0.5323,0.00019999999999997797
1730173933.813277,0.5324,0.5322,0.5323,0.00019999999999997797
1730173934.816136,0.5324,0.5322,0.5323,0.00019999999999997797
1730173935.8186429,0.5324,0.5322,0.5323,0.00019999999999997797
1730173936.821989,0.5324,0.5322,0.5323,0.00019999999999997797
1730173937.825321,0.5324,0.5322,0.5323,0.00019999999999997797
1730173938.828424,0.5324,0.5322,0.5323,0.00019999999999997797
1730173939.831517,0.5324,0.5322,0.5323,0.00019999999999997797
1730173940.834712,0.532,0.5318,0.5319,0.00019999999999997797
1730173941.8367732,0.532,0.5318,0.5319,0.00019999999999997797
1730173942.8400042,0.532,0.5318,0.5319,0.00019999999999997797
1730173943.843342,0.5321,0.5319,0.532,0.00019999999999997797
1730173944.846556,0.5321,0.5319,0.532,0.00019999999999997797
1730173945.849154,0.5321,0.5319,0.532,0.00019999999999997797
1730173946.852373,0.5321,0.5319,0.532,0.00019999999999997797
1730173947.8550882,0.5321,0.5319,0.532,0.00019999999999997797
1730173948.858353,0.5322,0.532,0.5321,0.00019999999999997797
1730173949.8616261,0.5322,0.532,0.5321,0.00019999999999997797
1730173950.8648279,0.5321,0.532,0.53205,9.999999999998899e-05
1730173951.868147,0.5321,0.532,0.53205,9.999999999998899e-05
1730173952.871886,0.5321,0.532,0.53205,9.999999999998899e-05
1730173953.875576,0.5321,0.532,0.53205,9.999999999998899e-05
1730173954.8788412,0.5321,0.532,0.53205,9.999999999998899e-05
1730173955.8822122,0.5322,0.532,0.5321,0.00019999999999997797
1730173956.8851452,0.5322,0.532,0.5321,0.00019999999999997797
1730173957.8885078,0.5321,0.5319,0.532,0.00019999999999997797
1730173958.891679,0.5321,0.5319,0.532,0.00019999999999997797
1730173959.894933,0.5321,0.5319,0.532,0.00019999999999997797
1730173960.898174,0.5322,0.532,0.5321,0.00019999999999997797
1730173961.9016588,0.5322,0.532,0.5321,0.00019999999999997797
1730173962.905078,0.5322,0.532,0.5321,0.00019999999999997797
1730173963.908331,0.5322,0.532,0.5321,0.00019999999999997797
1730173964.9113832,0.5322,0.532,0.5321,0.00019999999999997797
1730173965.9139578,0.5322,0.532,0.5321,0.00019999999999997797
1730173966.917343,0.5322,0.532,0.5321,0.00019999999999997797
1730173967.920562,0.5322,0.532,0.5321,0.00019999999999997797
1730173968.923878,0.5322,0.532,0.5321,0.00019999999999997797
1730173969.927156,0.5322,0.532,0.5321,0.00019999999999997797
1730173970.930505,0.5322,0.532,0.5321,0.00019999999999997797
1730173971.9336162,0.5322,0.532,0.5321,0.00019999999999997797
1730173972.9369211,0.5322,0.532,0.5321,0.00019999999999997797
1730173973.940213,0.5322,0.532,0.5321,0.00019999999999997797
1730173974.943391,0.5322,0.532,0.5321,0.00019999999999997797
1730173975.9461849,0.5322,0.532,0.5321,0.00019999999999997797
1730173976.949546,0.5322,0.532,0.5321,0.00019999999999997797
1730173977.952991,0.5322,0.532,0.5321,0.00019999999999997797
1730173978.956328,0.5322,0.532,0.5321,0.00019999999999997797
1730173979.959723,0.5322,0.532,0.5321,0.00019999999999997797
1730173980.963029,0.5321,0.5319,0.532,0.00019999999999997797
1730173981.966293,0.5321,0.5319,0.532,0.00019999999999997797
1730173982.969972,0.5321,0.5319,0.532,0.00019999999999997797
1730173983.973869,0.5321,0.5319,0.532,0.00019999999999997797
1730173984.976458,0.5321,0.5319,0.532,0.00019999999999997797
1730173985.978278,0.5321,0.5319,0.532,0.00019999999999997797
1730173986.980408,0.5321,0.5319,0.532,0.00019999999999997797
1730173987.98252,0.5321,0.5319,0.532,0.00019999999999997797
1730173988.9848378,0.5321,0.5319,0.532,0.00019999999999997797
1730173989.9871202,0.5321,0.5319,0.532,0.00019999999999997797
1730173990.988998,0.5322,0.532,0.5321,0.00019999999999997797
1730173991.991594,0.5322,0.532,0.5321,0.00019999999999997797
1730173992.994038,0.5322,0.532,0.5321,0.00019999999999997797
1730173993.996459,0.5322,0.532,0.5321,0.00019999999999997797
1730173994.999049,0.5322,0.532,0.5321,0.00019999999999997797
1730173996.0014331,0.5323,0.5321,0.5322,0.00019999999999997797
1730173997.004073,0.5323,0.5321,0.5322,0.00019999999999997797
1730173998.00695,0.5323,0.5321,0.5322,0.00019999999999997797
1730173999.009848,0.5323,0.5322,0.53225,9.999999999998899e-05
1730174000.012465,0.5323,0.5322,0.53225,9.999999999998899e-05
1730174001.015383,0.5324,0.5322,0.5323,0.00019999999999997797
1730174002.018135,0.5324,0.5322,0.5323,0.00019999999999997797
1730174003.0201821,0.5324,0.5322,0.5323,0.00019999999999997797
1730174004.0233269,0.5325,0.5323,0.5324,0.00019999999999997797
1730174005.026386,0.5325,0.5323,0.5324,0.00019999999999997797
1730174006.029684,0.5325,0.5323,0.5324,0.00019999999999997797
1730174007.032667,0.5325,0.5323,0.5324,0.00019999999999997797
1730174008.0356102,0.5325,0.5323,0.5324,0.00019999999999997797
1730174009.03862,0.5326,0.5324,0.5325,0.00019999999999997797
1730174010.041731,0.5326,0.5324,0.5325,0.00019999999999997797
1730174011.0448482,0.5326,0.5324,0.5325,0.00019999999999997797
1730174012.047992,0.5326,0.5324,0.5325,0.00019999999999997797
1730174013.0511239,0.5326,0.5324,0.5325,0.00019999999999997797
1730174014.054249,0.5325,0.5323,0.5324,0.00019999999999997797
1730174015.0573819,0.5325,0.5323,0.5324,0.00019999999999997797
1730174016.060344,0.5325,0.5323,0.5324,0.00019999999999997797
1730174017.06356,0.5325,0.5323,0.5324,0.00019999999999997797
1730174018.0668118,0.5325,0.5323,0.5324,0.00019999999999997797
1730174019.069788,0.5325,0.5323,0.5324,0.00019999999999997797
1730174020.072896,0.5325,0.5323,0.5324,0.00019999999999997797
1730174021.0759559,0.5325,0.5323,0.5324,0.00019999999999997797
1730174022.079396,0.5325,0.5323,0.5324,0.00019999999999997797
1730174023.0825028,0.5325,0.5323,0.5324,0.00019999999999997797
1730174024.0857751,0.5325,0.5323,0.5324,0.00019999999999997797
1730174025.0889568,0.5325,0.5323,0.5324,0.00019999999999997797
1730174026.0912828,0.5325,0.5322,0.53235,0.00029999999999996696
1730174027.0944672,0.5325,0.5322,0.53235,0.00029999999999996696
1730174028.0976179,0.5324,0.5322,0.5323,0.00019999999999997797
1730174029.1007519,0.5324,0.5322,0.5323,0.00019999999999997797
1730174030.10372,0.5324,0.5322,0.5323,0.00019999999999997797
1730174031.1069329,0.5324,0.5322,0.5323,0.00019999999999997797
1730174032.110223,0.5324,0.5322,0.5323,0.00019999999999997797
1730174033.11344,0.5324,0.5322,0.5323,0.00019999999999997797
1730174034.116746,0.5324,0.5322,0.5323,0.00019999999999997797
1730174035.119873,0.5324,0.5322,0.5323,0.00019999999999997797
1730174036.122798,0.5324,0.5322,0.5323,0.00019999999999997797
1730174037.126095,0.5324,0.5322,0.5323,0.00019999999999997797
1730174038.12966,0.5323,0.5321,0.5322,0.00019999999999997797
1730174039.1330078,0.5323,0.5321,0.5322,0.00019999999999997797
1730174040.1361659,0.5323,0.5321,0.5322,0.00019999999999997797
1730174041.13936,0.5323,0.5321,0.5322,0.00019999999999997797
1730174042.142685,0.5323,0.5321,0.5322,0.00019999999999997797
1730174043.146035,0.5323,0.5321,0.5322,0.00019999999999997797
1730174044.149424,0.5324,0.5322,0.5323,0.00019999999999997797
1730174045.152381,0.5324,0.5322,0.5323,0.00019999999999997797
1730174046.154922,0.5324,0.5321,0.53225,0.00029999999999996696
1730174047.158176,0.5324,0.5321,0.53225,0.00029999999999996696
1730174048.1611578,0.5324,0.5321,0.53225,0.00029999999999996696
1730174049.1641111,0.5324,0.5321,0.53225,0.00029999999999996696
1730174050.16714,0.5324,0.5321,0.53225,0.00029999999999996696
1730174051.170324,0.5324,0.5321,0.53225,0.00029999999999996696
1730174052.173312,0.5324,0.5321,0.53225,0.00029999999999996696
1730174053.175843,0.5324,0.5321,0.53225,0.00029999999999996696
1730174054.1789849,0.5324,0.5321,0.53225,0.00029999999999996696
1730174055.181969,0.5324,0.5321,0.53225,0.00029999999999996696
1730174056.184481,0.5324,0.5321,0.53225,0.00029999999999996696
1730174057.187853,0.5324,0.5321,0.53225,0.00029999999999996696
1730174058.1909912,0.5324,0.5321,0.53225,0.00029999999999996696
1730174059.193737,0.5324,0.5322,0.5323,0.00019999999999997797
1730174060.196436,0.5324,0.5322,0.5323,0.00019999999999997797
1730174061.1998248,0.5324,0.5322,0.5323,0.00019999999999997797
1730174062.203111,0.5324,0.5322,0.5323,0.00019999999999997797
1730174063.206441,0.5324,0.5322,0.5323,0.00019999999999997797
1730174064.209833,0.5323,0.5321,0.5322,0.00019999999999997797
1730174065.213196,0.5323,0.5321,0.5322,0.00019999999999997797
1730174066.2163851,0.5324,0.5322,0.5323,0.00019999999999997797
1730174067.219682,0.5324,0.5322,0.5323,0.00019999999999997797
1730174068.2230458,0.5324,0.5322,0.5323,0.00019999999999997797
1730174069.226277,0.5324,0.5322,0.5323,0.00019999999999997797
1730174070.229532,0.5324,0.5322,0.5323,0.00019999999999997797
1730174071.232716,0.5324,0.5322,0.5323,0.00019999999999997797
1730174072.235809,0.5324,0.5322,0.5323,0.00019999999999997797
1730174073.238914,0.5324,0.5322,0.5323,0.00019999999999997797
1730174074.242259,0.5324,0.5322,0.5323,0.00019999999999997797
1730174075.2455292,0.5324,0.5322,0.5323,0.00019999999999997797
1730174076.2489321,0.5324,0.5322,0.5323,0.00019999999999997797
1730174077.2523148,0.5324,0.5322,0.5323,0.00019999999999997797
1730174078.255651,0.5324,0.5322,0.5323,0.00019999999999997797
1730174079.2583811,0.5324,0.5322,0.5323,0.00019999999999997797
1730174080.2608361,0.5324,0.5322,0.5323,0.00019999999999997797
1730174081.2634351,0.5324,0.5322,0.5323,0.00019999999999997797
1730174082.266908,0.5324,0.5322,0.5323,0.00019999999999997797
1730174083.270277,0.5324,0.5322,0.5323,0.00019999999999997797
1730174084.27374,0.5324,0.5322,0.5323,0.00019999999999997797
1730174085.276926,0.5324,0.5322,0.5323,0.00019999999999997797
1730174086.2799811,0.5324,0.5321,0.53225,0.00029999999999996696
1730174087.283238,0.5324,0.5321,0.53225,0.00029999999999996696
1730174088.286635,0.5324,0.5321,0.53225,0.00029999999999996696
1730174089.290036,0.5324,0.5321,0.53225,0.00029999999999996696
1730174090.293031,0.5324,0.5321,0.53225,0.00029999999999996696
1730174091.296274,0.5324,0.5321,0.53225,0.00029999999999996696
1730174092.299359,0.5324,0.5321,0.53225,0.00029999999999996696
1730174093.303287,0.5324,0.5321,0.53225,0.00029999999999996696
1730174094.307039,0.5324,0.5321,0.53225,0.00029999999999996696
1730174095.310394,0.5324,0.5321,0.53225,0.00029999999999996696
1730174096.313688,0.5324,0.5321,0.53225,0.00029999999999996696
1730174097.317191,0.5323,0.5321,0.5322,0.00019999999999997797
1730174098.3205209,0.5323,0.5321,0.5322,0.00019999999999997797
1730174099.323863,0.5323,0.5321,0.5322,0.00019999999999997797
1730174100.326336,0.5323,0.5321,0.5322,0.00019999999999997797
1730174101.329824,0.5323,0.5321,0.5322,0.00019999999999997797
1730174102.333163,0.5323,0.5321,0.5322,0.00019999999999997797
1730174103.336479,0.5323,0.5321,0.5322,0.00019999999999997797
1730174104.3397272,0.5323,0.532,0.53215,0.00029999999999996696
1730174105.342685,0.5323,0.532,0.53215,0.00029999999999996696
1730174106.345366,0.5323,0.532,0.53215,0.00029999999999996696
1730174107.348563,0.5323,0.5321,0.5322,0.00019999999999997797
1730174108.3510919,0.5323,0.5321,0.5322,0.00019999999999997797
1730174109.3547032,0.5324,0.5322,0.5323,0.00019999999999997797
1730174110.357856,0.5324,0.5322,0.5323,0.00019999999999997797
1730174111.3608909,0.5323,0.5321,0.5322,0.00019999999999997797
1730174112.363477,0.5323,0.5321,0.5322,0.00019999999999997797
1730174113.366137,0.5323,0.5321,0.5322,0.00019999999999997797
1730174114.368928,0.5323,0.5321,0.5322,0.00019999999999997797
1730174115.371213,0.5323,0.5321,0.5322,0.00019999999999997797
1730174116.373371,0.5324,0.5322,0.5323,0.00019999999999997797
1730174117.376162,0.5324,0.5322,0.5323,0.00019999999999997797
1730174118.377922,0.5324,0.5322,0.5323,0.00019999999999997797
1730174119.3798358,0.5324,0.5322,0.5323,0.00019999999999997797
1730174120.382178,0.5324,0.5322,0.5323,0.00019999999999997797
1730174121.384583,0.5325,0.5323,0.5324,0.00019999999999997797
1730174122.387029,0.5325,0.5323,0.5324,0.00019999999999997797
1730174123.3893492,0.5325,0.5323,0.5324,0.00019999999999997797
1730174124.392452,0.5325,0.5323,0.5324,0.00019999999999997797
1730174125.394955,0.5325,0.5323,0.5324,0.00019999999999997797
1730174126.397095,0.5325,0.5323,0.5324,0.00019999999999997797
1730174127.399311,0.5325,0.5323,0.5324,0.00019999999999997797
1730174128.402713,0.5325,0.5323,0.5324,0.00019999999999997797
1730174129.4058418,0.5325,0.5323,0.5324,0.00019999999999997797
1730174130.4091341,0.5325,0.5323,0.5324,0.00019999999999997797
1730174131.4120488,0.5325,0.5323,0.5324,0.00019999999999997797
1730174132.415414,0.5325,0.5323,0.5324,0.00019999999999997797
1730174133.418113,0.5325,0.5323,0.5324,0.00019999999999997797
1730174134.420619,0.5325,0.5323,0.5324,0.00019999999999997797
1730174135.423569,0.5325,0.5323,0.5324,0.00019999999999997797
1730174136.4268181,0.5325,0.5323,0.5324,0.00019999999999997797
1730174137.429893,0.5325,0.5323,0.5324,0.00019999999999997797
1730174138.432786,0.5325,0.5323,0.5324,0.00019999999999997797
1730174139.435745,0.5325,0.5323,0.5324,0.00019999999999997797
1730174140.4375832,0.5325,0.5323,0.5324,0.00019999999999997797
1730174141.440403,0.5325,0.5323,0.5324,0.00019999999999997797
1730174142.443696,0.5325,0.5323,0.5324,0.00019999999999997797
1730174143.446076,0.5325,0.5323,0.5324,0.00019999999999997797
1730174144.449344,0.5325,0.5323,0.5324,0.00019999999999997797
1730174145.452422,0.5325,0.5323,0.5324,0.00019999999999997797
1730174146.455132,0.5325,0.5323,0.5324,0.00019999999999997797
1730174147.458246,0.5325,0.5323,0.5324,0.00019999999999997797
1730174148.461527,0.5325,0.5323,0.5324,0.00019999999999997797
1730174149.464323,0.5325,0.5323,0.5324,0.00019999999999997797
1730174150.466885,0.5325,0.5323,0.5324,0.00019999999999997797
1730174151.4699252,0.5325,0.5323,0.5324,0.00019999999999997797
1730174152.4733608,0.5325,0.5322,0.53235,0.00029999999999996696
1730174153.4763699,0.5325,0.5322,0.53235,0.00029999999999996696
1730174154.479754,0.5325,0.5322,0.53235,0.00029999999999996696
1730174155.483187,0.5325,0.5322,0.53235,0.00029999999999996696
1730174156.485929,0.5325,0.5322,0.53235,0.00029999999999996696
1730174157.488935,0.5324,0.5322,0.5323,0.00019999999999997797
1730174158.491785,0.5324,0.5322,0.5323,0.00019999999999997797
1730174159.494949,0.5324,0.5322,0.5323,0.00019999999999997797
1730174160.497945,0.5324,0.5322,0.5323,0.00019999999999997797
1730174161.500931,0.5324,0.5322,0.5323,0.00019999999999997797
1730174162.504383,0.5324,0.5322,0.5323,0.00019999999999997797
1730174163.507804,0.5324,0.5322,0.5323,0.00019999999999997797
1730174164.511276,0.5324,0.5322,0.5323,0.00019999999999997797
1730174165.5146391,0.5324,0.5322,0.5323,0.00019999999999997797
1730174166.5180511,0.5324,0.5322,0.5323,0.00019999999999997797
1730174167.521337,0.5324,0.5322,0.5323,0.00019999999999997797
1730174168.524607,0.5324,0.5322,0.5323,0.00019999999999997797
1730174169.5280619,0.5324,0.5322,0.5323,0.00019999999999997797
1730174170.531344,0.5324,0.5322,0.5323,0.00019999999999997797
1730174171.5344992,0.5324,0.5322,0.5323,0.00019999999999997797
1730174172.537992,0.5324,0.5322,0.5323,0.00019999999999997797
1730174173.5408618,0.5324,0.5322,0.5323,0.00019999999999997797
1730174174.544267,0.5324,0.5322,0.5323,0.00019999999999997797
1730174175.5477288,0.5324,0.5322,0.5323,0.00019999999999997797
1730174176.550999,0.5324,0.5322,0.5323,0.00019999999999997797
1730174177.554141,0.5324,0.5322,0.5323,0.00019999999999997797
1730174178.557517,0.5324,0.5322,0.5323,0.00019999999999997797
1730174179.5607748,0.5324,0.5322,0.5323,0.00019999999999997797
1730174180.563894,0.5325,0.5323,0.5324,0.00019999999999997797
1730174181.566713,0.5325,0.5323,0.5324,0.00019999999999997797
1730174182.570184,0.5325,0.5323,0.5324,0.00019999999999997797
1730174183.5728471,0.5325,0.5323,0.5324,0.00019999999999997797
1730174184.5761569,0.5325,0.5323,0.5324,0.00019999999999997797
1730174185.579572,0.5325,0.5323,0.5324,0.00019999999999997797
1730174186.58285,0.5325,0.5323,0.5324,0.00019999999999997797
1730174187.586138,0.5325,0.5323,0.5324,0.00019999999999997797
1730174188.589097,0.5325,0.5323,0.5324,0.00019999999999997797
1730174189.5924008,0.5325,0.5323,0.5324,0.00019999999999997797
1730174190.5957608,0.5325,0.5323,0.5324,0.00019999999999997797
1730174191.5988271,0.5325,0.5323,0.5324,0.00019999999999997797
1730174192.602172,0.5325,0.5323,0.5324,0.00019999999999997797
1730174193.605557,0.5325,0.5323,0.5324,0.00019999999999997797
1730174194.608719,0.5325,0.5323,0.5324,0.00019999999999997797
1730174195.612041,0.5325,0.5322,0.53235,0.00029999999999996696
1730174196.615519,0.5325,0.5322,0.53235,0.00029999999999996696
1730174197.618933,0.5325,0.5322,0.53235,0.00029999999999996696
1730174198.622275,0.5325,0.5322,0.53235,0.00029999999999996696
1730174199.625505,0.5325,0.5322,0.53235,0.00029999999999996696
1730174200.628754,0.5325,0.5322,0.53235,0.00029999999999996696
1730174201.6314518,0.5325,0.5322,0.53235,0.00029999999999996696
1730174202.634563,0.5325,0.5322,0.53235,0.00029999999999996696
1730174203.637619,0.5325,0.5322,0.53235,0.00029999999999996696
1730174204.640946,0.5325,0.5322,0.53235,0.00029999999999996696
1730174205.644377,0.5324,0.5322,0.5323,0.00019999999999997797
1730174206.6477451,0.5324,0.5322,0.5323,0.00019999999999997797
1730174207.65138,0.5324,0.5322,0.5323,0.00019999999999997797
1730174208.654644,0.5324,0.5322,0.5323,0.00019999999999997797
1730174209.6578078,0.5324,0.5322,0.5323,0.00019999999999997797
1730174210.660397,0.5324,0.5322,0.5323,0.00019999999999997797
1730174211.6637921,0.5324,0.5322,0.5323,0.00019999999999997797
1730174212.66708,0.5324,0.5322,0.5323,0.00019999999999997797
1730174213.6703098,0.5324,0.5322,0.5323,0.00019999999999997797
1730174214.67369,0.5324,0.5322,0.5323,0.00019999999999997797
1730174215.677136,0.5324,0.5322,0.5323,0.00019999999999997797
1730174216.6805,0.5324,0.5322,0.5323,0.00019999999999997797
1730174217.683657,0.5324,0.5322,0.5323,0.00019999999999997797
1730174218.687045,0.5325,0.5323,0.5324,0.00019999999999997797
1730174219.69033,0.5325,0.5323,0.5324,0.00019999999999997797
1730174220.693245,0.5325,0.5323,0.5324,0.00019999999999997797
1730174221.6964731,0.5325,0.5323,0.5324,0.00019999999999997797
1730174222.699858,0.5325,0.5323,0.5324,0.00019999999999997797
1730174223.703359,0.5324,0.5322,0.5323,0.00019999999999997797
1730174224.706736,0.5324,0.5322,0.5323,0.00019999999999997797
1730174225.70998,0.5324,0.5322,0.5323,0.00019999999999997797
1730174226.713194,0.5324,0.5322,0.5323,0.00019999999999997797
1730174227.7163079,0.5324,0.5322,0.5323,0.00019999999999997797
1730174228.7195451,0.5324,0.5322,0.5323,0.00019999999999997797
1730174229.7228749,0.5324,0.5322,0.5323,0.00019999999999997797
1730174230.7261188,0.5324,0.5322,0.5323,0.00019999999999997797
1730174231.729599,0.5324,0.5322,0.5323,0.00019999999999997797
1730174232.7330592,0.5324,0.5322,0.5323,0.00019999999999997797
1730174233.7365482,0.5323,0.5322,0.53225,9.999999999998899e-05
1730174234.7399318,0.5323,0.5322,0.53225,9.999999999998899e-05
1730174235.743357,0.5323,0.5321,0.5322,0.00019999999999997797
1730174236.746486,0.5323,0.5321,0.5322,0.00019999999999997797
1730174237.7497652,0.5323,0.5321,0.5322,0.00019999999999997797
1730174238.7531362,0.5325,0.5323,0.5324,0.00019999999999997797
1730174239.7564669,0.5325,0.5323,0.5324,0.00019999999999997797
1730174240.759727,0.5324,0.5322,0.5323,0.00019999999999997797
1730174241.763061,0.5324,0.5322,0.5323,0.00019999999999997797
1730174242.766307,0.5324,0.5322,0.5323,0.00019999999999997797
1730174243.769669,0.5324,0.5322,0.5323,0.00019999999999997797
1730174244.773056,0.5324,0.5322,0.5323,0.00019999999999997797
1730174245.776474,0.5324,0.5322,0.5323,0.00019999999999997797
1730174246.779798,0.5324,0.5322,0.5323,0.00019999999999997797
1730174247.783181,0.5324,0.5322,0.5323,0.00019999999999997797
1730174248.78664,0.5324,0.5322,0.5323,0.00019999999999997797
1730174249.7901351,0.5324,0.5322,0.5323,0.00019999999999997797
1730174250.793503,0.5324,0.5322,0.5323,0.00019999999999997797
1730174251.7967181,0.5324,0.5322,0.5323,0.00019999999999997797
1730174252.799712,0.5324,0.5322,0.5323,0.00019999999999997797
1730174253.802979,0.5324,0.5322,0.5323,0.00019999999999997797
1730174254.806174,0.5324,0.5322,0.5323,0.00019999999999997797
1730174255.8094878,0.5324,0.5322,0.5323,0.00019999999999997797
1730174256.812843,0.5324,0.5322,0.5323,0.00019999999999997797
1730174257.817067,0.5324,0.5322,0.5323,0.00019999999999997797
1730174258.820865,0.5324,0.5322,0.5323,0.00019999999999997797
1730174259.824322,0.5324,0.5322,0.5323,0.00019999999999997797
1730174260.8277912,0.5324,0.5322,0.5323,0.00019999999999997797
1730174261.8312662,0.5324,0.5322,0.5323,0.00019999999999997797
1730174262.834643,0.5324,0.5322,0.5323,0.00019999999999997797
1730174263.838196,0.5324,0.5322,0.5323,0.00019999999999997797
1730174264.841523,0.5324,0.5322,0.5323,0.00019999999999997797
1730174265.844856,0.5324,0.5323,0.53235,9.999999999998899e-05
1730174266.848073,0.5324,0.5323,0.53235,9.999999999998899e-05
1730174267.851535,0.5324,0.5323,0.53235,9.999999999998899e-05
1730174268.8550148,0.5324,0.5323,0.53235,9.999999999998899e-05
1730174269.858322,0.5324,0.5323,0.53235,9.999999999998899e-05
1730174270.86162,0.5324,0.5323,0.53235,9.999999999998899e-05
1730174271.864928,0.5324,0.5323,0.53235,9.999999999998899e-05
1730174272.868372,0.5324,0.5322,0.5323,0.00019999999999997797
1730174273.87165,0.5324,0.5322,0.5323,0.00019999999999997797
1730174274.8750348,0.5324,0.5322,0.5323,0.00019999999999997797
1730174275.87827,0.5324,0.5322,0.5323,0.00019999999999997797
1730174276.881647,0.5324,0.5322,0.5323,0.00019999999999997797
1730174277.88513,0.5324,0.5322,0.5323,0.00019999999999997797
1730174278.888594,0.5324,0.5322,0.5323,0.00019999999999997797
1730174279.891835,0.5324,0.5322,0.5323,0.00019999999999997797
1730174280.895118,0.5324,0.5322,0.5323,0.00019999999999997797
1730174281.898242,0.5324,0.5322,0.5323,0.00019999999999997797
1730174282.90147,0.5324,0.5322,0.5323,0.00019999999999997797
1730174283.904584,0.5324,0.5321,0.53225,0.00029999999999996696
1730174284.907798,0.5324,0.5321,0.53225,0.00029999999999996696
1730174285.9111512,0.5324,0.5321,0.53225,0.00029999999999996696
1730174286.9140632,0.5324,0.5321,0.53225,0.00029999999999996696
1730174287.917325,0.5324,0.5321,0.53225,0.00029999999999996696
1730174288.920626,0.5323,0.5321,0.5322,0.00019999999999997797
1730174289.924054,0.5323,0.5321,0.5322,0.00019999999999997797
1730174290.927478,0.5323,0.5321,0.5322,0.00019999999999997797
1730174291.93089,0.5323,0.5321,0.5322,0.00019999999999997797
1730174292.9344032,0.5323,0.5321,0.5322,0.00019999999999997797
1730174293.93779,0.5323,0.5321,0.5322,0.00019999999999997797
1730174294.940951,0.5323,0.5321,0.5322,0.00019999999999997797
1730174295.943915,0.5323,0.5321,0.5322,0.00019999999999997797
1730174296.947019,0.5323,0.5321,0.5322,0.00019999999999997797
1730174297.950258,0.5323,0.5321,0.5322,0.00019999999999997797
1730174298.953202,0.5323,0.5321,0.5322,0.00019999999999997797
1730174299.9565701,0.5323,0.5321,0.5322,0.00019999999999997797
1730174300.9597518,0.5323,0.5321,0.5322,0.00019999999999997797
1730174301.963072,0.5323,0.5321,0.5322,0.00019999999999997797
1730174302.966367,0.5323,0.5321,0.5322,0.00019999999999997797
1730174303.969666,0.5323,0.5321,0.5322,0.00019999999999997797
1730174304.972965,0.5323,0.5321,0.5322,0.00019999999999997797
1730174305.976365,0.5323,0.5321,0.5322,0.00019999999999997797
1730174306.9797509,0.5323,0.5321,0.5322,0.00019999999999997797
1730174307.983233,0.5323,0.5321,0.5322,0.00019999999999997797
1730174308.986136,0.5323,0.5321,0.5322,0.00019999999999997797
1730174309.989259,0.5323,0.5321,0.5322,0.00019999999999997797
1730174310.99254,0.5323,0.532,0.53215,0.00029999999999996696
1730174311.995884,0.5323,0.532,0.53215,0.00029999999999996696
1730174312.99919,0.5322,0.5319,0.53205,0.00029999999999996696
1730174314.002283,0.5322,0.5319,0.53205,0.00029999999999996696
1730174315.005482,0.5322,0.5319,0.53205,0.00029999999999996696
1730174316.0087192,0.5322,0.5319,0.53205,0.00029999999999996696
1730174317.011471,0.5322,0.5319,0.53205,0.00029999999999996696
1730174318.014791,0.5322,0.5319,0.53205,0.00029999999999996696
1730174319.01807,0.5322,0.5319,0.53205,0.00029999999999996696
1730174320.021409,0.5322,0.5319,0.53205,0.00029999999999996696
1730174321.0245671,0.5322,0.532,0.5321,0.00019999999999997797
1730174322.027335,0.5322,0.532,0.5321,0.00019999999999997797
1730174323.0306308,0.5322,0.532,0.5321,0.00019999999999997797
1730174324.034039,0.5322,0.532,0.5321,0.00019999999999997797
1730174325.037339,0.5322,0.532,0.5321,0.00019999999999997797
1730174326.040746,0.5322,0.532,0.5321,0.00019999999999997797
1730174327.044055,0.5322,0.532,0.5321,0.00019999999999997797
1730174328.0471308,0.5322,0.532,0.5321,0.00019999999999997797
1730174329.0505369,0.5322,0.532,0.5321,0.00019999999999997797
1730174330.053803,0.5322,0.532,0.5321,0.00019999999999997797
1730174331.056853,0.5321,0.532,0.53205,9.999999999998899e-05
1730174332.0602298,0.5321,0.532,0.53205,9.999999999998899e-05
1730174333.063343,0.5321,0.532,0.53205,9.999999999998899e-05
1730174334.066792,0.5323,0.5321,0.5322,0.00019999999999997797
1730174335.0700521,0.5323,0.5321,0.5322,0.00019999999999997797
1730174336.073291,0.5323,0.5321,0.5322,0.00019999999999997797
1730174337.076664,0.5323,0.5321,0.5322,0.00019999999999997797
1730174338.0798972,0.5323,0.5321,0.5322,0.00019999999999997797
1730174339.083314,0.5323,0.5322,0.53225,9.999999999998899e-05
1730174340.0864692,0.5323,0.5322,0.53225,9.999999999998899e-05
1730174341.08972,0.5324,0.5322,0.5323,0.00019999999999997797
1730174342.093167,0.5324,0.5322,0.5323,0.00019999999999997797
1730174343.096265,0.5324,0.5322,0.5323,0.00019999999999997797
1730174344.099714,0.5325,0.5323,0.5324,0.00019999999999997797
1730174345.1029289,0.5325,0.5323,0.5324,0.00019999999999997797
1730174346.106186,0.5324,0.5322,0.5323,0.00019999999999997797
1730174347.108753,0.5324,0.5322,0.5323,0.00019999999999997797
1730174348.112184,0.5324,0.5322,0.5323,0.00019999999999997797
1730174349.1153338,0.5324,0.5322,0.5323,0.00019999999999997797
1730174350.1187782,0.5324,0.5322,0.5323,0.00019999999999997797
1730174351.122349,0.5324,0.5322,0.5323,0.00019999999999997797
1730174352.125754,0.5324,0.5322,0.5323,0.00019999999999997797
1730174353.129099,0.5324,0.5322,0.5323,0.00019999999999997797
1730174354.132597,0.5324,0.5322,0.5323,0.00019999999999997797
1730174355.1359801,0.5324,0.5322,0.5323,0.00019999999999997797
1730174356.139401,0.5324,0.5322,0.5323,0.00019999999999997797
1730174357.142642,0.5324,0.5322,0.5323,0.00019999999999997797
1730174358.145421,0.5324,0.5322,0.5323,0.00019999999999997797
1730174359.148431,0.5324,0.5322,0.5323,0.00019999999999997797
1730174360.151725,0.5324,0.5322,0.5323,0.00019999999999997797
1730174361.154764,0.5324,0.5322,0.5323,0.00019999999999997797
1730174362.15807,0.5324,0.5322,0.5323,0.00019999999999997797
1730174363.161342,0.5324,0.5322,0.5323,0.00019999999999997797
1730174364.1645539,0.5324,0.5322,0.5323,0.00019999999999997797
1730174365.167878,0.5324,0.5322,0.5323,0.00019999999999997797
1730174366.1709251,0.5324,0.5322,0.5323,0.00019999999999997797
1730174367.174224,0.5324,0.5322,0.5323,0.00019999999999997797
1730174368.177093,0.5324,0.5322,0.5323,0.00019999999999997797
1730174369.180181,0.5324,0.5322,0.5323,0.00019999999999997797
1730174370.183291,0.5324,0.5322,0.5323,0.00019999999999997797
1730174371.1866739,0.5324,0.5322,0.5323,0.00019999999999997797
1730174372.1900659,0.5324,0.5322,0.5323,0.00019999999999997797
1730174373.193108,0.5324,0.5322,0.5323,0.00019999999999997797
1730174374.19628,0.5324,0.5322,0.5323,0.00019999999999997797
1730174375.1995678,0.5324,0.5322,0.5323,0.00019999999999997797
1730174376.202891,0.5324,0.5322,0.5323,0.00019999999999997797
1730174377.2061608,0.5324,0.5322,0.5323,0.00019999999999997797
1730174378.209574,0.5324,0.5322,0.5323,0.00019999999999997797
1730174379.212874,0.5324,0.5322,0.5323,0.00019999999999997797
1730174380.216311,0.5324,0.5322,0.5323,0.00019999999999997797
1730174381.219726,0.5322,0.532,0.5321,0.00019999999999997797
1730174382.22283,0.5322,0.532,0.5321,0.00019999999999997797
1730174383.226136,0.5322,0.532,0.5321,0.00019999999999997797
1730174384.229339,0.5322,0.532,0.5321,0.00019999999999997797
1730174385.232617,0.5322,0.532,0.5321,0.00019999999999997797
1730174386.23581,0.5323,0.5321,0.5322,0.00019999999999997797
1730174387.239012,0.5323,0.5321,0.5322,0.00019999999999997797
1730174388.24249,0.5323,0.5321,0.5322,0.00019999999999997797
1730174389.2463748,0.5322,0.532,0.5321,0.00019999999999997797
1730174390.249398,0.5322,0.532,0.5321,0.00019999999999997797
1730174391.252828,0.5322,0.532,0.5321,0.00019999999999997797
1730174392.255973,0.5322,0.532,0.5321,0.00019999999999997797
1730174393.259264,0.5322,0.532,0.5321,0.00019999999999997797
1730174394.26212,0.5323,0.5321,0.5322,0.00019999999999997797
1730174395.2653818,0.5323,0.5321,0.5322,0.00019999999999997797
1730174396.268804,0.5322,0.532,0.5321,0.00019999999999997797
1730174397.272019,0.5322,0.532,0.5321,0.00019999999999997797
1730174398.275102,0.5322,0.532,0.5321,0.00019999999999997797
1730174399.278271,0.5323,0.5321,0.5322,0.00019999999999997797
1730174400.2817018,0.5323,0.5321,0.5322,0.00019999999999997797
1730174401.285202,0.5323,0.5321,0.5322,0.00019999999999997797
1730174402.289282,0.5323,0.5321,0.5322,0.00019999999999997797
1730174403.292743,0.5323,0.5321,0.5322,0.00019999999999997797
1730174404.295894,0.5324,0.5322,0.5323,0.00019999999999997797
1730174405.299239,0.5324,0.5322,0.5323,0.00019999999999997797
1730174406.3025448,0.5324,0.5322,0.5323,0.00019999999999997797
1730174407.305862,0.5324,0.5321,0.53225,0.00029999999999996696
1730174408.309175,0.5324,0.5321,0.53225,0.00029999999999996696
1730174409.312661,0.5324,0.5321,0.53225,0.00029999999999996696
1730174410.315647,0.5326,0.5324,0.5325,0.00019999999999997797
1730174411.319052,0.5326,0.5324,0.5325,0.00019999999999997797
1730174412.3223,0.5327,0.5325,0.5326,0.00019999999999997797
1730174413.3253288,0.5327,0.5325,0.5326,0.00019999999999997797
1730174414.328696,0.5327,0.5325,0.5326,0.00019999999999997797
1730174415.33214,0.5327,0.5325,0.5326,0.00019999999999997797
1730174416.3356469,0.5327,0.5325,0.5326,0.00019999999999997797
1730174417.33902,0.5328,0.5327,0.5327500000000001,0.00010000000000010001
1730174418.342277,0.5328,0.5327,0.5327500000000001,0.00010000000000010001
1730174419.3453069,0.5328,0.5327,0.5327500000000001,0.00010000000000010001
1730174420.348521,0.5328,0.5327,0.5327500000000001,0.00010000000000010001
1730174421.351733,0.5328,0.5327,0.5327500000000001,0.00010000000000010001
1730174422.354815,0.5333,0.5331,0.5332,0.00019999999999997797
1730174423.357999,0.5333,0.5331,0.5332,0.00019999999999997797
1730174424.3614762,0.5333,0.5331,0.5332,0.00019999999999997797
1730174425.3646238,0.5333,0.5331,0.5332,0.00019999999999997797
1730174426.367949,0.5333,0.5331,0.5332,0.00019999999999997797
1730174427.371252,0.5333,0.533,0.53315,0.00029999999999996696
1730174428.3742878,0.5333,0.533,0.53315,0.00029999999999996696
1730174429.377389,0.5333,0.533,0.53315,0.00029999999999996696
1730174430.380675,0.5333,0.533,0.53315,0.00029999999999996696
1730174431.383956,0.5333,0.533,0.53315,0.00029999999999996696
1730174432.3871,0.5333,0.533,0.53315,0.00029999999999996696
1730174433.389539,0.5333,0.533,0.53315,0.00029999999999996696
1730174434.3926651,0.5333,0.533,0.53315,0.00029999999999996696
1730174435.395869,0.5333,0.533,0.53315,0.00029999999999996696
1730174436.399144,0.5333,0.533,0.53315,0.00029999999999996696
1730174437.402219,0.5333,0.533,0.53315,0.00029999999999996696
1730174438.404756,0.5333,0.533,0.53315,0.00029999999999996696
1730174439.40869,0.5333,0.533,0.53315,0.00029999999999996696
1730174440.4120681,0.5333,0.533,0.53315,0.00029999999999996696
1730174441.41533,0.5333,0.533,0.53315,0.00029999999999996696
1730174442.418764,0.5333,0.5331,0.5332,0.00019999999999997797
1730174443.422094,0.5333,0.5331,0.5332,0.00019999999999997797
1730174444.425292,0.5333,0.533,0.53315,0.00029999999999996696
1730174445.428552,0.5333,0.533,0.53315,0.00029999999999996696
1730174446.431668,0.5333,0.533,0.53315,0.00029999999999996696
1730174447.4349089,0.5333,0.533,0.53315,0.00029999999999996696
1730174448.43806,0.5333,0.533,0.53315,0.00029999999999996696
1730174449.4415932,0.5333,0.533,0.53315,0.00029999999999996696
1730174450.444567,0.5333,0.5331,0.5332,0.00019999999999997797
1730174451.447516,0.5333,0.5331,0.5332,0.00019999999999997797
1730174452.4509509,0.5333,0.533,0.53315,0.00029999999999996696
1730174453.45408,0.5333,0.533,0.53315,0.00029999999999996696
1730174454.4572082,0.5333,0.533,0.53315,0.00029999999999996696
1730174455.46041,0.5333,0.533,0.53315,0.00029999999999996696
1730174456.463763,0.5333,0.533,0.53315,0.00029999999999996696
1730174457.4666612,0.5334,0.5332,0.5333,0.00019999999999997797
1730174458.469897,0.5334,0.5332,0.5333,0.00019999999999997797
1730174459.472841,0.5334,0.5332,0.5333,0.00019999999999997797
1730174460.476064,0.5333,0.533,0.53315,0.00029999999999996696
1730174461.479525,0.5333,0.533,0.53315,0.00029999999999996696
1730174462.4830332,0.5333,0.5331,0.5332,0.00019999999999997797
1730174463.485562,0.5333,0.5331,0.5332,0.00019999999999997797
1730174464.4881122,0.5333,0.5331,0.5332,0.00019999999999997797
1730174465.4914298,0.5334,0.5332,0.5333,0.00019999999999997797
1730174466.49558,0.5334,0.5332,0.5333,0.00019999999999997797
1730174467.4982731,0.5334,0.5332,0.5333,0.00019999999999997797
1730174468.5011232,0.5333,0.5331,0.5332,0.00019999999999997797
1730174469.50437,0.5333,0.5331,0.5332,0.00019999999999997797
1730174470.507738,0.5335,0.5333,0.5334,0.00019999999999997797
1730174471.515425,0.5335,0.5333,0.5334,0.00019999999999997797
1730174472.517696,0.5335,0.5333,0.5334,0.00019999999999997797
1730174473.520906,0.5335,0.5333,0.5334,0.00019999999999997797
1730174474.5241,0.5335,0.5333,0.5334,0.00019999999999997797
1730174475.5275352,0.5335,0.5333,0.5334,0.00019999999999997797
1730174476.530763,0.5335,0.5333,0.5334,0.00019999999999997797
1730174477.5339499,0.5335,0.5333,0.5334,0.00019999999999997797
1730174478.537123,0.5333,0.5332,0.53325,9.999999999998899e-05
1730174479.5403688,0.5333,0.5332,0.53325,9.999999999998899e-05
1730174480.543731,0.5333,0.5332,0.53325,9.999999999998899e-05
1730174481.547255,0.5333,0.5332,0.53325,9.999999999998899e-05
1730174482.550445,0.5333,0.5332,0.53325,9.999999999998899e-05
1730174483.553578,0.5334,0.5332,0.5333,0.00019999999999997797
1730174484.55692,0.5334,0.5332,0.5333,0.00019999999999997797
1730174485.560192,0.5334,0.5332,0.5333,0.00019999999999997797
1730174486.5634718,0.5336,0.5334,0.5335,0.00019999999999997797
1730174487.5666502,0.5336,0.5334,0.5335,0.00019999999999997797
1730174488.569858,0.5335,0.5333,0.5334,0.00019999999999997797
1730174489.573007,0.5335,0.5333,0.5334,0.00019999999999997797
1730174490.576233,0.5335,0.5333,0.5334,0.00019999999999997797
1730174491.5794492,0.5334,0.5332,0.5333,0.00019999999999997797
1730174492.582564,0.5334,0.5332,0.5333,0.00019999999999997797
1730174493.5846531,0.5335,0.5333,0.5334,0.00019999999999997797
1730174494.587301,0.5335,0.5333,0.5334,0.00019999999999997797
1730174495.590185,0.5335,0.5333,0.5334,0.00019999999999997797
1730174496.593469,0.5334,0.5332,0.5333,0.00019999999999997797
1730174497.596745,0.5334,0.5332,0.5333,0.00019999999999997797
1730174498.5993779,0.5334,0.5332,0.5333,0.00019999999999997797
1730174499.602766,0.5334,0.5332,0.5333,0.00019999999999997797
1730174500.605484,0.5334,0.5332,0.5333,0.00019999999999997797
1730174501.6088588,0.5335,0.5333,0.5334,0.00019999999999997797
1730174502.611763,0.5335,0.5333,0.5334,0.00019999999999997797
1730174503.61412,0.5336,0.5334,0.5335,0.00019999999999997797
1730174504.6167061,0.5336,0.5334,0.5335,0.00019999999999997797
1730174505.619817,0.5336,0.5334,0.5335,0.00019999999999997797
1730174506.621749,0.5336,0.5334,0.5335,0.00019999999999997797
1730174507.624894,0.5336,0.5334,0.5335,0.00019999999999997797
1730174508.6274729,0.5335,0.5333,0.5334,0.00019999999999997797
1730174509.630728,0.5335,0.5333,0.5334,0.00019999999999997797
1730174510.633858,0.5335,0.5333,0.5334,0.00019999999999997797
1730174511.636991,0.5335,0.5332,0.53335,0.00029999999999996696
1730174512.6402,0.5335,0.5332,0.53335,0.00029999999999996696
1730174513.642838,0.5335,0.5333,0.5334,0.00019999999999997797
1730174514.646249,0.5335,0.5333,0.5334,0.00019999999999997797
1730174515.649607,0.5335,0.5333,0.5334,0.00019999999999997797
1730174516.6528971,0.5335,0.5333,0.5334,0.00019999999999997797
1730174517.656118,0.5335,0.5333,0.5334,0.00019999999999997797
1730174518.6587222,0.5336,0.5334,0.5335,0.00019999999999997797
1730174519.661864,0.5336,0.5334,0.5335,0.00019999999999997797
1730174520.664979,0.5336,0.5334,0.5335,0.00019999999999997797
1730174521.6683269,0.5336,0.5334,0.5335,0.00019999999999997797
1730174522.671616,0.5336,0.5334,0.5335,0.00019999999999997797
1730174523.674613,0.5335,0.5334,0.53345,9.999999999998899e-05
1730174524.677832,0.5335,0.5334,0.53345,9.999999999998899e-05
1730174525.680931,0.5335,0.5334,0.53345,9.999999999998899e-05
1730174526.68418,0.5336,0.5334,0.5335,0.00019999999999997797
1730174527.6872928,0.5336,0.5334,0.5335,0.00019999999999997797
1730174528.689718,0.5338,0.5336,0.5337000000000001,0.000200000000000089
1730174529.6930182,0.5338,0.5336,0.5337000000000001,0.000200000000000089
1730174530.696055,0.5337,0.5335,0.5336,0.00019999999999997797
1730174531.699248,0.5337,0.5335,0.5336,0.00019999999999997797
1730174532.7022378,0.5337,0.5335,0.5336,0.00019999999999997797
1730174533.705336,0.5337,0.5335,0.5336,0.00019999999999997797
1730174534.7079601,0.5337,0.5335,0.5336,0.00019999999999997797
1730174535.7112231,0.5337,0.5335,0.5336,0.00019999999999997797
1730174536.713311,0.5337,0.5335,0.5336,0.00019999999999997797
1730174537.716535,0.5337,0.5335,0.5336,0.00019999999999997797
1730174538.719242,0.5337,0.5335,0.5336,0.00019999999999997797
1730174539.722118,0.5337,0.5335,0.5336,0.00019999999999997797
1730174540.725437,0.5336,0.5334,0.5335,0.00019999999999997797
1730174541.7285209,0.5336,0.5334,0.5335,0.00019999999999997797
1730174542.731714,0.5336,0.5334,0.5335,0.00019999999999997797
1730174543.7351701,0.5336,0.5334,0.5335,0.00019999999999997797
1730174544.738209,0.5336,0.5334,0.5335,0.00019999999999997797
1730174545.741645,0.5337,0.5335,0.5336,0.00019999999999997797
1730174546.744915,0.5337,0.5335,0.5336,0.00019999999999997797
1730174547.748043,0.5337,0.5335,0.5336,0.00019999999999997797
1730174548.7514749,0.5337,0.5335,0.5336,0.00019999999999997797
1730174549.75469,0.5337,0.5335,0.5336,0.00019999999999997797
1730174550.7579808,0.5337,0.5335,0.5336,0.00019999999999997797
1730174551.76085,0.5337,0.5335,0.5336,0.00019999999999997797
1730174552.764422,0.5337,0.5335,0.5336,0.00019999999999997797
1730174553.769838,0.5336,0.5333,0.53345,0.00029999999999996696
1730174554.773438,0.5336,0.5333,0.53345,0.00029999999999996696
1730174555.777354,0.5336,0.5334,0.5335,0.00019999999999997797
1730174556.780637,0.5336,0.5334,0.5335,0.00019999999999997797
1730174557.783328,0.5336,0.5334,0.5335,0.00019999999999997797
1730174558.785841,0.5336,0.5334,0.5335,0.00019999999999997797
1730174559.788918,0.5336,0.5334,0.5335,0.00019999999999997797
1730174560.7916968,0.5336,0.5334,0.5335,0.00019999999999997797
1730174561.794867,0.5336,0.5334,0.5335,0.00019999999999997797
1730174562.798222,0.5336,0.5334,0.5335,0.00019999999999997797
1730174563.801208,0.5336,0.5334,0.5335,0.00019999999999997797
1730174564.804479,0.5336,0.5334,0.5335,0.00019999999999997797
1730174565.807585,0.5336,0.5334,0.5335,0.00019999999999997797
1730174566.8108742,0.5336,0.5334,0.5335,0.00019999999999997797
1730174567.813806,0.5336,0.5334,0.5335,0.00019999999999997797
1730174568.8167439,0.5336,0.5334,0.5335,0.00019999999999997797
1730174569.819903,0.5336,0.5334,0.5335,0.00019999999999997797
1730174570.823284,0.5336,0.5334,0.5335,0.00019999999999997797
1730174571.826538,0.5336,0.5334,0.5335,0.00019999999999997797
1730174572.830025,0.5337,0.5335,0.5336,0.00019999999999997797
1730174573.8334038,0.5337,0.5335,0.5336,0.00019999999999997797
1730174574.836843,0.5337,0.5335,0.5336,0.00019999999999997797
1730174575.84016,0.5337,0.5335,0.5336,0.00019999999999997797
1730174576.843455,0.5337,0.5335,0.5336,0.00019999999999997797
1730174577.846654,0.5337,0.5335,0.5336,0.00019999999999997797
1730174578.8499541,0.5337,0.5335,0.5336,0.00019999999999997797
1730174579.8532789,0.5337,0.5335,0.5336,0.00019999999999997797
1730174580.8565109,0.5337,0.5335,0.5336,0.00019999999999997797
1730174581.860013,0.5337,0.5335,0.5336,0.00019999999999997797
1730174582.863551,0.5336,0.5335,0.53355,9.999999999998899e-05
1730174583.8669991,0.5336,0.5335,0.53355,9.999999999998899e-05
1730174584.8703182,0.5336,0.5335,0.53355,9.999999999998899e-05
1730174585.873369,0.5337,0.5335,0.5336,0.00019999999999997797
1730174586.876708,0.5337,0.5335,0.5336,0.00019999999999997797
1730174587.879884,0.5337,0.5335,0.5336,0.00019999999999997797
1730174588.8830311,0.5337,0.5335,0.5336,0.00019999999999997797
1730174589.886195,0.5337,0.5335,0.5336,0.00019999999999997797
1730174590.8893068,0.5337,0.5335,0.5336,0.00019999999999997797
1730174591.892673,0.5337,0.5335,0.5336,0.00019999999999997797
1730174592.89595,0.5337,0.5335,0.5336,0.00019999999999997797
1730174593.899313,0.5337,0.5335,0.5336,0.00019999999999997797
1730174594.9031749,0.5337,0.5335,0.5336,0.00019999999999997797
1730174595.906359,0.5337,0.5335,0.5336,0.00019999999999997797
1730174596.90956,0.5337,0.5335,0.5336,0.00019999999999997797
1730174597.912649,0.5337,0.5335,0.5336,0.00019999999999997797
1730174598.915806,0.5337,0.5335,0.5336,0.00019999999999997797
1730174599.919161,0.5337,0.5335,0.5336,0.00019999999999997797
1730174600.9225721,0.5337,0.5335,0.5336,0.00019999999999997797
1730174601.925736,0.5337,0.5335,0.5336,0.00019999999999997797
1730174602.929088,0.5336,0.5334,0.5335,0.00019999999999997797
1730174603.93231,0.5336,0.5334,0.5335,0.00019999999999997797
1730174604.9354692,0.5335,0.5333,0.5334,0.00019999999999997797
1730174605.9387672,0.5335,0.5333,0.5334,0.00019999999999997797
1730174606.94199,0.5335,0.5333,0.5334,0.00019999999999997797
1730174607.945245,0.5335,0.5333,0.5334,0.00019999999999997797
1730174608.948423,0.5335,0.5333,0.5334,0.00019999999999997797
1730174609.951596,0.5335,0.5333,0.5334,0.00019999999999997797
1730174610.954933,0.5335,0.5333,0.5334,0.00019999999999997797
1730174611.958292,0.5337,0.5335,0.5336,0.00019999999999997797
1730174612.961725,0.5337,0.5335,0.5336,0.00019999999999997797
1730174613.9648771,0.5337,0.5335,0.5336,0.00019999999999997797
1730174614.96828,0.5336,0.5334,0.5335,0.00019999999999997797
1730174615.97157,0.5336,0.5334,0.5335,0.00019999999999997797
1730174616.974957,0.5336,0.5333,0.53345,0.00029999999999996696
1730174617.9780369,0.5336,0.5333,0.53345,0.00029999999999996696
1730174618.981021,0.5336,0.5333,0.53345,0.00029999999999996696
1730174619.984189,0.5336,0.5333,0.53345,0.00029999999999996696
1730174620.9875479,0.5336,0.5333,0.53345,0.00029999999999996696
1730174621.990561,0.5335,0.5333,0.5334,0.00019999999999997797
1730174622.99371,0.5335,0.5333,0.5334,0.00019999999999997797
1730174623.997057,0.5335,0.5333,0.5334,0.00019999999999997797
1730174625.000391,0.5333,0.5331,0.5332,0.00019999999999997797
1730174626.003728,0.5333,0.5331,0.5332,0.00019999999999997797
1730174627.007057,0.5333,0.5331,0.5332,0.00019999999999997797
1730174628.010253,0.5333,0.5331,0.5332,0.00019999999999997797
1730174629.013289,0.5334,0.5331,0.53325,0.00029999999999996696
1730174630.016452,0.5334,0.5331,0.53325,0.00029999999999996696
1730174631.019663,0.5334,0.5331,0.53325,0.00029999999999996696
1730174632.022667,0.5334,0.5331,0.53325,0.00029999999999996696
1730174633.025897,0.5334,0.5331,0.53325,0.00029999999999996696
1730174634.0291998,0.5334,0.5332,0.5333,0.00019999999999997797
1730174635.032598,0.5334,0.5332,0.5333,0.00019999999999997797
1730174636.0360389,0.5335,0.5332,0.53335,0.00029999999999996696
1730174637.03916,0.5335,0.5332,0.53335,0.00029999999999996696
1730174638.04237,0.5335,0.5332,0.53335,0.00029999999999996696
1730174639.045228,0.5334,0.5332,0.5333,0.00019999999999997797
1730174640.048459,0.5334,0.5332,0.5333,0.00019999999999997797
1730174641.0514371,0.5334,0.5332,0.5333,0.00019999999999997797
1730174642.054674,0.5334,0.5332,0.5333,0.00019999999999997797
1730174643.058125,0.5334,0.5332,0.5333,0.00019999999999997797
1730174644.061481,0.5336,0.5334,0.5335,0.00019999999999997797
1730174645.064824,0.5336,0.5334,0.5335,0.00019999999999997797
1730174646.068063,0.5337,0.5335,0.5336,0.00019999999999997797
1730174647.070922,0.5337,0.5335,0.5336,0.00019999999999997797
1730174648.073387,0.5337,0.5335,0.5336,0.00019999999999997797
1730174649.0764291,0.5337,0.5336,0.53365,9.999999999998899e-05
1730174650.079701,0.5337,0.5336,0.53365,9.999999999998899e-05
1730174651.082859,0.5337,0.5335,0.5336,0.00019999999999997797
1730174652.086123,0.5337,0.5335,0.5336,0.00019999999999997797
1730174653.0894852,0.5337,0.5335,0.5336,0.00019999999999997797
1730174654.092721,0.5337,0.5335,0.5336,0.00019999999999997797
1730174655.094731,0.5337,0.5335,0.5336,0.00019999999999997797
1730174656.097537,0.5337,0.5335,0.5336,0.00019999999999997797
1730174657.1008089,0.5337,0.5335,0.5336,0.00019999999999997797
1730174658.103956,0.5337,0.5335,0.5336,0.00019999999999997797
1730174659.107023,0.5337,0.5335,0.5336,0.00019999999999997797
1730174660.110365,0.5337,0.5335,0.5336,0.00019999999999997797
1730174661.113476,0.5337,0.5335,0.5336,0.00019999999999997797
1730174662.116288,0.5335,0.5333,0.5334,0.00019999999999997797
1730174663.11967,0.5335,0.5333,0.5334,0.00019999999999997797
1730174664.1231601,0.5334,0.5332,0.5333,0.00019999999999997797
1730174665.1267421,0.5334,0.5332,0.5333,0.00019999999999997797
1730174666.130054,0.5334,0.5332,0.5333,0.00019999999999997797
1730174667.133427,0.5334,0.5332,0.5333,0.00019999999999997797
1730174668.136697,0.5334,0.5332,0.5333,0.00019999999999997797
1730174669.139901,0.5334,0.5332,0.5333,0.00019999999999997797
1730174670.1429179,0.5335,0.5333,0.5334,0.00019999999999997797
1730174671.1447449,0.5335,0.5333,0.5334,0.00019999999999997797
1730174672.1476328,0.5336,0.5334,0.5335,0.00019999999999997797
1730174673.150866,0.5336,0.5334,0.5335,0.00019999999999997797
1730174674.154249,0.5336,0.5334,0.5335,0.00019999999999997797
1730174675.1574621,0.5336,0.5334,0.5335,0.00019999999999997797
1730174676.160737,0.5336,0.5334,0.5335,0.00019999999999997797
1730174677.164059,0.5336,0.5334,0.5335,0.00019999999999997797
1730174678.167259,0.5336,0.5334,0.5335,0.00019999999999997797
1730174679.169642,0.5336,0.5334,0.5335,0.00019999999999997797
1730174680.172784,0.5334,0.5332,0.5333,0.00019999999999997797
1730174681.176057,0.5334,0.5332,0.5333,0.00019999999999997797
1730174682.179144,0.5334,0.5332,0.5333,0.00019999999999997797
1730174683.181973,0.5334,0.5332,0.5333,0.00019999999999997797
1730174684.1852958,0.5334,0.5332,0.5333,0.00019999999999997797
1730174685.18877,0.5334,0.5332,0.5333,0.00019999999999997797
1730174686.192087,0.5334,0.5332,0.5333,0.00019999999999997797
1730174687.1953049,0.5334,0.5332,0.5333,0.00019999999999997797
1730174688.198526,0.5334,0.5332,0.5333,0.00019999999999997797
1730174689.201586,0.5334,0.5332,0.5333,0.00019999999999997797
1730174690.204866,0.5334,0.5332,0.5333,0.00019999999999997797
1730174691.2079518,0.5334,0.5332,0.5333,0.00019999999999997797
1730174692.210919,0.5334,0.5332,0.5333,0.00019999999999997797
1730174693.214133,0.5334,0.5332,0.5333,0.00019999999999997797
1730174694.217414,0.5334,0.5332,0.5333,0.00019999999999997797
1730174695.2206259,0.5334,0.5332,0.5333,0.00019999999999997797
1730174696.223872,0.5334,0.5332,0.5333,0.00019999999999997797
1730174697.227156,0.5334,0.5332,0.5333,0.00019999999999997797
1730174698.2304268,0.5333,0.5331,0.5332,0.00019999999999997797
1730174699.2335172,0.5333,0.5331,0.5332,0.00019999999999997797
1730174700.236747,0.5333,0.5331,0.5332,0.00019999999999997797
1730174701.240086,0.5333,0.533,0.53315,0.00029999999999996696
1730174702.243366,0.5333,0.533,0.53315,0.00029999999999996696
1730174703.24684,0.5333,0.533,0.53315,0.00029999999999996696
1730174704.250402,0.5332,0.533,0.5331,0.00019999999999997797
1730174705.253765,0.5332,0.533,0.5331,0.00019999999999997797
1730174706.257041,0.5332,0.533,0.5331,0.00019999999999997797
1730174707.26089,0.5332,0.533,0.5331,0.00019999999999997797
1730174708.264127,0.5331,0.5329,0.533,0.00019999999999997797
1730174709.267311,0.5331,0.5329,0.533,0.00019999999999997797
1730174710.270575,0.5331,0.5329,0.533,0.00019999999999997797
1730174711.273676,0.5331,0.533,0.53305,9.999999999998899e-05
1730174712.276342,0.5331,0.533,0.53305,9.999999999998899e-05
1730174713.2796679,0.5331,0.533,0.53305,9.999999999998899e-05
1730174714.2829592,0.5331,0.5329,0.533,0.00019999999999997797
1730174715.2862,0.5331,0.5329,0.533,0.00019999999999997797
1730174716.2894158,0.5331,0.5329,0.533,0.00019999999999997797
1730174717.2926679,0.5332,0.533,0.5331,0.00019999999999997797
1730174718.2958121,0.5332,0.533,0.5331,0.00019999999999997797
1730174719.299223,0.5332,0.533,0.5331,0.00019999999999997797
1730174720.30255,0.5332,0.533,0.5331,0.00019999999999997797
1730174721.305728,0.5332,0.533,0.5331,0.00019999999999997797
1730174722.308987,0.5333,0.5331,0.5332,0.00019999999999997797
1730174723.312153,0.5333,0.5331,0.5332,0.00019999999999997797
1730174724.315386,0.5333,0.5331,0.5332,0.00019999999999997797
1730174725.31874,0.5333,0.5331,0.5332,0.00019999999999997797
1730174726.322037,0.5333,0.5331,0.5332,0.00019999999999997797
1730174727.325123,0.5333,0.5331,0.5332,0.00019999999999997797
1730174728.3284988,0.5333,0.5331,0.5332,0.00019999999999997797
1730174729.331775,0.5333,0.5331,0.5332,0.00019999999999997797
1730174730.334597,0.5333,0.5331,0.5332,0.00019999999999997797
1730174731.338002,0.5333,0.5331,0.5332,0.00019999999999997797
1730174732.3410869,0.5333,0.5331,0.5332,0.00019999999999997797
1730174733.344212,0.5333,0.5331,0.5332,0.00019999999999997797
1730174734.3476748,0.5333,0.5331,0.5332,0.00019999999999997797
1730174735.35088,0.5333,0.5331,0.5332,0.00019999999999997797
1730174736.3542001,0.5333,0.5331,0.5332,0.00019999999999997797
1730174737.3575191,0.5333,0.5331,0.5332,0.00019999999999997797
1730174738.360769,0.5333,0.5332,0.53325,9.999999999998899e-05
1730174739.3634298,0.5333,0.5332,0.53325,9.999999999998899e-05
1730174740.366602,0.5333,0.5332,0.53325,9.999999999998899e-05
1730174741.369823,0.5333,0.5332,0.53325,9.999999999998899e-05
1730174742.373012,0.5333,0.5332,0.53325,9.999999999998899e-05
1730174743.375822,0.5333,0.5332,0.53325,9.999999999998899e-05
1730174744.378997,0.5333,0.5332,0.53325,9.999999999998899e-05
1730174745.3820941,0.5333,0.5332,0.53325,9.999999999998899e-05
1730174746.3852632,0.5334,0.5332,0.5333,0.00019999999999997797
1730174747.388085,0.5334,0.5332,0.5333,0.00019999999999997797
1730174748.3897028,0.5334,0.5332,0.5333,0.00019999999999997797
1730174749.39215,0.5333,0.5332,0.53325,9.999999999998899e-05
1730174750.3953862,0.5333,0.5332,0.53325,9.999999999998899e-05
1730174751.3985012,0.5333,0.5331,0.5332,0.00019999999999997797
1730174752.401818,0.5333,0.5331,0.5332,0.00019999999999997797
1730174753.405069,0.5333,0.5331,0.5332,0.00019999999999997797
1730174754.407948,0.5334,0.5332,0.5333,0.00019999999999997797
1730174755.411215,0.5334,0.5332,0.5333,0.00019999999999997797
1730174756.414175,0.5334,0.5332,0.5333,0.00019999999999997797
1730174757.415953,0.5334,0.5332,0.5333,0.00019999999999997797
1730174758.419127,0.5334,0.5332,0.5333,0.00019999999999997797
1730174759.422287,0.5333,0.5332,0.53325,9.999999999998899e-05
1730174760.425463,0.5333,0.5332,0.53325,9.999999999998899e-05
1730174761.428752,0.5334,0.5332,0.5333,0.00019999999999997797
1730174762.431863,0.5334,0.5332,0.5333,0.00019999999999997797
1730174763.434172,0.5334,0.5332,0.5333,0.00019999999999997797
1730174764.437477,0.5334,0.5332,0.5333,0.00019999999999997797
1730174765.440799,0.5334,0.5332,0.5333,0.00019999999999997797
1730174766.44353,0.5334,0.5332,0.5333,0.00019999999999997797
1730174767.445348,0.5334,0.5332,0.5333,0.00019999999999997797
1730174768.448787,0.5334,0.5332,0.5333,0.00019999999999997797
1730174769.451562,0.5335,0.5333,0.5334,0.00019999999999997797
1730174770.454794,0.5335,0.5333,0.5334,0.00019999999999997797
1730174771.4580202,0.5335,0.5334,0.53345,9.999999999998899e-05
1730174772.461223,0.5335,0.5334,0.53345,9.999999999998899e-05
1730174773.4645069,0.5335,0.5334,0.53345,9.999999999998899e-05
1730174774.467818,0.5336,0.5334,0.5335,0.00019999999999997797
1730174775.4712949,0.5336,0.5334,0.5335,0.00019999999999997797
1730174776.474468,0.5336,0.5334,0.5335,0.00019999999999997797
1730174777.478221,0.5336,0.5334,0.5335,0.00019999999999997797
1730174778.4815092,0.5336,0.5334,0.5335,0.00019999999999997797
1730174779.4843252,0.5336,0.5334,0.5335,0.00019999999999997797
1730174780.4876852,0.5336,0.5334,0.5335,0.00019999999999997797
1730174781.490817,0.5336,0.5334,0.5335,0.00019999999999997797
1730174782.4939709,0.5336,0.5335,0.53355,9.999999999998899e-05
1730174783.497333,0.5336,0.5335,0.53355,9.999999999998899e-05
1730174784.500716,0.5336,0.5335,0.53355,9.999999999998899e-05
1730174785.5040798,0.5336,0.5335,0.53355,9.999999999998899e-05
1730174786.507432,0.5336,0.5335,0.53355,9.999999999998899e-05
1730174787.510832,0.5336,0.5334,0.5335,0.00019999999999997797
1730174788.514059,0.5336,0.5334,0.5335,0.00019999999999997797
1730174789.516671,0.5336,0.5334,0.5335,0.00019999999999997797
1730174790.519992,0.5336,0.5334,0.5335,0.00019999999999997797
1730174791.52328,0.5336,0.5334,0.5335,0.00019999999999997797
1730174792.5265422,0.5336,0.5334,0.5335,0.00019999999999997797
1730174793.529145,0.5336,0.5334,0.5335,0.00019999999999997797
1730174794.532521,0.5336,0.5334,0.5335,0.00019999999999997797
1730174795.535577,0.5336,0.5334,0.5335,0.00019999999999997797
1730174796.538765,0.5336,0.5334,0.5335,0.00019999999999997797
1730174797.5419068,0.5336,0.5334,0.5335,0.00019999999999997797
1730174798.544928,0.5336,0.5334,0.5335,0.00019999999999997797
1730174799.5478451,0.5336,0.5334,0.5335,0.00019999999999997797
1730174800.5510762,0.5336,0.5334,0.5335,0.00019999999999997797
1730174801.554229,0.5336,0.5334,0.5335,0.00019999999999997797
1730174802.557487,0.5336,0.5334,0.5335,0.00019999999999997797
1730174803.5606358,0.5336,0.5334,0.5335,0.00019999999999997797
1730174804.563912,0.5336,0.5334,0.5335,0.00019999999999997797
1730174805.567255,0.5336,0.5334,0.5335,0.00019999999999997797
1730174806.5703459,0.5336,0.5334,0.5335,0.00019999999999997797
1730174807.5734122,0.5336,0.5335,0.53355,9.999999999998899e-05
1730174808.576111,0.5336,0.5335,0.53355,9.999999999998899e-05
1730174809.579029,0.5338,0.5336,0.5337000000000001,0.000200000000000089
1730174810.582291,0.5338,0.5336,0.5337000000000001,0.000200000000000089
1730174811.585676,0.5338,0.5336,0.5337000000000001,0.000200000000000089
1730174812.588904,0.5338,0.5336,0.5337000000000001,0.000200000000000089
1730174813.591789,0.5338,0.5336,0.5337000000000001,0.000200000000000089
1730174814.59508,0.5338,0.5336,0.5337000000000001,0.000200000000000089
1730174815.598479,0.5338,0.5336,0.5337000000000001,0.000200000000000089
1730174816.6015959,0.5338,0.5337,0.53375,0.00010000000000010001
1730174817.604782,0.5338,0.5337,0.53375,0.00010000000000010001
1730174818.607672,0.5338,0.5337,0.53375,0.00010000000000010001
1730174819.610262,0.534,0.5339,0.53395,9.999999999998899e-05
1730174820.613628,0.534,0.5339,0.53395,9.999999999998899e-05
1730174821.61681,0.534,0.5339,0.53395,9.999999999998899e-05
1730174822.620076,0.534,0.5339,0.53395,9.999999999998899e-05
1730174823.6228979,0.534,0.5339,0.53395,9.999999999998899e-05
1730174824.626116,0.534,0.5339,0.53395,9.999999999998899e-05
1730174825.629436,0.534,0.5339,0.53395,9.999999999998899e-05
1730174826.632575,0.534,0.5339,0.53395,9.999999999998899e-05
1730174827.635782,0.534,0.5339,0.53395,9.999999999998899e-05
1730174828.6389482,0.534,0.5339,0.53395,9.999999999998899e-05
1730174829.641477,0.534,0.5339,0.53395,9.999999999998899e-05
1730174830.644893,0.534,0.5339,0.53395,9.999999999998899e-05
1730174831.648281,0.534,0.5338,0.5339,0.00019999999999997797
1730174832.651593,0.534,0.5338,0.5339,0.00019999999999997797
1730174833.654818,0.534,0.5338,0.5339,0.00019999999999997797
1730174834.657421,0.534,0.5338,0.5339,0.00019999999999997797
1730174835.6606,0.534,0.5338,0.5339,0.00019999999999997797
1730174836.663771,0.534,0.5338,0.5339,0.00019999999999997797
1730174837.666942,0.534,0.5338,0.5339,0.00019999999999997797
1730174838.670124,0.534,0.5338,0.5339,0.00019999999999997797
1730174839.6732428,0.534,0.5338,0.5339,0.00019999999999997797
1730174840.676866,0.534,0.5338,0.5339,0.00019999999999997797
1730174841.680099,0.534,0.5338,0.5339,0.00019999999999997797
1730174842.683389,0.534,0.5338,0.5339,0.00019999999999997797
1730174843.68677,0.534,0.5338,0.5339,0.00019999999999997797
1730174844.690026,0.534,0.5338,0.5339,0.00019999999999997797
1730174845.693215,0.534,0.5338,0.5339,0.00019999999999997797
1730174846.696498,0.534,0.5338,0.5339,0.00019999999999997797
1730174847.699619,0.534,0.5338,0.5339,0.00019999999999997797
1730174848.702809,0.534,0.5338,0.5339,0.00019999999999997797
1730174849.705853,0.534,0.5338,0.5339,0.00019999999999997797
1730174850.709016,0.534,0.5338,0.5339,0.00019999999999997797
1730174851.7122161,0.534,0.5338,0.5339,0.00019999999999997797
1730174852.7156491,0.534,0.5338,0.5339,0.00019999999999997797
1730174853.719119,0.534,0.5338,0.5339,0.00019999999999997797
1730174854.7223701,0.534,0.5338,0.5339,0.00019999999999997797
1730174855.725497,0.534,0.5338,0.5339,0.00019999999999997797
1730174856.7287612,0.534,0.5338,0.5339,0.00019999999999997797
1730174857.732089,0.534,0.5338,0.5339,0.00019999999999997797
1730174858.7353861,0.534,0.5338,0.5339,0.00019999999999997797
1730174859.738446,0.534,0.5338,0.5339,0.00019999999999997797
1730174860.741607,0.534,0.5338,0.5339,0.00019999999999997797
1730174861.744621,0.534,0.5338,0.5339,0.00019999999999997797
1730174862.747815,0.534,0.5338,0.5339,0.00019999999999997797
1730174863.751172,0.534,0.5338,0.5339,0.00019999999999997797
1730174864.754449,0.534,0.5338,0.5339,0.00019999999999997797
1730174865.757588,0.534,0.5338,0.5339,0.00019999999999997797
1730174866.7608051,0.534,0.5338,0.5339,0.00019999999999997797
1730174867.764019,0.534,0.5338,0.5339,0.00019999999999997797
1730174868.767128,0.534,0.5338,0.5339,0.00019999999999997797
1730174869.770147,0.534,0.5338,0.5339,0.00019999999999997797
1730174870.773259,0.534,0.5338,0.5339,0.00019999999999997797
1730174871.776384,0.5338,0.5336,0.5337000000000001,0.000200000000000089
1730174872.779316,0.5338,0.5336,0.5337000000000001,0.000200000000000089
1730174873.782799,0.5337,0.5335,0.5336,0.00019999999999997797
1730174874.7862232,0.5337,0.5335,0.5336,0.00019999999999997797
1730174875.789537,0.5337,0.5335,0.5336,0.00019999999999997797
1730174876.792855,0.5337,0.5335,0.5336,0.00019999999999997797
1730174877.796017,0.5337,0.5335,0.5336,0.00019999999999997797
1730174878.799094,0.5337,0.5335,0.5336,0.00019999999999997797
1730174879.802179,0.5335,0.5333,0.5334,0.00019999999999997797
1730174880.8054662,0.5335,0.5333,0.5334,0.00019999999999997797
1730174881.808809,0.5335,0.5333,0.5334,0.00019999999999997797
1730174882.811999,0.5335,0.5333,0.5334,0.00019999999999997797
1730174883.815354,0.5335,0.5333,0.5334,0.00019999999999997797
1730174884.818534,0.5334,0.5333,0.53335,9.999999999998899e-05
1730174885.821873,0.5334,0.5333,0.53335,9.999999999998899e-05
1730174886.8250282,0.5336,0.5334,0.5335,0.00019999999999997797
1730174887.8282838,0.5336,0.5334,0.5335,0.00019999999999997797
1730174888.8314931,0.5336,0.5334,0.5335,0.00019999999999997797
1730174889.83479,0.5337,0.5335,0.5336,0.00019999999999997797
1730174890.837985,0.5337,0.5335,0.5336,0.00019999999999997797
1730174891.841213,0.5337,0.5335,0.5336,0.00019999999999997797
1730174892.844351,0.5337,0.5335,0.5336,0.00019999999999997797
1730174893.847719,0.5337,0.5335,0.5336,0.00019999999999997797
1730174894.850999,0.5339,0.5337,0.5338,0.000200000000000089
1730174895.854298,0.5339,0.5337,0.5338,0.000200000000000089
1730174896.8576682,0.5338,0.5337,0.53375,0.00010000000000010001
1730174897.860836,0.5338,0.5337,0.53375,0.00010000000000010001
1730174898.864054,0.5339,0.5337,0.5338,0.000200000000000089
1730174899.867094,0.5339,0.5337,0.5338,0.000200000000000089
1730174900.870259,0.5339,0.5337,0.5338,0.000200000000000089
1730174901.873371,0.5339,0.5337,0.5338,0.000200000000000089
1730174902.8765702,0.5339,0.5337,0.5338,0.000200000000000089
1730174903.8800151,0.5338,0.5337,0.53375,0.00010000000000010001
1730174904.8831291,0.5338,0.5337,0.53375,0.00010000000000010001
1730174905.886422,0.5338,0.5337,0.53375,0.00010000000000010001
1730174906.889659,0.5338,0.5337,0.53375,0.00010000000000010001
1730174907.892909,0.5338,0.5337,0.53375,0.00010000000000010001
1730174908.896224,0.5338,0.5336,0.5337000000000001,0.000200000000000089
1730174909.899331,0.5338,0.5336,0.5337000000000001,0.000200000000000089
1730174910.902547,0.5338,0.5336,0.5337000000000001,0.000200000000000089
1730174911.905689,0.5338,0.5336,0.5337000000000001,0.000200000000000089
1730174912.908725,0.5338,0.5336,0.5337000000000001,0.000200000000000089
1730174913.912075,0.5337,0.5335,0.5336,0.00019999999999997797
1730174914.914897,0.5337,0.5335,0.5336,0.00019999999999997797
1730174915.91803,0.5337,0.5335,0.5336,0.00019999999999997797
1730174916.921228,0.5337,0.5335,0.5336,0.00019999999999997797
1730174917.924484,0.5337,0.5335,0.5336,0.00019999999999997797
1730174918.9277859,0.5338,0.5336,0.5337000000000001,0.000200000000000089
1730174919.931087,0.5338,0.5336,0.5337000000000001,0.000200000000000089
1730174920.934539,0.5338,0.5336,0.5337000000000001,0.000200000000000089
1730174921.937661,0.5337,0.5336,0.53365,9.999999999998899e-05
1730174922.9410071,0.5337,0.5336,0.53365,9.999999999998899e-05
1730174923.944513,0.5338,0.5336,0.5337000000000001,0.000200000000000089
1730174924.947893,0.5338,0.5336,0.5337000000000001,0.000200000000000089
1730174925.9512398,0.5338,0.5336,0.5337000000000001,0.000200000000000089
1730174926.9543092,0.5338,0.5336,0.5337000000000001,0.000200000000000089
1730174927.957696,0.5338,0.5336,0.5337000000000001,0.000200000000000089
1730174928.960821,0.5339,0.5337,0.5338,0.000200000000000089
1730174929.964076,0.5339,0.5337,0.5338,0.000200000000000089
1730174930.967339,0.5339,0.5337,0.5338,0.000200000000000089
1730174931.9704828,0.5339,0.5337,0.5338,0.000200000000000089
1730174932.973695,0.5339,0.5337,0.5338,0.000200000000000089
1730174933.976952,0.5338,0.5337,0.53375,0.00010000000000010001
1730174934.9803672,0.5338,0.5337,0.53375,0.00010000000000010001
1730174935.983336,0.5339,0.5338,0.53385,9.999999999998899e-05
1730174936.986482,0.5339,0.5338,0.53385,9.999999999998899e-05
1730174937.989812,0.5339,0.5338,0.53385,9.999999999998899e-05
1730174938.9929678,0.5339,0.5338,0.53385,9.999999999998899e-05
1730174939.9962711,0.5339,0.5338,0.53385,9.999999999998899e-05
1730174940.9994931,0.5339,0.5338,0.53385,9.999999999998899e-05
1730174942.002548,0.5339,0.5338,0.53385,9.999999999998899e-05
1730174943.00586,0.5339,0.5338,0.53385,9.999999999998899e-05
1730174944.009053,0.5338,0.5337,0.53375,0.00010000000000010001
1730174945.0121999,0.5338,0.5337,0.53375,0.00010000000000010001
1730174946.0154939,0.5338,0.5337,0.53375,0.00010000000000010001
1730174947.018971,0.5338,0.5337,0.53375,0.00010000000000010001
1730174948.0223842,0.5338,0.5337,0.53375,0.00010000000000010001
1730174949.025534,0.5338,0.5337,0.53375,0.00010000000000010001
1730174950.0284438,0.5338,0.5337,0.53375,0.00010000000000010001
1730174951.0318668,0.5338,0.5336,0.5337000000000001,0.000200000000000089
1730174952.035017,0.5338,0.5336,0.5337000000000001,0.000200000000000089
1730174953.038195,0.5338,0.5336,0.5337000000000001,0.000200000000000089
1730174954.041413,0.5338,0.5336,0.5337000000000001,0.000200000000000089
1730174955.044428,0.5338,0.5336,0.5337000000000001,0.000200000000000089
1730174956.0464718,0.5336,0.5335,0.53355,9.999999999998899e-05
1730174957.049865,0.5336,0.5335,0.53355,9.999999999998899e-05
1730174958.053076,0.5336,0.5335,0.53355,9.999999999998899e-05
1730174959.0561962,0.5336,0.5334,0.5335,0.00019999999999997797
1730174960.058902,0.5336,0.5334,0.5335,0.00019999999999997797
1730174961.062284,0.5336,0.5334,0.5335,0.00019999999999997797
1730174962.0655282,0.5336,0.5334,0.5335,0.00019999999999997797
1730174963.0685198,0.5336,0.5334,0.5335,0.00019999999999997797
1730174964.071548,0.5337,0.5335,0.5336,0.00019999999999997797
1730174965.074549,0.5337,0.5335,0.5336,0.00019999999999997797
1730174966.0778801,0.5336,0.5335,0.53355,9.999999999998899e-05
1730174967.081219,0.5336,0.5335,0.53355,9.999999999998899e-05
1730174968.084689,0.5336,0.5335,0.53355,9.999999999998899e-05
1730174969.087988,0.5336,0.5335,0.53355,9.999999999998899e-05
1730174970.090812,0.5336,0.5335,0.53355,9.999999999998899e-05
1730174971.094016,0.5337,0.5335,0.5336,0.00019999999999997797
1730174972.0971851,0.5337,0.5335,0.5336,0.00019999999999997797
1730174973.100395,0.5337,0.5335,0.5336,0.00019999999999997797
1730174974.103656,0.5337,0.5335,0.5336,0.00019999999999997797
1730174975.106626,0.5337,0.5335,0.5336,0.00019999999999997797
1730174976.1097631,0.5337,0.5335,0.5336,0.00019999999999997797
1730174977.11316,0.5337,0.5335,0.5336,0.00019999999999997797
1730174978.11663,0.5337,0.5335,0.5336,0.00019999999999997797
1730174979.120045,0.5337,0.5335,0.5336,0.00019999999999997797
1730174980.123422,0.5337,0.5335,0.5336,0.00019999999999997797
1730174981.1267252,0.5337,0.5335,0.5336,0.00019999999999997797
1730174982.129994,0.5337,0.5335,0.5336,0.00019999999999997797
1730174983.133145,0.5337,0.5336,0.53365,9.999999999998899e-05
1730174984.1363149,0.5337,0.5336,0.53365,9.999999999998899e-05
1730174985.139403,0.5337,0.5336,0.53365,9.999999999998899e-05
1730174986.142584,0.5337,0.5336,0.53365,9.999999999998899e-05
1730174987.145924,0.5337,0.5336,0.53365,9.999999999998899e-05
1730174988.149127,0.5338,0.5336,0.5337000000000001,0.000200000000000089
1730174989.152458,0.5338,0.5336,0.5337000000000001,0.000200000000000089
1730174990.155461,0.5338,0.5336,0.5337000000000001,0.000200000000000089
1730174991.158813,0.5338,0.5336,0.5337000000000001,0.000200000000000089
1730174992.161916,0.5338,0.5336,0.5337000000000001,0.000200000000000089
1730174993.165223,0.5338,0.5336,0.5337000000000001,0.000200000000000089
1730174994.168383,0.5338,0.5336,0.5337000000000001,0.000200000000000089
1730174995.171681,0.5338,0.5336,0.5337000000000001,0.000200000000000089
1730174996.1751392,0.5338,0.5336,0.5337000000000001,0.000200000000000089
1730174997.1784189,0.5338,0.5336,0.5337000000000001,0.000200000000000089
1730174998.18155,0.5338,0.5336,0.5337000000000001,0.000200000000000089
1730174999.184653,0.5338,0.5336,0.5337000000000001,0.000200000000000089
1730175000.187687,0.5338,0.5336,0.5337000000000001,0.000200000000000089
1730175001.191027,0.5338,0.5336,0.5337000000000001,0.000200000000000089
1730175002.194381,0.5338,0.5337,0.53375,0.00010000000000010001
1730175003.197665,0.5338,0.5337,0.53375,0.00010000000000010001
1730175004.200973,0.5338,0.5337,0.53375,0.00010000000000010001
1730175005.2039402,0.5338,0.5337,0.53375,0.00010000000000010001
1730175006.207166,0.5338,0.5337,0.53375,0.00010000000000010001
1730175007.210581,0.5339,0.5337,0.5338,0.000200000000000089
1730175008.2139032,0.5339,0.5337,0.5338,0.000200000000000089
1730175009.2171829,0.5339,0.5337,0.5338,0.000200000000000089
1730175010.220339,0.5339,0.5337,0.5338,0.000200000000000089
1730175011.223584,0.5339,0.5337,0.5338,0.000200000000000089
1730175012.226835,0.5339,0.5337,0.5338,0.000200000000000089
1730175013.229855,0.5339,0.5337,0.5338,0.000200000000000089
1730175014.2332082,0.5339,0.5337,0.5338,0.000200000000000089
1730175015.2376902,0.5339,0.5337,0.5338,0.000200000000000089
1730175016.2408051,0.5339,0.5337,0.5338,0.000200000000000089
1730175017.244313,0.5339,0.5338,0.53385,9.999999999998899e-05
1730175018.247521,0.5339,0.5338,0.53385,9.999999999998899e-05
1730175019.250654,0.5339,0.5338,0.53385,9.999999999998899e-05
1730175020.2537658,0.5339,0.5338,0.53385,9.999999999998899e-05
1730175021.257132,0.5339,0.5338,0.53385,9.999999999998899e-05
1730175022.2602072,0.5339,0.5338,0.53385,9.999999999998899e-05
1730175023.263361,0.5339,0.5338,0.53385,9.999999999998899e-05
1730175024.266728,0.5339,0.5338,0.53385,9.999999999998899e-05
1730175025.2700129,0.5339,0.5338,0.53385,9.999999999998899e-05
1730175026.273232,0.5339,0.5338,0.53385,9.999999999998899e-05
1730175027.276345,0.5339,0.5338,0.53385,9.999999999998899e-05
1730175028.279637,0.5339,0.5338,0.53385,9.999999999998899e-05
1730175029.282773,0.5339,0.5338,0.53385,9.999999999998899e-05
1730175030.285764,0.5339,0.5338,0.53385,9.999999999998899e-05
1730175031.288773,0.5339,0.5338,0.53385,9.999999999998899e-05
1730175032.292049,0.5339,0.5338,0.53385,9.999999999998899e-05
1730175033.295328,0.5339,0.5338,0.53385,9.999999999998899e-05
1730175034.2985501,0.5339,0.5338,0.53385,9.999999999998899e-05
1730175035.301705,0.5339,0.5338,0.53385,9.999999999998899e-05
1730175036.304799,0.5339,0.5338,0.53385,9.999999999998899e-05
1730175037.308165,0.5339,0.5338,0.53385,9.999999999998899e-05
1730175038.311501,0.5339,0.5338,0.53385,9.999999999998899e-05
1730175039.3147929,0.5341,0.5339,0.534,0.00019999999999997797
1730175040.318143,0.5341,0.5339,0.534,0.00019999999999997797
1730175041.3214898,0.5341,0.5339,0.534,0.00019999999999997797
1730175042.325004,0.5342,0.534,0.5341,0.00019999999999997797
1730175043.328316,0.5342,0.534,0.5341,0.00019999999999997797
1730175044.3316312,0.5342,0.5341,0.53415,9.999999999998899e-05
1730175045.334826,0.5342,0.5341,0.53415,9.999999999998899e-05
1730175046.337743,0.5342,0.5341,0.53415,9.999999999998899e-05
1730175047.3409028,0.5341,0.534,0.53405,9.999999999998899e-05
1730175048.343919,0.5341,0.534,0.53405,9.999999999998899e-05
1730175049.345879,0.5342,0.534,0.5341,0.00019999999999997797
1730175050.348777,0.5342,0.534,0.5341,0.00019999999999997797
1730175051.352028,0.5342,0.534,0.5341,0.00019999999999997797
1730175052.3548648,0.5342,0.5341,0.53415,9.999999999998899e-05
1730175053.358065,0.5342,0.5341,0.53415,9.999999999998899e-05
1730175054.361444,0.5342,0.5341,0.53415,9.999999999998899e-05
1730175055.3648372,0.5342,0.5341,0.53415,9.999999999998899e-05
1730175056.368014,0.5342,0.5341,0.53415,9.999999999998899e-05
1730175057.3713448,0.5344,0.5342,0.5343,0.00019999999999997797
1730175058.3741372,0.5344,0.5342,0.5343,0.00019999999999997797
1730175059.375805,0.5344,0.5342,0.5343,0.00019999999999997797
1730175060.378477,0.5344,0.5342,0.5343,0.00019999999999997797
1730175061.381993,0.5344,0.5342,0.5343,0.00019999999999997797
1730175062.385144,0.5343,0.5342,0.53425,9.999999999998899e-05
1730175063.3883588,0.5343,0.5342,0.53425,9.999999999998899e-05
1730175064.391262,0.5343,0.5342,0.53425,9.999999999998899e-05
1730175065.394475,0.5343,0.5342,0.53425,9.999999999998899e-05
1730175066.397662,0.5344,0.5342,0.5343,0.00019999999999997797
1730175067.400885,0.5344,0.5342,0.5343,0.00019999999999997797
1730175068.403956,0.5344,0.5342,0.5343,0.00019999999999997797
1730175069.4057012,0.5343,0.5342,0.53425,9.999999999998899e-05
1730175070.408851,0.5343,0.5342,0.53425,9.999999999998899e-05
1730175071.4122481,0.5343,0.5342,0.53425,9.999999999998899e-05
1730175072.415534,0.5343,0.5342,0.53425,9.999999999998899e-05
1730175073.418698,0.5343,0.5342,0.53425,9.999999999998899e-05
1730175074.422028,0.5343,0.5342,0.53425,9.999999999998899e-05
1730175075.425421,0.5343,0.5342,0.53425,9.999999999998899e-05
1730175076.428585,0.5343,0.5342,0.53425,9.999999999998899e-05
1730175077.431701,0.5343,0.5342,0.53425,9.999999999998899e-05
1730175078.4364889,0.5343,0.5342,0.53425,9.999999999998899e-05
1730175079.439326,0.5343,0.5342,0.53425,9.999999999998899e-05
1730175080.441659,0.5343,0.5342,0.53425,9.999999999998899e-05
1730175081.4448352,0.5344,0.5342,0.5343,0.00019999999999997797
1730175082.4480221,0.5344,0.5342,0.5343,0.00019999999999997797
1730175083.451243,0.5344,0.5342,0.5343,0.00019999999999997797
1730175084.454494,0.5343,0.5342,0.53425,9.999999999998899e-05
1730175085.458581,0.5343,0.5342,0.53425,9.999999999998899e-05
1730175086.463681,0.5343,0.5342,0.53425,9.999999999998899e-05
1730175087.4668071,0.5343,0.5342,0.53425,9.999999999998899e-05
1730175088.470048,0.5343,0.5342,0.53425,9.999999999998899e-05
1730175089.4731038,0.5343,0.5342,0.53425,9.999999999998899e-05
1730175090.476137,0.5343,0.5342,0.53425,9.999999999998899e-05
1730175091.479425,0.5343,0.5342,0.53425,9.999999999998899e-05
1730175092.4827409,0.5343,0.5342,0.53425,9.999999999998899e-05
1730175093.485279,0.5343,0.5342,0.53425,9.999999999998899e-05
1730175094.4886231,0.5343,0.5342,0.53425,9.999999999998899e-05
1730175095.4919791,0.5343,0.5342,0.53425,9.999999999998899e-05
1730175096.494608,0.5343,0.5342,0.53425,9.999999999998899e-05
1730175097.497795,0.5343,0.5342,0.53425,9.999999999998899e-05
1730175098.500937,0.5343,0.5342,0.53425,9.999999999998899e-05
1730175099.504103,0.5343,0.5342,0.53425,9.999999999998899e-05
1730175100.506708,0.5343,0.5342,0.53425,9.999999999998899e-05
1730175101.510769,0.5343,0.5342,0.53425,9.999999999998899e-05
1730175102.5137331,0.5343,0.5342,0.53425,9.999999999998899e-05
1730175103.5170639,0.5343,0.5342,0.53425,9.999999999998899e-05
1730175104.520409,0.5343,0.5342,0.53425,9.999999999998899e-05
1730175105.523592,0.5343,0.5342,0.53425,9.999999999998899e-05
1730175106.5267699,0.5343,0.5342,0.53425,9.999999999998899e-05
1730175107.5298939,0.5343,0.5342,0.53425,9.999999999998899e-05
1730175108.5328681,0.5343,0.5342,0.53425,9.999999999998899e-05
1730175109.5361102,0.5343,0.5342,0.53425,9.999999999998899e-05
1730175110.538729,0.5343,0.5342,0.53425,9.999999999998899e-05
1730175111.5420642,0.5343,0.5342,0.53425,9.999999999998899e-05
1730175112.545268,0.5343,0.5342,0.53425,9.999999999998899e-05
1730175113.548608,0.5343,0.5342,0.53425,9.999999999998899e-05
1730175114.552044,0.5343,0.5342,0.53425,9.999999999998899e-05
1730175115.555423,0.5343,0.5342,0.53425,9.999999999998899e-05
1730175116.558711,0.5343,0.5342,0.53425,9.999999999998899e-05
1730175117.5618298,0.5343,0.5342,0.53425,9.999999999998899e-05
1730175118.5650702,0.5343,0.5342,0.53425,9.999999999998899e-05
1730175119.568392,0.5343,0.5342,0.53425,9.999999999998899e-05
1730175120.571388,0.5344,0.5342,0.5343,0.00019999999999997797
1730175121.574709,0.5344,0.5342,0.5343,0.00019999999999997797
1730175122.5779479,0.5344,0.5342,0.5343,0.00019999999999997797
1730175123.581432,0.5343,0.5342,0.53425,9.999999999998899e-05
1730175124.5848472,0.5343,0.5342,0.53425,9.999999999998899e-05
1730175125.588108,0.5345,0.5344,0.53445,9.999999999998899e-05
1730175126.591139,0.5345,0.5344,0.53445,9.999999999998899e-05
1730175127.594338,0.5345,0.5344,0.53445,9.999999999998899e-05
1730175128.597517,0.5345,0.5344,0.53445,9.999999999998899e-05
1730175129.600399,0.5345,0.5344,0.53445,9.999999999998899e-05
1730175130.6036348,0.5346,0.5344,0.5345,0.00019999999999997797
1730175131.606785,0.5346,0.5344,0.5345,0.00019999999999997797
1730175132.6098912,0.5346,0.5344,0.5345,0.00019999999999997797
1730175133.613143,0.5346,0.5344,0.5345,0.00019999999999997797
1730175134.61632,0.5346,0.5344,0.5345,0.00019999999999997797
1730175135.619345,0.5346,0.5344,0.5345,0.00019999999999997797
1730175136.622507,0.5346,0.5345,0.53455,9.999999999998899e-05
1730175137.625704,0.5346,0.5345,0.53455,9.999999999998899e-05
1730175138.6288881,0.5346,0.5345,0.53455,9.999999999998899e-05
1730175139.6315699,0.5346,0.5345,0.53455,9.999999999998899e-05
1730175140.6344278,0.5346,0.5345,0.53455,9.999999999998899e-05
1730175141.638601,0.5347,0.5346,0.53465,9.999999999998899e-05
1730175142.641993,0.5347,0.5346,0.53465,9.999999999998899e-05
1730175143.6451771,0.5347,0.5346,0.53465,9.999999999998899e-05
1730175144.648438,0.5347,0.5346,0.53465,9.999999999998899e-05
1730175145.651855,0.5347,0.5346,0.53465,9.999999999998899e-05
1730175146.655096,0.5347,0.5346,0.53465,9.999999999998899e-05
1730175147.6583161,0.5347,0.5346,0.53465,9.999999999998899e-05
1730175148.661536,0.5347,0.5346,0.53465,9.999999999998899e-05
1730175149.664772,0.5347,0.5346,0.53465,9.999999999998899e-05
1730175150.667819,0.5347,0.5346,0.53465,9.999999999998899e-05
1730175151.670943,0.5345,0.5344,0.53445,9.999999999998899e-05
1730175152.6740448,0.5345,0.5344,0.53445,9.999999999998899e-05
1730175153.676812,0.5345,0.5344,0.53445,9.999999999998899e-05
1730175154.679967,0.5345,0.5344,0.53445,9.999999999998899e-05
1730175155.683327,0.5345,0.5344,0.53445,9.999999999998899e-05
1730175156.686532,0.5344,0.5343,0.53435,9.999999999998899e-05
1730175157.6897202,0.5344,0.5343,0.53435,9.999999999998899e-05
1730175158.6928792,0.5344,0.5343,0.53435,9.999999999998899e-05
1730175159.695796,0.5345,0.5343,0.5344,0.00019999999999997797
1730175160.698965,0.5345,0.5343,0.5344,0.00019999999999997797
1730175161.702189,0.5345,0.5343,0.5344,0.00019999999999997797
1730175162.705358,0.5344,0.5343,0.53435,9.999999999998899e-05
1730175163.7086878,0.5344,0.5343,0.53435,9.999999999998899e-05
1730175164.7121139,0.5345,0.5343,0.5344,0.00019999999999997797
1730175165.715641,0.5345,0.5343,0.5344,0.00019999999999997797
1730175166.719011,0.5345,0.5343,0.5344,0.00019999999999997797
1730175167.722392,0.5345,0.5343,0.5344,0.00019999999999997797
1730175168.725919,0.5345,0.5343,0.5344,0.00019999999999997797
1730175169.7292411,0.5345,0.5343,0.5344,0.00019999999999997797
1730175170.733036,0.5345,0.5343,0.5344,0.00019999999999997797
1730175171.736314,0.5345,0.5343,0.5344,0.00019999999999997797
1730175172.739539,0.5345,0.5343,0.5344,0.00019999999999997797
1730175173.742965,0.5345,0.5343,0.5344,0.00019999999999997797
1730175174.74629,0.5345,0.5343,0.5344,0.00019999999999997797
1730175175.74942,0.5345,0.5343,0.5344,0.00019999999999997797
1730175176.752845,0.5345,0.5343,0.5344,0.00019999999999997797
1730175177.756066,0.5345,0.5343,0.5344,0.00019999999999997797
1730175178.759176,0.5345,0.5343,0.5344,0.00019999999999997797
1730175179.7623072,0.5345,0.5343,0.5344,0.00019999999999997797
1730175180.765075,0.5345,0.5343,0.5344,0.00019999999999997797
1730175181.768214,0.5345,0.5343,0.5344,0.00019999999999997797
1730175182.7712052,0.5345,0.5343,0.5344,0.00019999999999997797
1730175183.773393,0.5345,0.5343,0.5344,0.00019999999999997797
1730175184.776751,0.5345,0.5343,0.5344,0.00019999999999997797
1730175185.7799869,0.5345,0.5343,0.5344,0.00019999999999997797
1730175186.78332,0.5345,0.5343,0.5344,0.00019999999999997797
1730175187.786471,0.5347,0.5345,0.5346,0.00019999999999997797
1730175188.78987,0.5347,0.5345,0.5346,0.00019999999999997797
1730175189.793021,0.5347,0.5345,0.5346,0.00019999999999997797
1730175190.7964668,0.5347,0.5345,0.5346,0.00019999999999997797
1730175191.8006542,0.5347,0.5345,0.5346,0.00019999999999997797
1730175192.804852,0.5347,0.5345,0.5346,0.00019999999999997797
1730175193.8089569,0.5347,0.5345,0.5346,0.00019999999999997797
1730175194.813152,0.5347,0.5345,0.5346,0.00019999999999997797
1730175195.817365,0.5347,0.5345,0.5346,0.00019999999999997797
1730175196.821739,0.5347,0.5345,0.5346,0.00019999999999997797
1730175197.824922,0.5346,0.5345,0.53455,9.999999999998899e-05
1730175198.828368,0.5346,0.5345,0.53455,9.999999999998899e-05
1730175199.8317199,0.5346,0.5345,0.53455,9.999999999998899e-05
1730175200.834986,0.5346,0.5345,0.53455,9.999999999998899e-05
1730175201.83821,0.5346,0.5345,0.53455,9.999999999998899e-05
1730175202.8412218,0.5346,0.5344,0.5345,0.00019999999999997797
1730175203.8446112,0.5346,0.5344,0.5345,0.00019999999999997797
1730175204.847857,0.5346,0.5344,0.5345,0.00019999999999997797
1730175205.851079,0.5346,0.5344,0.5345,0.00019999999999997797
1730175206.8541892,0.5346,0.5344,0.5345,0.00019999999999997797
1730175207.857537,0.5346,0.5344,0.5345,0.00019999999999997797
1730175208.860779,0.5346,0.5344,0.5345,0.00019999999999997797
1730175209.8639,0.5346,0.5345,0.53455,9.999999999998899e-05
1730175210.86703,0.5346,0.5345,0.53455,9.999999999998899e-05
1730175211.870239,0.5346,0.5345,0.53455,9.999999999998899e-05
1730175212.873569,0.5346,0.5345,0.53455,9.999999999998899e-05
1730175213.876906,0.5346,0.5345,0.53455,9.999999999998899e-05
1730175214.880192,0.5346,0.5345,0.53455,9.999999999998899e-05
1730175215.8834949,0.5347,0.5345,0.5346,0.00019999999999997797
1730175216.886742,0.5347,0.5345,0.5346,0.00019999999999997797
1730175217.890105,0.5346,0.5345,0.53455,9.999999999998899e-05
1730175218.893331,0.5346,0.5345,0.53455,9.999999999998899e-05
1730175219.896678,0.5347,0.5345,0.5346,0.00019999999999997797
1730175220.899622,0.5347,0.5345,0.5346,0.00019999999999997797
1730175221.9027562,0.5347,0.5345,0.5346,0.00019999999999997797
1730175222.9059808,0.5346,0.5345,0.53455,9.999999999998899e-05
1730175223.9093702,0.5346,0.5345,0.53455,9.999999999998899e-05
1730175224.912705,0.5346,0.5345,0.53455,9.999999999998899e-05
1730175225.916082,0.5346,0.5345,0.53455,9.999999999998899e-05
1730175226.919223,0.5346,0.5345,0.53455,9.999999999998899e-05
1730175227.9223151,0.5347,0.5345,0.5346,0.00019999999999997797
1730175228.924384,0.5347,0.5345,0.5346,0.00019999999999997797
1730175229.9276538,0.5346,0.5345,0.53455,9.999999999998899e-05
1730175230.930371,0.5346,0.5345,0.53455,9.999999999998899e-05
1730175231.933743,0.5346,0.5345,0.53455,9.999999999998899e-05
1730175232.93705,0.5346,0.5344,0.5345,0.00019999999999997797
1730175233.940243,0.5346,0.5344,0.5345,0.00019999999999997797
1730175234.943578,0.5345,0.5344,0.53445,9.999999999998899e-05
1730175235.947084,0.5345,0.5344,0.53445,9.999999999998899e-05
1730175236.9505439,0.5345,0.5344,0.53445,9.999999999998899e-05
1730175237.953675,0.5345,0.5344,0.53445,9.999999999998899e-05
1730175238.9565172,0.5345,0.5344,0.53445,9.999999999998899e-05
1730175239.959724,0.5346,0.5344,0.5345,0.00019999999999997797
1730175240.962877,0.5346,0.5344,0.5345,0.00019999999999997797
1730175241.966352,0.5346,0.5344,0.5345,0.00019999999999997797
1730175242.969728,0.5346,0.5344,0.5345,0.00019999999999997797
1730175243.973013,0.5346,0.5344,0.5345,0.00019999999999997797
1730175244.976313,0.5346,0.5345,0.53455,9.999999999998899e-05
1730175245.979598,0.5346,0.5345,0.53455,9.999999999998899e-05
1730175246.983049,0.5347,0.5345,0.5346,0.00019999999999997797
1730175247.9864378,0.5347,0.5345,0.5346,0.00019999999999997797
1730175248.9888902,0.5347,0.5345,0.5346,0.00019999999999997797
1730175249.9921548,0.5346,0.5345,0.53455,9.999999999998899e-05
1730175250.995393,0.5346,0.5345,0.53455,9.999999999998899e-05
1730175251.9988291,0.5346,0.5345,0.53455,9.999999999998899e-05
1730175253.002012,0.5346,0.5345,0.53455,9.999999999998899e-05
1730175254.004527,0.5346,0.5345,0.53455,9.999999999998899e-05
1730175255.007843,0.5346,0.5345,0.53455,9.999999999998899e-05
1730175256.011256,0.5346,0.5345,0.53455,9.999999999998899e-05
1730175257.0146492,0.5346,0.5345,0.53455,9.999999999998899e-05
1730175258.018016,0.5346,0.5345,0.53455,9.999999999998899e-05
1730175259.0213661,0.5346,0.5345,0.53455,9.999999999998899e-05
1730175260.0244942,0.5346,0.5344,0.5345,0.00019999999999997797
1730175261.026956,0.5346,0.5344,0.5345,0.00019999999999997797
1730175262.0301282,0.5346,0.5344,0.5345,0.00019999999999997797
1730175263.033304,0.5346,0.5344,0.5345,0.00019999999999997797
1730175264.036565,0.5346,0.5344,0.5345,0.00019999999999997797
1730175265.039489,0.5345,0.5343,0.5344,0.00019999999999997797
1730175266.042721,0.5345,0.5343,0.5344,0.00019999999999997797
1730175267.045592,0.5345,0.5343,0.5344,0.00019999999999997797
1730175268.048962,0.5345,0.5343,0.5344,0.00019999999999997797
1730175269.051821,0.5345,0.5343,0.5344,0.00019999999999997797
1730175270.054092,0.5345,0.5343,0.5344,0.00019999999999997797
1730175271.0566342,0.5345,0.5343,0.5344,0.00019999999999997797
1730175272.058995,0.5345,0.5343,0.5344,0.00019999999999997797
1730175273.0615191,0.5345,0.5343,0.5344,0.00019999999999997797
1730175274.0650492,0.5345,0.5343,0.5344,0.00019999999999997797
1730175275.0681338,0.5345,0.5343,0.5344,0.00019999999999997797
1730175276.0715258,0.5345,0.5343,0.5344,0.00019999999999997797
1730175277.07477,0.5345,0.5343,0.5344,0.00019999999999997797
1730175278.0782661,0.5345,0.5343,0.5344,0.00019999999999997797
1730175279.08172,0.5344,0.5343,0.53435,9.999999999998899e-05
1730175280.084085,0.5344,0.5343,0.53435,9.999999999998899e-05
1730175281.086693,0.5344,0.5343,0.53435,9.999999999998899e-05
1730175282.089194,0.5344,0.5343,0.53435,9.999999999998899e-05
1730175283.091926,0.5344,0.5343,0.53435,9.999999999998899e-05
1730175284.094363,0.5344,0.5343,0.53435,9.999999999998899e-05
1730175285.096722,0.5344,0.5343,0.53435,9.999999999998899e-05
1730175286.099384,0.5344,0.5343,0.53435,9.999999999998899e-05
1730175287.102046,0.5345,0.5343,0.5344,0.00019999999999997797
1730175288.104823,0.5345,0.5343,0.5344,0.00019999999999997797
1730175289.108337,0.5345,0.5343,0.5344,0.00019999999999997797
1730175290.111506,0.5345,0.5343,0.5344,0.00019999999999997797
1730175291.1143749,0.5345,0.5343,0.5344,0.00019999999999997797
1730175292.117248,0.5345,0.5343,0.5344,0.00019999999999997797
1730175293.11921,0.5345,0.5343,0.5344,0.00019999999999997797
1730175294.122463,0.5345,0.5343,0.5344,0.00019999999999997797
1730175295.1254961,0.5345,0.5343,0.5344,0.00019999999999997797
1730175296.1284108,0.5345,0.5343,0.5344,0.00019999999999997797
1730175297.13183,0.5345,0.5343,0.5344,0.00019999999999997797
1730175298.135259,0.5345,0.5343,0.5344,0.00019999999999997797
1730175299.1386518,0.5345,0.5343,0.5344,0.00019999999999997797
1730175300.141022,0.5345,0.5343,0.5344,0.00019999999999997797
1730175301.1429088,0.5345,0.5343,0.5344,0.00019999999999997797
1730175302.1456482,0.5345,0.5343,0.5344,0.00019999999999997797
1730175303.148872,0.5345,0.5343,0.5344,0.00019999999999997797
1730175304.152406,0.5345,0.5343,0.5344,0.00019999999999997797
1730175305.155793,0.5345,0.5343,0.5344,0.00019999999999997797
1730175306.15921,0.5345,0.5344,0.53445,9.999999999998899e-05
1730175307.162733,0.5345,0.5344,0.53445,9.999999999998899e-05
1730175308.1662688,0.5345,0.5344,0.53445,9.999999999998899e-05
1730175309.1700711,0.5345,0.5344,0.53445,9.999999999998899e-05
1730175310.173514,0.5345,0.5344,0.53445,9.999999999998899e-05
1730175311.1758552,0.5345,0.5344,0.53445,9.999999999998899e-05
1730175312.179104,0.5345,0.5344,0.53445,9.999999999998899e-05
1730175313.182131,0.5345,0.5344,0.53445,9.999999999998899e-05
1730175314.185107,0.5345,0.5344,0.53445,9.999999999998899e-05
1730175315.1883361,0.5345,0.5344,0.53445,9.999999999998899e-05
1730175316.191454,0.5345,0.5344,0.53445,9.999999999998899e-05
1730175317.194824,0.5345,0.5344,0.53445,9.999999999998899e-05
1730175318.1980748,0.5345,0.5344,0.53445,9.999999999998899e-05
1730175319.201445,0.5345,0.5344,0.53445,9.999999999998899e-05
1730175320.204193,0.5345,0.5343,0.5344,0.00019999999999997797
1730175321.205834,0.5345,0.5343,0.5344,0.00019999999999997797
1730175322.208904,0.5345,0.5343,0.5344,0.00019999999999997797
1730175323.212049,0.5345,0.5343,0.5344,0.00019999999999997797
1730175324.214921,0.5345,0.5343,0.5344,0.00019999999999997797
1730175325.218143,0.5344,0.5343,0.53435,9.999999999998899e-05
1730175326.221514,0.5344,0.5343,0.53435,9.999999999998899e-05
1730175327.224702,0.5345,0.5343,0.5344,0.00019999999999997797
1730175328.2281358,0.5345,0.5343,0.5344,0.00019999999999997797
1730175329.231029,0.5345,0.5343,0.5344,0.00019999999999997797
1730175330.235121,0.5344,0.5343,0.53435,9.999999999998899e-05
1730175331.2380211,0.5344,0.5343,0.53435,9.999999999998899e-05
1730175332.24096,0.5344,0.5343,0.53435,9.999999999998899e-05
1730175333.244174,0.5344,0.5343,0.53435,9.999999999998899e-05
1730175334.246919,0.5344,0.5343,0.53435,9.999999999998899e-05
1730175335.250079,0.5345,0.5343,0.5344,0.00019999999999997797
1730175336.253375,0.5345,0.5343,0.5344,0.00019999999999997797
1730175337.2567282,0.5345,0.5343,0.5344,0.00019999999999997797
1730175338.260031,0.5345,0.5343,0.5344,0.00019999999999997797
1730175339.263327,0.5345,0.5343,0.5344,0.00019999999999997797
1730175340.2665758,0.5344,0.5343,0.53435,9.999999999998899e-05
1730175341.26994,0.5344,0.5343,0.53435,9.999999999998899e-05
1730175342.273354,0.5344,0.5343,0.53435,9.999999999998899e-05
1730175343.276665,0.5344,0.5343,0.53435,9.999999999998899e-05
1730175344.280159,0.5345,0.5343,0.5344,0.00019999999999997797
1730175345.283347,0.5345,0.5343,0.5344,0.00019999999999997797
1730175346.286423,0.5345,0.5343,0.5344,0.00019999999999997797
1730175347.2894878,0.5345,0.5343,0.5344,0.00019999999999997797
1730175348.292663,0.5345,0.5343,0.5344,0.00019999999999997797
1730175349.295778,0.5345,0.5343,0.5344,0.00019999999999997797
1730175350.2986429,0.5345,0.5343,0.5344,0.00019999999999997797
1730175351.3015108,0.5345,0.5343,0.5344,0.00019999999999997797
1730175352.304568,0.5345,0.5343,0.5344,0.00019999999999997797
1730175353.30753,0.5345,0.5343,0.5344,0.00019999999999997797
1730175354.30998,0.5345,0.5343,0.5344,0.00019999999999997797
1730175355.313269,0.5345,0.5343,0.5344,0.00019999999999997797
1730175356.316452,0.5345,0.5343,0.5344,0.00019999999999997797
1730175357.319245,0.5345,0.5343,0.5344,0.00019999999999997797
1730175358.3225129,0.5345,0.5343,0.5344,0.00019999999999997797
1730175359.3258848,0.5345,0.5343,0.5344,0.00019999999999997797
1730175360.329015,0.5344,0.5343,0.53435,9.999999999998899e-05
1730175361.332042,0.5344,0.5343,0.53435,9.999999999998899e-05
1730175362.3351412,0.5344,0.5343,0.53435,9.999999999998899e-05
1730175363.338208,0.5344,0.5343,0.53435,9.999999999998899e-05
1730175364.341598,0.5344,0.5343,0.53435,9.999999999998899e-05
1730175365.3448021,0.5344,0.5343,0.53435,9.999999999998899e-05
1730175366.3478138,0.5344,0.5343,0.53435,9.999999999998899e-05
1730175367.350292,0.5344,0.5343,0.53435,9.999999999998899e-05
1730175368.352764,0.5344,0.5343,0.53435,9.999999999998899e-05
1730175369.3559601,0.5345,0.5343,0.5344,0.00019999999999997797
1730175370.3587909,0.5345,0.5343,0.5344,0.00019999999999997797
1730175371.3611069,0.5345,0.5343,0.5344,0.00019999999999997797
1730175372.364196,0.5344,0.5343,0.53435,9.999999999998899e-05
1730175373.366956,0.5344,0.5343,0.53435,9.999999999998899e-05
1730175374.370332,0.5344,0.5343,0.53435,9.999999999998899e-05
1730175375.373564,0.5344,0.5343,0.53435,9.999999999998899e-05
1730175376.376959,0.5344,0.5343,0.53435,9.999999999998899e-05
1730175377.380269,0.5344,0.5343,0.53435,9.999999999998899e-05
1730175378.38348,0.5344,0.5343,0.53435,9.999999999998899e-05
1730175379.3867571,0.5342,0.5341,0.53415,9.999999999998899e-05
1730175380.389599,0.5342,0.5341,0.53415,9.999999999998899e-05
1730175381.392822,0.5342,0.5341,0.53415,9.999999999998899e-05
1730175382.396162,0.5342,0.5341,0.53415,9.999999999998899e-05
1730175383.399477,0.5342,0.5341,0.53415,9.999999999998899e-05
1730175384.402547,0.5342,0.5341,0.53415,9.999999999998899e-05
1730175385.4058921,0.5342,0.5341,0.53415,9.999999999998899e-05
1730175386.408749,0.5342,0.5341,0.53415,9.999999999998899e-05
1730175387.4119182,0.5342,0.5341,0.53415,9.999999999998899e-05
1730175388.414999,0.5342,0.5341,0.53415,9.999999999998899e-05
1730175389.418545,0.5341,0.534,0.53405,9.999999999998899e-05
1730175390.421757,0.5341,0.534,0.53405,9.999999999998899e-05
1730175391.4248981,0.5341,0.534,0.53405,9.999999999998899e-05
1730175392.428121,0.5341,0.534,0.53405,9.999999999998899e-05
1730175393.430458,0.5341,0.534,0.53405,9.999999999998899e-05
1730175394.433706,0.5341,0.534,0.53405,9.999999999998899e-05
1730175395.436875,0.5341,0.534,0.53405,9.999999999998899e-05
1730175396.4401731,0.5341,0.5339,0.534,0.00019999999999997797
1730175397.4436622,0.5341,0.5339,0.534,0.00019999999999997797
1730175398.446986,0.5341,0.5339,0.534,0.00019999999999997797
1730175399.450439,0.534,0.5339,0.53395,9.999999999998899e-05
1730175400.4537642,0.534,0.5339,0.53395,9.999999999998899e-05
1730175401.456624,0.534,0.5339,0.53395,9.999999999998899e-05
1730175402.458913,0.534,0.5339,0.53395,9.999999999998899e-05
1730175403.462236,0.534,0.5339,0.53395,9.999999999998899e-05
1730175404.465627,0.534,0.5339,0.53395,9.999999999998899e-05
1730175405.4690628,0.534,0.5339,0.53395,9.999999999998899e-05
1730175406.472445,0.534,0.5339,0.53395,9.999999999998899e-05
1730175407.475769,0.534,0.5339,0.53395,9.999999999998899e-05
1730175408.478893,0.534,0.5339,0.53395,9.999999999998899e-05
1730175409.481514,0.534,0.5339,0.53395,9.999999999998899e-05
1730175410.484742,0.5342,0.534,0.5341,0.00019999999999997797
1730175411.487099,0.5342,0.534,0.5341,0.00019999999999997797
1730175412.4897852,0.5342,0.534,0.5341,0.00019999999999997797
1730175413.4931579,0.5342,0.534,0.5341,0.00019999999999997797
1730175414.4965959,0.5342,0.534,0.5341,0.00019999999999997797
1730175415.500083,0.5341,0.534,0.53405,9.999999999998899e-05
1730175416.503339,0.5341,0.534,0.53405,9.999999999998899e-05
1730175417.5064478,0.5341,0.5339,0.534,0.00019999999999997797
1730175418.509821,0.5341,0.5339,0.534,0.00019999999999997797
1730175419.513163,0.5341,0.5339,0.534,0.00019999999999997797
1730175420.516345,0.5341,0.5339,0.534,0.00019999999999997797
1730175421.519568,0.5341,0.5339,0.534,0.00019999999999997797
1730175422.523255,0.5341,0.5339,0.534,0.00019999999999997797
1730175423.526342,0.5341,0.5339,0.534,0.00019999999999997797
1730175424.529793,0.5341,0.5339,0.534,0.00019999999999997797
1730175425.533184,0.5341,0.5339,0.534,0.00019999999999997797
1730175426.536631,0.5341,0.5339,0.534,0.00019999999999997797
1730175427.539986,0.5341,0.5339,0.534,0.00019999999999997797
1730175428.5431309,0.5341,0.5339,0.534,0.00019999999999997797
1730175429.5462132,0.5341,0.5339,0.534,0.00019999999999997797
1730175430.549483,0.5341,0.5339,0.534,0.00019999999999997797
1730175431.552116,0.5341,0.5339,0.534,0.00019999999999997797
1730175432.5560472,0.5341,0.5339,0.534,0.00019999999999997797
1730175433.559244,0.5341,0.5339,0.534,0.00019999999999997797
1730175434.5624661,0.5341,0.5339,0.534,0.00019999999999997797
1730175435.5660942,0.5341,0.5339,0.534,0.00019999999999997797
1730175436.5693161,0.5341,0.5339,0.534,0.00019999999999997797
1730175437.5726469,0.5341,0.5339,0.534,0.00019999999999997797
1730175438.5759392,0.5341,0.5339,0.534,0.00019999999999997797
1730175439.579366,0.5341,0.5339,0.534,0.00019999999999997797
1730175440.582586,0.5342,0.534,0.5341,0.00019999999999997797
1730175441.585911,0.5342,0.534,0.5341,0.00019999999999997797
1730175442.589269,0.5342,0.534,0.5341,0.00019999999999997797
1730175443.592601,0.5342,0.534,0.5341,0.00019999999999997797
1730175444.595843,0.5342,0.534,0.5341,0.00019999999999997797
1730175445.599057,0.5342,0.534,0.5341,0.00019999999999997797
1730175446.602328,0.5342,0.534,0.5341,0.00019999999999997797
1730175447.60573,0.5342,0.534,0.5341,0.00019999999999997797
1730175448.6091409,0.5341,0.5339,0.534,0.00019999999999997797
1730175449.612436,0.5341,0.5339,0.534,0.00019999999999997797
1730175450.6156318,0.5341,0.5339,0.534,0.00019999999999997797
1730175451.618753,0.5341,0.5339,0.534,0.00019999999999997797
1730175452.6220438,0.5341,0.5339,0.534,0.00019999999999997797
1730175453.6254568,0.5342,0.534,0.5341,0.00019999999999997797
1730175454.628727,0.5342,0.534,0.5341,0.00019999999999997797
1730175455.631935,0.534,0.5339,0.53395,9.999999999998899e-05
1730175456.635247,0.534,0.5339,0.53395,9.999999999998899e-05
1730175457.638564,0.534,0.5339,0.53395,9.999999999998899e-05
1730175458.641713,0.534,0.5339,0.53395,9.999999999998899e-05
1730175459.64506,0.534,0.5339,0.53395,9.999999999998899e-05
1730175460.6483982,0.534,0.5338,0.5339,0.00019999999999997797
1730175461.6513689,0.534,0.5338,0.5339,0.00019999999999997797
1730175462.654597,0.534,0.5338,0.5339,0.00019999999999997797
1730175463.657965,0.534,0.5338,0.5339,0.00019999999999997797
1730175464.661149,0.534,0.5338,0.5339,0.00019999999999997797
1730175465.664415,0.534,0.5338,0.5339,0.00019999999999997797
1730175466.667878,0.534,0.5338,0.5339,0.00019999999999997797
1730175467.671386,0.534,0.5338,0.5339,0.00019999999999997797
1730175468.674643,0.5341,0.5339,0.534,0.00019999999999997797
1730175469.67766,0.5341,0.5339,0.534,0.00019999999999997797
1730175470.680903,0.5341,0.5339,0.534,0.00019999999999997797
1730175471.684026,0.5341,0.5339,0.534,0.00019999999999997797
1730175472.6872802,0.5341,0.5339,0.534,0.00019999999999997797
1730175473.690517,0.5341,0.5339,0.534,0.00019999999999997797
1730175474.693565,0.5341,0.5339,0.534,0.00019999999999997797
1730175475.696588,0.5341,0.5339,0.534,0.00019999999999997797
1730175476.699877,0.5341,0.5339,0.534,0.00019999999999997797
1730175477.703268,0.5341,0.5339,0.534,0.00019999999999997797
1730175478.7065458,0.5341,0.5339,0.534,0.00019999999999997797
1730175479.709858,0.5341,0.5339,0.534,0.00019999999999997797
1730175480.71283,0.5341,0.5338,0.53395,0.00029999999999996696
1730175481.716219,0.5341,0.5338,0.53395,0.00029999999999996696
1730175482.719578,0.5341,0.5338,0.53395,0.00029999999999996696
1730175483.722912,0.534,0.5338,0.5339,0.00019999999999997797
1730175484.7263758,0.534,0.5338,0.5339,0.00019999999999997797
1730175485.729936,0.534,0.5338,0.5339,0.00019999999999997797
1730175486.7332559,0.534,0.5338,0.5339,0.00019999999999997797
1730175487.736585,0.534,0.5338,0.5339,0.00019999999999997797
1730175488.7398841,0.534,0.5338,0.5339,0.00019999999999997797
1730175489.743204,0.534,0.5338,0.5339,0.00019999999999997797
1730175490.746387,0.534,0.5338,0.5339,0.00019999999999997797
1730175491.749156,0.534,0.5338,0.5339,0.00019999999999997797
1730175492.752429,0.534,0.5338,0.5339,0.00019999999999997797
1730175493.755548,0.534,0.5338,0.5339,0.00019999999999997797
1730175494.7589152,0.534,0.5338,0.5339,0.00019999999999997797
1730175495.762298,0.534,0.5338,0.5339,0.00019999999999997797
1730175496.7656791,0.534,0.5338,0.5339,0.00019999999999997797
1730175497.769247,0.534,0.5338,0.5339,0.00019999999999997797
1730175498.772609,0.534,0.5338,0.5339,0.00019999999999997797
1730175499.775869,0.534,0.5338,0.5339,0.00019999999999997797
1730175500.7791748,0.5341,0.5339,0.534,0.00019999999999997797
1730175501.782089,0.5341,0.5339,0.534,0.00019999999999997797
1730175502.785026,0.5341,0.5339,0.534,0.00019999999999997797
1730175503.7870688,0.5341,0.5339,0.534,0.00019999999999997797
1730175504.790103,0.5341,0.5339,0.534,0.00019999999999997797
1730175505.7935228,0.5341,0.5339,0.534,0.00019999999999997797
1730175506.7967901,0.5341,0.5339,0.534,0.00019999999999997797
1730175507.7999759,0.5341,0.5339,0.534,0.00019999999999997797
1730175508.8032389,0.5341,0.5339,0.534,0.00019999999999997797
1730175509.806517,0.5341,0.5339,0.534,0.00019999999999997797
1730175510.809618,0.5341,0.5339,0.534,0.00019999999999997797
1730175511.812615,0.5341,0.5339,0.534,0.00019999999999997797
1730175512.814796,0.5341,0.5339,0.534,0.00019999999999997797
1730175513.817579,0.5341,0.5339,0.534,0.00019999999999997797
1730175514.820891,0.5341,0.5339,0.534,0.00019999999999997797
1730175515.824276,0.5341,0.5339,0.534,0.00019999999999997797
1730175516.827507,0.5341,0.5339,0.534,0.00019999999999997797
1730175517.830962,0.5341,0.5339,0.534,0.00019999999999997797
1730175518.834293,0.5341,0.5339,0.534,0.00019999999999997797
1730175519.837336,0.5341,0.5339,0.534,0.00019999999999997797
1730175520.840672,0.5341,0.5339,0.534,0.00019999999999997797
1730175521.8436391,0.5341,0.5339,0.534,0.00019999999999997797
1730175522.845289,0.5341,0.5339,0.534,0.00019999999999997797
1730175523.848352,0.5341,0.5339,0.534,0.00019999999999997797
1730175524.851617,0.5341,0.5339,0.534,0.00019999999999997797
1730175525.8548539,0.5341,0.5339,0.534,0.00019999999999997797
1730175526.858127,0.5341,0.5339,0.534,0.00019999999999997797
1730175527.861454,0.5341,0.5339,0.534,0.00019999999999997797
1730175528.864749,0.5341,0.5339,0.534,0.00019999999999997797
1730175529.8680341,0.5341,0.5339,0.534,0.00019999999999997797
1730175530.871208,0.534,0.5338,0.5339,0.00019999999999997797
1730175531.8755882,0.534,0.5338,0.5339,0.00019999999999997797
1730175532.877163,0.534,0.5338,0.5339,0.00019999999999997797
1730175533.88038,0.5339,0.5338,0.53385,9.999999999998899e-05
1730175534.883405,0.5339,0.5338,0.53385,9.999999999998899e-05
1730175535.886785,0.534,0.5338,0.5339,0.00019999999999997797
1730175536.8899572,0.534,0.5338,0.5339,0.00019999999999997797
1730175537.8929229,0.534,0.5338,0.5339,0.00019999999999997797
1730175538.896547,0.534,0.5338,0.5339,0.00019999999999997797
1730175539.9000661,0.534,0.5338,0.5339,0.00019999999999997797
1730175540.903497,0.534,0.5338,0.5339,0.00019999999999997797
1730175541.9081118,0.534,0.5338,0.5339,0.00019999999999997797
1730175542.911413,0.534,0.5338,0.5339,0.00019999999999997797
1730175543.9146051,0.5341,0.5339,0.534,0.00019999999999997797
1730175544.9178638,0.5341,0.5339,0.534,0.00019999999999997797
1730175545.921043,0.5341,0.5339,0.534,0.00019999999999997797
1730175546.924439,0.5341,0.5339,0.534,0.00019999999999997797
1730175547.92767,0.5341,0.5339,0.534,0.00019999999999997797
1730175548.931054,0.5341,0.5339,0.534,0.00019999999999997797
1730175549.934488,0.5341,0.5339,0.534,0.00019999999999997797
1730175550.937852,0.5341,0.5339,0.534,0.00019999999999997797
1730175551.9410079,0.5341,0.5339,0.534,0.00019999999999997797
1730175552.943476,0.5341,0.5339,0.534,0.00019999999999997797
1730175553.945913,0.534,0.5339,0.53395,9.999999999998899e-05
1730175554.9491048,0.534,0.5339,0.53395,9.999999999998899e-05
1730175555.951929,0.534,0.5338,0.5339,0.00019999999999997797
1730175556.9550238,0.534,0.5338,0.5339,0.00019999999999997797
1730175557.958262,0.534,0.5338,0.5339,0.00019999999999997797
1730175558.961664,0.5341,0.5339,0.534,0.00019999999999997797
1730175559.965046,0.5341,0.5339,0.534,0.00019999999999997797
1730175560.968006,0.5341,0.5339,0.534,0.00019999999999997797
1730175561.971201,0.5341,0.5339,0.534,0.00019999999999997797
1730175562.974526,0.5341,0.5339,0.534,0.00019999999999997797
1730175563.978026,0.5341,0.5339,0.534,0.00019999999999997797
1730175564.981577,0.5341,0.5339,0.534,0.00019999999999997797
1730175565.985028,0.5341,0.5339,0.534,0.00019999999999997797
1730175566.9881961,0.5341,0.5339,0.534,0.00019999999999997797
1730175567.991626,0.5341,0.5339,0.534,0.00019999999999997797
1730175568.994646,0.5342,0.534,0.5341,0.00019999999999997797
1730175569.997974,0.5342,0.534,0.5341,0.00019999999999997797
1730175571.001305,0.5342,0.534,0.5341,0.00019999999999997797
1730175572.0044951,0.5342,0.534,0.5341,0.00019999999999997797
1730175573.007777,0.5342,0.534,0.5341,0.00019999999999997797
1730175574.011224,0.5341,0.5339,0.534,0.00019999999999997797
1730175575.0144372,0.5341,0.5339,0.534,0.00019999999999997797
1730175576.01772,0.5341,0.5339,0.534,0.00019999999999997797
1730175577.0209641,0.5341,0.5339,0.534,0.00019999999999997797
1730175578.024288,0.5341,0.5339,0.534,0.00019999999999997797
1730175579.0276322,0.5342,0.534,0.5341,0.00019999999999997797
1730175580.0310771,0.5342,0.534,0.5341,0.00019999999999997797
1730175581.0345001,0.5342,0.534,0.5341,0.00019999999999997797
1730175582.037814,0.5342,0.534,0.5341,0.00019999999999997797
1730175583.041019,0.5342,0.534,0.5341,0.00019999999999997797
1730175584.04446,0.5342,0.534,0.5341,0.00019999999999997797
1730175585.047059,0.5342,0.534,0.5341,0.00019999999999997797
1730175586.050563,0.5342,0.534,0.5341,0.00019999999999997797
1730175587.053925,0.5342,0.534,0.5341,0.00019999999999997797
1730175588.0571818,0.5342,0.534,0.5341,0.00019999999999997797
1730175589.06045,0.5342,0.534,0.5341,0.00019999999999997797
1730175590.06362,0.5342,0.534,0.5341,0.00019999999999997797
1730175591.066725,0.5342,0.534,0.5341,0.00019999999999997797
1730175592.069537,0.5342,0.534,0.5341,0.00019999999999997797
1730175593.07263,0.5342,0.534,0.5341,0.00019999999999997797
1730175594.07568,0.5342,0.534,0.5341,0.00019999999999997797
1730175595.0791008,0.5342,0.534,0.5341,0.00019999999999997797
1730175596.082339,0.5343,0.5341,0.5342,0.00019999999999997797
1730175597.085529,0.5343,0.5341,0.5342,0.00019999999999997797
1730175598.0892851,0.5343,0.5341,0.5342,0.00019999999999997797
1730175599.092504,0.5342,0.534,0.5341,0.00019999999999997797
1730175600.09592,0.5342,0.534,0.5341,0.00019999999999997797
1730175601.099346,0.5342,0.534,0.5341,0.00019999999999997797
1730175602.102557,0.5342,0.534,0.5341,0.00019999999999997797
1730175603.105767,0.5342,0.534,0.5341,0.00019999999999997797
1730175604.1089332,0.5342,0.534,0.5341,0.00019999999999997797
1730175605.1122859,0.5342,0.534,0.5341,0.00019999999999997797
1730175606.1156201,0.5342,0.534,0.5341,0.00019999999999997797
1730175607.1188748,0.5342,0.534,0.5341,0.00019999999999997797
1730175608.1219141,0.5342,0.534,0.5341,0.00019999999999997797
1730175609.125053,0.5342,0.534,0.5341,0.00019999999999997797
1730175610.128638,0.5342,0.534,0.5341,0.00019999999999997797
1730175611.132021,0.5342,0.534,0.5341,0.00019999999999997797
1730175612.136987,0.5343,0.5341,0.5342,0.00019999999999997797
1730175613.140658,0.5343,0.5341,0.5342,0.00019999999999997797
1730175614.143931,0.5344,0.5342,0.5343,0.00019999999999997797
1730175615.147192,0.5344,0.5342,0.5343,0.00019999999999997797
1730175616.150555,0.5344,0.5342,0.5343,0.00019999999999997797
1730175617.154026,0.5344,0.5342,0.5343,0.00019999999999997797
1730175618.157362,0.5344,0.5342,0.5343,0.00019999999999997797
1730175619.16049,0.5344,0.5342,0.5343,0.00019999999999997797
1730175620.163709,0.5344,0.5342,0.5343,0.00019999999999997797
1730175621.166678,0.5344,0.5342,0.5343,0.00019999999999997797
1730175622.169881,0.5344,0.5342,0.5343,0.00019999999999997797
1730175623.173002,0.5344,0.5342,0.5343,0.00019999999999997797
1730175624.176291,0.5345,0.5343,0.5344,0.00019999999999997797
1730175625.178826,0.5345,0.5343,0.5344,0.00019999999999997797
1730175626.182157,0.5345,0.5343,0.5344,0.00019999999999997797
1730175627.185355,0.5345,0.5343,0.5344,0.00019999999999997797
1730175628.188544,0.5345,0.5343,0.5344,0.00019999999999997797
1730175629.1914089,0.5345,0.5343,0.5344,0.00019999999999997797
1730175630.194755,0.5345,0.5343,0.5344,0.00019999999999997797
1730175631.1979241,0.5343,0.5342,0.53425,9.999999999998899e-05
1730175632.200507,0.5343,0.5342,0.53425,9.999999999998899e-05
1730175633.2038221,0.5343,0.5342,0.53425,9.999999999998899e-05
1730175634.207154,0.5343,0.5341,0.5342,0.00019999999999997797
1730175635.210452,0.5343,0.5341,0.5342,0.00019999999999997797
1730175636.213804,0.5343,0.5341,0.5342,0.00019999999999997797
1730175637.217163,0.5343,0.5341,0.5342,0.00019999999999997797
1730175638.2205,0.5343,0.5341,0.5342,0.00019999999999997797
1730175639.223609,0.5343,0.5341,0.5342,0.00019999999999997797
1730175640.226721,0.5343,0.5341,0.5342,0.00019999999999997797
1730175641.229642,0.5342,0.534,0.5341,0.00019999999999997797
1730175642.2329102,0.5342,0.534,0.5341,0.00019999999999997797
1730175643.236331,0.5342,0.534,0.5341,0.00019999999999997797
1730175644.2399309,0.5341,0.534,0.53405,9.999999999998899e-05
1730175645.24315,0.5341,0.534,0.53405,9.999999999998899e-05
1730175646.2465248,0.5341,0.5339,0.534,0.00019999999999997797
1730175647.2499158,0.5341,0.5339,0.534,0.00019999999999997797
1730175648.2531462,0.5341,0.5339,0.534,0.00019999999999997797
1730175649.2564301,0.5341,0.5339,0.534,0.00019999999999997797
1730175650.25966,0.5341,0.5339,0.534,0.00019999999999997797
1730175651.262909,0.5341,0.5339,0.534,0.00019999999999997797
1730175652.2660348,0.5341,0.5339,0.534,0.00019999999999997797
1730175653.269282,0.5341,0.5339,0.534,0.00019999999999997797
1730175654.272635,0.5341,0.534,0.53405,9.999999999998899e-05
1730175655.275697,0.5341,0.534,0.53405,9.999999999998899e-05
1730175656.2790048,0.5342,0.534,0.5341,0.00019999999999997797
1730175657.282476,0.5342,0.534,0.5341,0.00019999999999997797
1730175658.285627,0.5342,0.534,0.5341,0.00019999999999997797
1730175659.2889931,0.5342,0.534,0.5341,0.00019999999999997797
1730175660.292127,0.5342,0.534,0.5341,0.00019999999999997797
1730175661.29514,0.5342,0.534,0.5341,0.00019999999999997797
1730175662.298091,0.5342,0.534,0.5341,0.00019999999999997797
1730175663.301478,0.5342,0.534,0.5341,0.00019999999999997797
1730175664.30481,0.5343,0.5342,0.53425,9.999999999998899e-05
1730175665.308226,0.5343,0.5342,0.53425,9.999999999998899e-05
1730175666.31148,0.5345,0.5343,0.5344,0.00019999999999997797
1730175667.314757,0.5345,0.5343,0.5344,0.00019999999999997797
1730175668.3181329,0.5345,0.5343,0.5344,0.00019999999999997797
1730175669.321472,0.5344,0.5343,0.53435,9.999999999998899e-05
1730175670.324518,0.5344,0.5343,0.53435,9.999999999998899e-05
1730175671.327929,0.5344,0.5343,0.53435,9.999999999998899e-05
1730175672.331093,0.5344,0.5343,0.53435,9.999999999998899e-05
1730175673.334443,0.5344,0.5343,0.53435,9.999999999998899e-05
1730175674.3377311,0.5344,0.5343,0.53435,9.999999999998899e-05
1730175675.3410869,0.5344,0.5343,0.53435,9.999999999998899e-05
1730175676.344498,0.5344,0.5343,0.53435,9.999999999998899e-05
1730175677.347917,0.5344,0.5343,0.53435,9.999999999998899e-05
1730175678.35142,0.5344,0.5343,0.53435,9.999999999998899e-05
1730175679.354624,0.5344,0.5342,0.5343,0.00019999999999997797
1730175680.357965,0.5344,0.5342,0.5343,0.00019999999999997797
1730175681.361183,0.5344,0.5342,0.5343,0.00019999999999997797
1730175682.364303,0.5344,0.5342,0.5343,0.00019999999999997797
1730175683.367428,0.5344,0.5342,0.5343,0.00019999999999997797
1730175684.3706949,0.5344,0.5342,0.5343,0.00019999999999997797
1730175685.375148,0.5344,0.5342,0.5343,0.00019999999999997797
1730175686.3787148,0.5342,0.5341,0.53415,9.999999999998899e-05
1730175687.3820522,0.5342,0.5341,0.53415,9.999999999998899e-05
1730175688.385356,0.5342,0.5341,0.53415,9.999999999998899e-05
1730175689.3884952,0.5342,0.5341,0.53415,9.999999999998899e-05
1730175690.3917708,0.5342,0.5341,0.53415,9.999999999998899e-05
1730175691.395034,0.5342,0.5341,0.53415,9.999999999998899e-05
1730175692.398168,0.5343,0.5341,0.5342,0.00019999999999997797
1730175693.4003131,0.5343,0.5341,0.5342,0.00019999999999997797
1730175694.403541,0.5342,0.5341,0.53415,9.999999999998899e-05
1730175695.4067829,0.5342,0.5341,0.53415,9.999999999998899e-05
1730175696.4100192,0.5342,0.5341,0.53415,9.999999999998899e-05
1730175697.413277,0.5342,0.5341,0.53415,9.999999999998899e-05
1730175698.4166028,0.5342,0.5341,0.53415,9.999999999998899e-05
1730175699.419766,0.5343,0.5341,0.5342,0.00019999999999997797
1730175700.4230149,0.5343,0.5341,0.5342,0.00019999999999997797
1730175701.4264052,0.5343,0.5341,0.5342,0.00019999999999997797
1730175702.429663,0.5343,0.5341,0.5342,0.00019999999999997797
1730175703.4327848,0.5343,0.5341,0.5342,0.00019999999999997797
1730175704.436021,0.5343,0.534,0.53415,0.00029999999999996696
1730175705.439162,0.5343,0.534,0.53415,0.00029999999999996696
1730175706.442249,0.5343,0.534,0.53415,0.00029999999999996696
1730175707.445528,0.5343,0.534,0.53415,0.00029999999999996696
1730175708.448541,0.5343,0.534,0.53415,0.00029999999999996696
1730175709.450596,0.5341,0.5339,0.534,0.00019999999999997797
1730175710.453651,0.5341,0.5339,0.534,0.00019999999999997797
1730175711.456835,0.5341,0.5339,0.534,0.00019999999999997797
1730175712.460043,0.5341,0.5339,0.534,0.00019999999999997797
1730175713.4629781,0.5341,0.5339,0.534,0.00019999999999997797
1730175714.464928,0.5341,0.5339,0.534,0.00019999999999997797
1730175715.468408,0.5341,0.5339,0.534,0.00019999999999997797
1730175716.472075,0.5341,0.5339,0.534,0.00019999999999997797
1730175717.47548,0.5341,0.5339,0.534,0.00019999999999997797
1730175718.479213,0.5341,0.5339,0.534,0.00019999999999997797
1730175719.482403,0.5341,0.5339,0.534,0.00019999999999997797
1730175720.485759,0.5341,0.5339,0.534,0.00019999999999997797
1730175721.488874,0.5341,0.5339,0.534,0.00019999999999997797
1730175722.492312,0.5341,0.5339,0.534,0.00019999999999997797
1730175723.4955862,0.5341,0.5339,0.534,0.00019999999999997797
1730175724.497348,0.5341,0.5338,0.53395,0.00029999999999996696
1730175725.500602,0.5341,0.5338,0.53395,0.00029999999999996696
1730175726.5038521,0.5341,0.5338,0.53395,0.00029999999999996696
1730175727.507366,0.534,0.5338,0.5339,0.00019999999999997797
1730175728.510769,0.534,0.5338,0.5339,0.00019999999999997797
1730175729.5142589,0.5341,0.5339,0.534,0.00019999999999997797
1730175730.517598,0.5341,0.5339,0.534,0.00019999999999997797
1730175731.520944,0.5341,0.5339,0.534,0.00019999999999997797
1730175732.523584,0.534,0.5338,0.5339,0.00019999999999997797
1730175733.530248,0.534,0.5338,0.5339,0.00019999999999997797
1730175734.5324621,0.534,0.5338,0.5339,0.00019999999999997797
1730175735.5357509,0.534,0.5338,0.5339,0.00019999999999997797
1730175736.539149,0.534,0.5338,0.5339,0.00019999999999997797
1730175737.54256,0.5341,0.5339,0.534,0.00019999999999997797
1730175738.546133,0.5341,0.5339,0.534,0.00019999999999997797
1730175739.549647,0.534,0.5338,0.5339,0.00019999999999997797
1730175740.5529542,0.534,0.5338,0.5339,0.00019999999999997797
1730175741.556227,0.534,0.5338,0.5339,0.00019999999999997797
1730175742.559119,0.534,0.5338,0.5339,0.00019999999999997797
1730175743.56233,0.534,0.5338,0.5339,0.00019999999999997797
1730175744.565501,0.534,0.5338,0.5339,0.00019999999999997797
1730175745.5686579,0.534,0.5338,0.5339,0.00019999999999997797
1730175746.571702,0.534,0.5338,0.5339,0.00019999999999997797
1730175747.574044,0.534,0.5338,0.5339,0.00019999999999997797
1730175748.576907,0.534,0.5338,0.5339,0.00019999999999997797
1730175749.579436,0.534,0.5338,0.5339,0.00019999999999997797
1730175750.5824692,0.534,0.5338,0.5339,0.00019999999999997797
1730175751.585186,0.534,0.5338,0.5339,0.00019999999999997797
1730175752.588237,0.534,0.5338,0.5339,0.00019999999999997797
1730175753.591226,0.534,0.5338,0.5339,0.00019999999999997797
1730175754.594553,0.534,0.5338,0.5339,0.00019999999999997797
1730175755.597922,0.534,0.5338,0.5339,0.00019999999999997797
1730175756.601324,0.534,0.5338,0.5339,0.00019999999999997797
1730175757.604726,0.5341,0.5339,0.534,0.00019999999999997797
1730175758.607761,0.5341,0.5339,0.534,0.00019999999999997797
1730175759.611014,0.5341,0.5339,0.534,0.00019999999999997797
1730175760.6142771,0.5341,0.5339,0.534,0.00019999999999997797
1730175761.617394,0.5341,0.5339,0.534,0.00019999999999997797
1730175762.620075,0.5341,0.5339,0.534,0.00019999999999997797
1730175763.623473,0.5341,0.5339,0.534,0.00019999999999997797
1730175764.626842,0.5341,0.5339,0.534,0.00019999999999997797
1730175765.630209,0.5341,0.5339,0.534,0.00019999999999997797
1730175766.633417,0.5341,0.5339,0.534,0.00019999999999997797
1730175767.636576,0.5341,0.5339,0.534,0.00019999999999997797
1730175768.639749,0.5341,0.5339,0.534,0.00019999999999997797
1730175769.6429598,0.5341,0.5339,0.534,0.00019999999999997797
1730175770.646262,0.5341,0.5339,0.534,0.00019999999999997797
1730175771.6496892,0.5341,0.5339,0.534,0.00019999999999997797
1730175772.6537988,0.5341,0.5339,0.534,0.00019999999999997797
1730175773.657268,0.5341,0.5339,0.534,0.00019999999999997797
1730175774.660705,0.5341,0.5339,0.534,0.00019999999999997797
1730175775.664014,0.5341,0.5339,0.534,0.00019999999999997797
1730175776.6673431,0.5341,0.5339,0.534,0.00019999999999997797
1730175777.670558,0.5341,0.5339,0.534,0.00019999999999997797
1730175778.673772,0.5341,0.5339,0.534,0.00019999999999997797
1730175779.677925,0.534,0.5338,0.5339,0.00019999999999997797
1730175780.6810958,0.534,0.5338,0.5339,0.00019999999999997797
1730175781.68451,0.534,0.5338,0.5339,0.00019999999999997797
1730175782.687603,0.534,0.5338,0.5339,0.00019999999999997797
1730175783.690908,0.534,0.5338,0.5339,0.00019999999999997797
1730175784.6941109,0.534,0.5338,0.5339,0.00019999999999997797
1730175785.6973162,0.534,0.5338,0.5339,0.00019999999999997797
1730175786.700464,0.5341,0.5339,0.534,0.00019999999999997797
1730175787.703764,0.5341,0.5339,0.534,0.00019999999999997797
1730175788.706964,0.5341,0.5339,0.534,0.00019999999999997797
1730175789.710353,0.534,0.5338,0.5339,0.00019999999999997797
1730175790.7136269,0.534,0.5338,0.5339,0.00019999999999997797
1730175791.775588,0.534,0.5338,0.5339,0.00019999999999997797
1730175792.778054,0.534,0.5338,0.5339,0.00019999999999997797
1730175793.7807732,0.534,0.5338,0.5339,0.00019999999999997797
1730175794.784168,0.534,0.5338,0.5339,0.00019999999999997797
1730175795.787201,0.534,0.5338,0.5339,0.00019999999999997797
1730175796.790457,0.534,0.5338,0.5339,0.00019999999999997797
1730175797.793827,0.534,0.5338,0.5339,0.00019999999999997797
1730175798.797143,0.534,0.5338,0.5339,0.00019999999999997797
1730175799.800559,0.534,0.5338,0.5339,0.00019999999999997797
1730175800.803966,0.534,0.5338,0.5339,0.00019999999999997797
1730175801.8069649,0.534,0.5338,0.5339,0.00019999999999997797
1730175802.809531,0.534,0.5338,0.5339,0.00019999999999997797
1730175803.81262,0.534,0.5338,0.5339,0.00019999999999997797
1730175804.815962,0.534,0.5338,0.5339,0.00019999999999997797
1730175805.819343,0.534,0.5338,0.5339,0.00019999999999997797
1730175806.822518,0.534,0.5338,0.5339,0.00019999999999997797
1730175807.8258402,0.534,0.5338,0.5339,0.00019999999999997797
1730175808.8288808,0.534,0.5338,0.5339,0.00019999999999997797
1730175809.832273,0.534,0.5338,0.5339,0.00019999999999997797
1730175810.835595,0.534,0.5338,0.5339,0.00019999999999997797
1730175811.8388338,0.5342,0.534,0.5341,0.00019999999999997797
1730175812.841908,0.5342,0.534,0.5341,0.00019999999999997797
1730175813.845102,0.5342,0.5339,0.53405,0.00029999999999996696
1730175814.848445,0.5342,0.5339,0.53405,0.00029999999999996696
1730175815.851865,0.534,0.5338,0.5339,0.00019999999999997797
1730175816.855128,0.534,0.5338,0.5339,0.00019999999999997797
1730175817.858596,0.534,0.5338,0.5339,0.00019999999999997797
1730175818.861876,0.534,0.5338,0.5339,0.00019999999999997797
1730175819.865132,0.534,0.5338,0.5339,0.00019999999999997797
1730175820.8677068,0.5339,0.5337,0.5338,0.000200000000000089
1730175821.87092,0.5339,0.5337,0.5338,0.000200000000000089
1730175822.8742762,0.5339,0.5337,0.5338,0.000200000000000089
1730175823.8774211,0.5338,0.5335,0.53365,0.000300000000000078
