timestamp,ask_price,bid_price,midpoint,spread
1730172699.218421,0.53429244125,0.5341253505017677,0.5342088958758838,0.0001670907482322903
1730172700.221868,0.53429244125,0.5341253505017677,0.5342088958758838,0.0001670907482322903
1730172701.225427,0.53429244125,0.5341253505017677,0.5342088958758838,0.0001670907482322903
1730172702.2286022,0.53429244125,0.5341253505017677,0.5342088958758838,0.0001670907482322903
1730172703.232149,0.53429244125,0.5341253505017677,0.5342088958758838,0.0001670907482322903
1730172704.2354,0.53429244125,0.5341253505017677,0.5342088958758838,0.0001670907482322903
1730172705.238461,0.53429244125,0.5341253505017677,0.5342088958758838,0.0001670907482322903
1730172706.241911,0.53429244125,0.5341253505017677,0.5342088958758838,0.0001670907482322903
1730172707.245161,0.53429244125,0.5341253505017677,0.5342088958758838,0.0001670907482322903
1730172708.248501,0.53429244125,0.5341253505017677,0.5342088958758838,0.0001670907482322903
1730172709.251508,0.53429244125,0.5341253505017677,0.5342088958758838,0.0001670907482322903
1730172710.255689,0.53429244125,0.5341253505017677,0.5342088958758838,0.0001670907482322903
1730172711.258091,0.53429244125,0.5341253505017677,0.5342088958758838,0.0001670907482322903
1730172712.261503,0.534092445,0.5341253505017677,0.5341088977508839,-3.2905501767710454e-05
1730172713.264957,0.534092445,0.5341253505017677,0.5341088977508839,-3.2905501767710454e-05
1730172714.26824,0.534092445,0.5341253505017677,0.5341088977508839,-3.2905501767710454e-05
1730172715.271507,0.534092445,0.5341253505017677,0.5341088977508839,-3.2905501767710454e-05
1730172716.274944,0.534092445,0.5341253505017677,0.5341088977508839,-3.2905501767710454e-05
1730172717.278326,0.534092445,0.5341253505017677,0.5341088977508839,-3.2905501767710454e-05
1730172718.2818189,0.534092445,0.5341253505017677,0.5341088977508839,-3.2905501767710454e-05
1730172719.285141,0.53395966125,0.5340252423032953,0.5339924517766477,-6.558105329523833e-05
1730172720.288068,0.53395966125,0.5340252423032953,0.5339924517766477,-6.558105329523833e-05
1730172721.2915258,0.53395966125,0.5340252423032953,0.5339924517766477,-6.558105329523833e-05
1730172722.2941492,0.53395966125,0.5340252423032953,0.5339924517766477,-6.558105329523833e-05
1730172723.297152,0.53395966125,0.5340252423032953,0.5339924517766477,-6.558105329523833e-05
1730172724.3008058,0.53395966125,0.5340252423032953,0.5339924517766477,-6.558105329523833e-05
1730172725.304113,0.53395966125,0.5340252423032953,0.5339924517766477,-6.558105329523833e-05
1730172726.3073568,0.5339146812500001,0.5340577632497973,0.5339862222498987,-0.00014308199979717884
1730172727.3106308,0.5339146812500001,0.5340577632497973,0.5339862222498987,-0.00014308199979717884
1730172728.314017,0.5339146812500001,0.5340577632497973,0.5339862222498987,-0.00014308199979717884
1730172729.3170571,0.5339146812500001,0.5340577632497973,0.5339862222498987,-0.00014308199979717884
1730172730.3201978,0.5339146812500001,0.5340577632497973,0.5339862222498987,-0.00014308199979717884
1730172731.323519,0.5339146812500001,0.5340577632497973,0.5339862222498987,-0.00014308199979717884
1730172732.326904,0.5339146812500001,0.5340577632497973,0.5339862222498987,-0.00014308199979717884
1730172733.3301618,0.5339146812500001,0.5340577632497973,0.5339862222498987,-0.00014308199979717884
1730172734.333451,0.5339146812500001,0.5340079277338636,0.5339613044919318,-9.324648386355161e-05
1730172735.3366568,0.5339146812500001,0.5340079277338636,0.5339613044919318,-9.324648386355161e-05
1730172736.339929,0.5339146812500001,0.5340079277338636,0.5339613044919318,-9.324648386355161e-05
1730172737.343222,0.5339146812500001,0.5340079277338636,0.5339613044919318,-9.324648386355161e-05
1730172738.346596,0.5339146812500001,0.5340079277338636,0.5339613044919318,-9.324648386355161e-05
1730172739.349979,0.5339146812500001,0.5340079277338636,0.5339613044919318,-9.324648386355161e-05
1730172740.353109,0.5339146812500001,0.5340079277338636,0.5339613044919318,-9.324648386355161e-05
1730172741.355191,0.5339146812500001,0.5340079277338636,0.5339613044919318,-9.324648386355161e-05
1730172742.3585322,0.5339146812500001,0.5340079277338636,0.5339613044919318,-9.324648386355161e-05
1730172743.362048,0.5339146812500001,0.5340079277338636,0.5339613044919318,-9.324648386355161e-05
1730172744.365916,0.5339146812500001,0.5340079277338636,0.5339613044919318,-9.324648386355161e-05
1730172745.3693419,0.5339146812500001,0.5340079277338636,0.5339613044919318,-9.324648386355161e-05
1730172746.372722,0.5339146812500001,0.5340079277338636,0.5339613044919318,-9.324648386355161e-05
1730172747.376365,0.53384466875,0.5339781275618668,0.5339113981559334,-0.00013345881186677122
1730172748.379431,0.53384466875,0.5339781275618668,0.5339113981559334,-0.00013345881186677122
1730172749.382813,0.53384466875,0.5339781275618668,0.5339113981559334,-0.00013345881186677122
1730172750.385688,0.53384466875,0.5339781275618668,0.5339113981559334,-0.00013345881186677122
1730172751.38896,0.53384466875,0.5339781275618668,0.5339113981559334,-0.00013345881186677122
1730172752.392365,0.53384466875,0.5339781275618668,0.5339113981559334,-0.00013345881186677122
1730172753.395448,0.53384466875,0.5339781275618668,0.5339113981559334,-0.00013345881186677122
1730172754.398868,0.53389244625,0.5339781274860135,0.5339352868680067,-8.568123601349065e-05
1730172755.402254,0.53389244625,0.5339781274860135,0.5339352868680067,-8.568123601349065e-05
1730172756.404609,0.53389244625,0.5339781274860135,0.5339352868680067,-8.568123601349065e-05
1730172757.4081202,0.53389244625,0.5339781274860135,0.5339352868680067,-8.568123601349065e-05
1730172758.411533,0.53389244625,0.5339781274860135,0.5339352868680067,-8.568123601349065e-05
1730172759.41412,0.53389244625,0.5339781274860135,0.5339352868680067,-8.568123601349065e-05
1730172760.4163358,0.533992445,0.5340334280285717,0.5340129365142858,-4.0983028571695e-05
1730172761.418852,0.533992445,0.5340334280285717,0.5340129365142858,-4.0983028571695e-05
1730172762.421742,0.533992445,0.5340334280285717,0.5340129365142858,-4.0983028571695e-05
1730172763.425229,0.533992445,0.5340334280285717,0.5340129365142858,-4.0983028571695e-05
1730172764.428582,0.533992445,0.5340334280285717,0.5340129365142858,-4.0983028571695e-05
1730172765.431983,0.533992445,0.5340334280285717,0.5340129365142858,-4.0983028571695e-05
1730172766.435138,0.53394587125,0.5340760226418275,0.5340109469459138,-0.00013015139182748214
1730172767.4383612,0.53394587125,0.5340760226418275,0.5340109469459138,-0.00013015139182748214
1730172768.44171,0.53394587125,0.5340760226418275,0.5340109469459138,-0.00013015139182748214
1730172769.445035,0.53394587125,0.5340760226418275,0.5340109469459138,-0.00013015139182748214
1730172770.448359,0.53394587125,0.5340760226418275,0.5340109469459138,-0.00013015139182748214
1730172771.451406,0.53394587125,0.5340760226418275,0.5340109469459138,-0.00013015139182748214
1730172772.4550312,0.53394587125,0.5340760226418275,0.5340109469459138,-0.00013015139182748214
1730172773.458415,0.53394587125,0.5340760226418275,0.5340109469459138,-0.00013015139182748214
1730172774.461903,0.53394587125,0.5340760226418275,0.5340109469459138,-0.00013015139182748214
1730172775.4682171,0.53394587125,0.5340760226418275,0.5340109469459138,-0.00013015139182748214
1730172776.470967,0.5341924425,0.5341769819487563,0.5341847122243781,1.5460551243684506e-05
1730172777.474208,0.5341924425,0.5341769819487563,0.5341847122243781,1.5460551243684506e-05
1730172778.4774232,0.5341924425,0.5341769819487563,0.5341847122243781,1.5460551243684506e-05
1730172779.480823,0.5341924425,0.5341769819487563,0.5341847122243781,1.5460551243684506e-05
1730172780.484123,0.5341924425,0.5341769819487563,0.5341847122243781,1.5460551243684506e-05
1730172781.4872751,0.5341924425,0.5341769819487563,0.5341847122243781,1.5460551243684506e-05
1730172782.49074,0.5341924425,0.5341769819487563,0.5341847122243781,1.5460551243684506e-05
1730172783.493975,0.5341924425,0.5341769819487563,0.5341847122243781,1.5460551243684506e-05
1730172784.497237,0.53429244125,0.534200647383506,0.534246544316753,9.179386649393884e-05
1730172785.500479,0.53429244125,0.534200647383506,0.534246544316753,9.179386649393884e-05
1730172786.5038028,0.53429244125,0.534200647383506,0.534246544316753,9.179386649393884e-05
1730172787.506769,0.53429244125,0.534200647383506,0.534246544316753,9.179386649393884e-05
1730172788.510058,0.53429244125,0.534200647383506,0.534246544316753,9.179386649393884e-05
1730172789.513493,0.53429244125,0.534200647383506,0.534246544316753,9.179386649393884e-05
1730172790.516741,0.53429244125,0.534200647383506,0.534246544316753,9.179386649393884e-05
1730172791.519692,0.53429244125,0.534200647383506,0.534246544316753,9.179386649393884e-05
1730172792.5231411,0.53429244125,0.534200647383506,0.534246544316753,9.179386649393884e-05
1730172793.526602,0.53429244125,0.5341835529356623,0.5342379970928312,0.00010888831433764068
1730172794.529987,0.53429244125,0.5341835529356623,0.5342379970928312,0.00010888831433764068
1730172795.5333161,0.53429244125,0.5341835529356623,0.5342379970928312,0.00010888831433764068
1730172796.536702,0.53429244125,0.5341835529356623,0.5342379970928312,0.00010888831433764068
1730172797.540152,0.53429244125,0.5341835529356623,0.5342379970928312,0.00010888831433764068
1730172798.543415,0.53429244125,0.5341835529356623,0.5342379970928312,0.00010888831433764068
1730172799.545397,0.53429244125,0.5341835529356623,0.5342379970928312,0.00010888831433764068
1730172800.548658,0.53398522375,0.5340203472647288,0.5340027855073644,-3.512351472878539e-05
1730172801.5520241,0.53398522375,0.5340203472647288,0.5340027855073644,-3.512351472878539e-05
1730172802.555147,0.53398522375,0.5340203472647288,0.5340027855073644,-3.512351472878539e-05
1730172803.558562,0.53398522375,0.5340203472647288,0.5340027855073644,-3.512351472878539e-05
1730172804.561923,0.53398522375,0.5340203472647288,0.5340027855073644,-3.512351472878539e-05
1730172805.5658062,0.53398522375,0.5340203472647288,0.5340027855073644,-3.512351472878539e-05
1730172806.5695171,0.53398522375,0.5340203472647288,0.5340027855073644,-3.512351472878539e-05
1730172807.573212,0.53398522375,0.5340208523003702,0.5340030380251851,-3.5628550370203627e-05
1730172808.576252,0.53398522375,0.5340208523003702,0.5340030380251851,-3.5628550370203627e-05
1730172809.579614,0.53398522375,0.5340208523003702,0.5340030380251851,-3.5628550370203627e-05
1730172810.583085,0.53398522375,0.5340208523003702,0.5340030380251851,-3.5628550370203627e-05
1730172811.586271,0.53398522375,0.5340208523003702,0.5340030380251851,-3.5628550370203627e-05
1730172812.589619,0.53398522375,0.5340208523003702,0.5340030380251851,-3.5628550370203627e-05
1730172813.5930471,0.53398522375,0.5340208523003702,0.5340030380251851,-3.5628550370203627e-05
1730172814.5960908,0.53398522375,0.5340208523003702,0.5340030380251851,-3.5628550370203627e-05
1730172815.599508,0.53398522375,0.5340208523003702,0.5340030380251851,-3.5628550370203627e-05
1730172816.602884,0.53398522375,0.5340027733092332,0.5339939985296166,-1.7549559233165368e-05
1730172817.606127,0.53398522375,0.5340027733092332,0.5339939985296166,-1.7549559233165368e-05
1730172818.609525,0.53398522375,0.5340027733092332,0.5339939985296166,-1.7549559233165368e-05
1730172819.6128,0.53398522375,0.5340027733092332,0.5339939985296166,-1.7549559233165368e-05
1730172820.6160278,0.53398522375,0.5340027733092332,0.5339939985296166,-1.7549559233165368e-05
1730172821.6192372,0.53398522375,0.5340027733092332,0.5339939985296166,-1.7549559233165368e-05
1730172822.622638,0.53398522375,0.534002773348176,0.533993998549088,-1.7549598176014314e-05
1730172823.625909,0.53398522375,0.534002773348176,0.533993998549088,-1.7549598176014314e-05
1730172824.629235,0.53398522375,0.534002773348176,0.533993998549088,-1.7549598176014314e-05
1730172825.632173,0.53398522375,0.534002773348176,0.533993998549088,-1.7549598176014314e-05
1730172826.635697,0.53398522375,0.534002773348176,0.533993998549088,-1.7549598176014314e-05
1730172827.639092,0.53398522375,0.534002773348176,0.533993998549088,-1.7549598176014314e-05
1730172828.642495,0.53398522375,0.534002773348176,0.533993998549088,-1.7549598176014314e-05
1730172829.645998,0.5338013375,0.5339074456028362,0.5338543915514181,-0.00010610810283617766
1730172830.649313,0.5338013375,0.5339074456028362,0.5338543915514181,-0.00010610810283617766
1730172831.652736,0.5338013375,0.5339074456028362,0.5338543915514181,-0.00010610810283617766
1730172832.655383,0.5338013375,0.5339074456028362,0.5338543915514181,-0.00010610810283617766
1730172833.658916,0.5338013375,0.5339074456028362,0.5338543915514181,-0.00010610810283617766
1730172834.66238,0.5338013375,0.5339074456028362,0.5338543915514181,-0.00010610810283617766
1730172835.66572,0.5337943975,0.5339411221335857,0.5338677598167929,-0.0001467246335856709
1730172836.669118,0.5337943975,0.5339411221335857,0.5338677598167929,-0.0001467246335856709
1730172837.6724741,0.5337943975,0.5339411221335857,0.5338677598167929,-0.0001467246335856709
1730172838.675932,0.5337943975,0.5339411221335857,0.5338677598167929,-0.0001467246335856709
1730172839.679341,0.5337943975,0.5339411221335857,0.5338677598167929,-0.0001467246335856709
1730172840.682817,0.5337943975,0.5339411221335857,0.5338677598167929,-0.0001467246335856709
1730172841.6858351,0.5338013375,0.5338735961803787,0.5338374668401893,-7.225868037863403e-05
1730172842.688802,0.5338013375,0.5338735961803787,0.5338374668401893,-7.225868037863403e-05
1730172843.692331,0.5338013375,0.5338735961803787,0.5338374668401893,-7.225868037863403e-05
1730172844.69564,0.5338013375,0.5338735961803787,0.5338374668401893,-7.225868037863403e-05
1730172845.699039,0.5338013375,0.5338735961803787,0.5338374668401893,-7.225868037863403e-05
1730172846.702417,0.5338013375,0.5338735961803787,0.5338374668401893,-7.225868037863403e-05
1730172847.7056692,0.53377247625,0.5339074468088789,0.5338399615294395,-0.00013497055887889964
1730172848.7089121,0.53377247625,0.5339074468088789,0.5338399615294395,-0.00013497055887889964
1730172849.712063,0.53377247625,0.5339074468088789,0.5338399615294395,-0.00013497055887889964
1730172850.714504,0.53377247625,0.5339074468088789,0.5338399615294395,-0.00013497055887889964
1730172851.7173939,0.53377247625,0.5339074468088789,0.5338399615294395,-0.00013497055887889964
1730172852.720564,0.53377247625,0.5339074468088789,0.5338399615294395,-0.00013497055887889964
1730172853.723826,0.53377247625,0.5339074468088789,0.5338399615294395,-0.00013497055887889964
1730172854.727256,0.53377247625,0.5339074468088789,0.5338399615294395,-0.00013497055887889964
1730172855.730494,0.53377247625,0.5338327066766493,0.5338025914633246,-6.023042664926592e-05
1730172856.733768,0.53377247625,0.5338327066766493,0.5338025914633246,-6.023042664926592e-05
1730172857.73698,0.53377247625,0.5338327066766493,0.5338025914633246,-6.023042664926592e-05
1730172858.740094,0.53377247625,0.5338327066766493,0.5338025914633246,-6.023042664926592e-05
1730172859.7435489,0.53377247625,0.5338327066766493,0.5338025914633246,-6.023042664926592e-05
1730172860.747041,0.53377247625,0.5337575743901157,0.5337650253200579,1.4901859884286495e-05
1730172861.7503638,0.53377247625,0.5337575743901157,0.5337650253200579,1.4901859884286495e-05
1730172862.7543411,0.53377247625,0.5337575743901157,0.5337650253200579,1.4901859884286495e-05
1730172863.758486,0.53377247625,0.5337575743901157,0.5337650253200579,1.4901859884286495e-05
1730172864.761127,0.53377247625,0.5337575743901157,0.5337650253200579,1.4901859884286495e-05
1730172865.764292,0.53377247625,0.5337575743901157,0.5337650253200579,1.4901859884286495e-05
1730172866.766609,0.53377247625,0.5337575743901157,0.5337650253200579,1.4901859884286495e-05
1730172867.7691278,0.53377247625,0.5337575743901157,0.5337650253200579,1.4901859884286495e-05
1730172868.7722838,0.53377247625,0.5337575743901157,0.5337650253200579,1.4901859884286495e-05
1730172869.774941,0.53377247625,0.5337575743901157,0.5337650253200579,1.4901859884286495e-05
1730172870.778209,0.53377247625,0.5337575743901157,0.5337650253200579,1.4901859884286495e-05
1730172871.780863,0.53377247625,0.5337575743901157,0.5337650253200579,1.4901859884286495e-05
1730172872.783914,0.5338102987500001,0.5341074483876156,0.5339588735688079,-0.0002971496376155125
1730172873.7868621,0.5338102987500001,0.5341074483876156,0.5339588735688079,-0.0002971496376155125
1730172874.790286,0.5338102987500001,0.5341074483876156,0.5339588735688079,-0.0002971496376155125
1730172875.793807,0.5338102987500001,0.5341074483876156,0.5339588735688079,-0.0002971496376155125
1730172876.79741,0.5338102987500001,0.5341074483876156,0.5339588735688079,-0.0002971496376155125
1730172877.800906,0.5338102987500001,0.5341074483876156,0.5339588735688079,-0.0002971496376155125
1730172878.80437,0.5338102987500001,0.5341074483876156,0.5339588735688079,-0.0002971496376155125
1730172879.8078258,0.53389244625,0.5340823551330132,0.5339874006915066,-0.00018990888301317899
1730172880.8112829,0.53389244625,0.5340823551330132,0.5339874006915066,-0.00018990888301317899
1730172881.81504,0.53389244625,0.5340823551330132,0.5339874006915066,-0.00018990888301317899
1730172882.8184052,0.53389244625,0.5340823551330132,0.5339874006915066,-0.00018990888301317899
1730172883.821742,0.53389244625,0.5340823551330132,0.5339874006915066,-0.00018990888301317899
1730172884.825056,0.53389244625,0.5340823551330132,0.5339874006915066,-0.00018990888301317899
1730172885.828417,0.53389244625,0.5340823551330132,0.5339874006915066,-0.00018990888301317899
1730172886.831726,0.53389244625,0.5340823551330132,0.5339874006915066,-0.00018990888301317899
1730172887.835128,0.53389244625,0.5340823551330132,0.5339874006915066,-0.00018990888301317899
1730172888.838433,0.53389244625,0.5340823551330132,0.5339874006915066,-0.00018990888301317899
1730172889.8418088,0.53389244625,0.5340823551330132,0.5339874006915066,-0.00018990888301317899
1730172890.8451352,0.53389244625,0.5340823551330132,0.5339874006915066,-0.00018990888301317899
1730172891.848543,0.5338924475,0.5341117148792079,0.534002081189604,-0.0002192673792079658
1730172892.851975,0.5338924475,0.5341117148792079,0.534002081189604,-0.0002192673792079658
1730172893.8553421,0.5338924475,0.5341117148792079,0.534002081189604,-0.0002192673792079658
1730172894.858849,0.5338924475,0.5341117148792079,0.534002081189604,-0.0002192673792079658
1730172895.8622458,0.5338924475,0.5341117148792079,0.534002081189604,-0.0002192673792079658
1730172896.865669,0.5338924475,0.5341117148792079,0.534002081189604,-0.0002192673792079658
1730172897.8690639,0.53399244625,0.5341477796330227,0.5340701129415113,-0.0001553333830227599
1730172898.8720021,0.53399244625,0.5341477796330227,0.5340701129415113,-0.0001553333830227599
1730172899.875488,0.53399244625,0.5341477796330227,0.5340701129415113,-0.0001553333830227599
1730172900.878914,0.53399244625,0.5341477796330227,0.5340701129415113,-0.0001553333830227599
1730172901.882093,0.53399244625,0.5341477796330227,0.5340701129415113,-0.0001553333830227599
1730172902.885628,0.53399244625,0.5341477796330227,0.5340701129415113,-0.0001553333830227599
1730172903.888982,0.53399244625,0.5341477796330227,0.5340701129415113,-0.0001553333830227599
1730172904.892286,0.53399244625,0.5341468541663054,0.5340696502081527,-0.00015440791630538797
1730172905.895684,0.53399244625,0.5341468541663054,0.5340696502081527,-0.00015440791630538797
1730172906.898896,0.53399244625,0.5341468541663054,0.5340696502081527,-0.00015440791630538797
1730172907.902217,0.53399244625,0.5341468541663054,0.5340696502081527,-0.00015440791630538797
1730172908.9054148,0.53399244625,0.5341468541663054,0.5340696502081527,-0.00015440791630538797
1730172909.908706,0.53399244625,0.5341468541663054,0.5340696502081527,-0.00015440791630538797
1730172910.911873,0.53399244625,0.5341468541663054,0.5340696502081527,-0.00015440791630538797
1730172911.9145331,0.53399244625,0.5341468541663054,0.5340696502081527,-0.00015440791630538797
1730172912.9186418,0.5339677125,0.534101814300962,0.534034763400481,-0.00013410180096207203
1730172913.922027,0.5339677125,0.534101814300962,0.534034763400481,-0.00013410180096207203
1730172914.925395,0.5339677125,0.534101814300962,0.534034763400481,-0.00013410180096207203
1730172915.9288378,0.5339677125,0.534101814300962,0.534034763400481,-0.00013410180096207203
1730172916.9320471,0.5339677125,0.534101814300962,0.534034763400481,-0.00013410180096207203
1730172917.93537,0.5339677125,0.534101814300962,0.534034763400481,-0.00013410180096207203
1730172918.9387,0.533805215,0.5340074459307779,0.5339063304653889,-0.00020223093077786913
1730172919.942014,0.533805215,0.5340074459307779,0.5339063304653889,-0.00020223093077786913
1730172920.945353,0.533805215,0.5340074459307779,0.5339063304653889,-0.00020223093077786913
1730172921.948373,0.533805215,0.5340074459307779,0.5339063304653889,-0.00020223093077786913
1730172922.9503748,0.533805215,0.5340074459307779,0.5339063304653889,-0.00020223093077786913
1730172923.953214,0.533805215,0.5340074459307779,0.5339063304653889,-0.00020223093077786913
1730172924.956463,0.533805215,0.5340074459307779,0.5339063304653889,-0.00020223093077786913
1730172925.9599,0.533805215,0.5340074459307779,0.5339063304653889,-0.00020223093077786913
1730172926.963329,0.533805215,0.5340074459307779,0.5339063304653889,-0.00020223093077786913
1730172927.966615,0.533805215,0.5340074459307779,0.5339063304653889,-0.00020223093077786913
1730172928.969972,0.53380794875,0.5338858008055926,0.5338468747777962,-7.785205559251995e-05
1730172929.973331,0.53380794875,0.5338858008055926,0.5338468747777962,-7.785205559251995e-05
1730172930.976678,0.53380794875,0.5338858008055926,0.5338468747777962,-7.785205559251995e-05
1730172931.979647,0.53380794875,0.5338858008055926,0.5338468747777962,-7.785205559251995e-05
1730172932.982688,0.53380794875,0.5338858008055926,0.5338468747777962,-7.785205559251995e-05
1730172933.986006,0.53380794875,0.5338858008055926,0.5338468747777962,-7.785205559251995e-05
1730172934.989293,0.53380794875,0.5338858008055926,0.5338468747777962,-7.785205559251995e-05
1730172935.9925451,0.5337950625,0.5339074450891557,0.5338512537945779,-0.00011238258915569066
1730172936.995765,0.5337950625,0.5339074450891557,0.5338512537945779,-0.00011238258915569066
1730172937.999028,0.5337950625,0.5339074450891557,0.5338512537945779,-0.00011238258915569066
1730172939.0024478,0.5337950625,0.5339074450891557,0.5338512537945779,-0.00011238258915569066
1730172940.00591,0.5337950625,0.5339074450891557,0.5338512537945779,-0.00011238258915569066
1730172941.00914,0.5337950625,0.5339074450891557,0.5338512537945779,-0.00011238258915569066
1730172942.011982,0.5337950625,0.5339074450891557,0.5338512537945779,-0.00011238258915569066
1730172943.013957,0.5338112712499999,0.533807444300099,0.5338093577750495,3.826949900975762e-06
1730172944.017112,0.5338112712499999,0.533807444300099,0.5338093577750495,3.826949900975762e-06
1730172945.019496,0.5338112712499999,0.533807444300099,0.5338093577750495,3.826949900975762e-06
1730172946.022801,0.5338112712499999,0.533807444300099,0.5338093577750495,3.826949900975762e-06
1730172947.026171,0.5338112712499999,0.533807444300099,0.5338093577750495,3.826949900975762e-06
1730172948.029679,0.5338112712499999,0.533807444300099,0.5338093577750495,3.826949900975762e-06
1730172949.0330062,0.5338112712499999,0.533807444300099,0.5338093577750495,3.826949900975762e-06
1730172950.0363111,0.5337838925,0.5337042111503677,0.5337440518251839,7.968134963232121e-05
1730172951.039165,0.5337838925,0.5337042111503677,0.5337440518251839,7.968134963232121e-05
1730172952.0420659,0.5337838925,0.5337042111503677,0.5337440518251839,7.968134963232121e-05
1730172953.045395,0.5337838925,0.5337042111503677,0.5337440518251839,7.968134963232121e-05
1730172954.0488489,0.5337838925,0.5337042111503677,0.5337440518251839,7.968134963232121e-05
1730172955.052269,0.5337838925,0.5337042111503677,0.5337440518251839,7.968134963232121e-05
1730172956.055406,0.533695625,0.5336211011125005,0.5336583630562503,7.452388749951133e-05
1730172957.058654,0.533695625,0.5336211011125005,0.5336583630562503,7.452388749951133e-05
1730172958.062,0.533695625,0.5336211011125005,0.5336583630562503,7.452388749951133e-05
1730172959.065312,0.533695625,0.5336211011125005,0.5336583630562503,7.452388749951133e-05
1730172960.0686452,0.533695625,0.5336211011125005,0.5336583630562503,7.452388749951133e-05
1730172961.072078,0.533695625,0.5336211011125005,0.5336583630562503,7.452388749951133e-05
1730172962.075177,0.533695625,0.5336211011125005,0.5336583630562503,7.452388749951133e-05
1730172963.078443,0.533695625,0.5336211011125005,0.5336583630562503,7.452388749951133e-05
1730172964.081918,0.53367459875,0.5336074436181515,0.5336410211840757,6.715513184851751e-05
1730172965.085279,0.53367459875,0.5336074436181515,0.5336410211840757,6.715513184851751e-05
1730172966.088578,0.53367459875,0.5336074436181515,0.5336410211840757,6.715513184851751e-05
1730172967.091897,0.53367459875,0.5336074436181515,0.5336410211840757,6.715513184851751e-05
1730172968.0951622,0.53367459875,0.5336074436181515,0.5336410211840757,6.715513184851751e-05
1730172969.098232,0.53367459875,0.5336074436181515,0.5336410211840757,6.715513184851751e-05
1730172970.101714,0.53367459875,0.5336074436181515,0.5336410211840757,6.715513184851751e-05
1730172971.105042,0.53367459875,0.5336074436181515,0.5336410211840757,6.715513184851751e-05
1730172972.10741,0.5336745975,0.5335670328536967,0.5336208151768483,0.00010756464630334861
1730172973.11083,0.5336745975,0.5335670328536967,0.5336208151768483,0.00010756464630334861
1730172974.113576,0.5336745975,0.5335670328536967,0.5336208151768483,0.00010756464630334861
1730172975.1165419,0.5336745975,0.5335670328536967,0.5336208151768483,0.00010756464630334861
1730172976.1197739,0.5336745975,0.5335670328536967,0.5336208151768483,0.00010756464630334861
1730172977.123086,0.5336745975,0.5335670328536967,0.5336208151768483,0.00010756464630334861
1730172978.1261492,0.53367694125,0.5335857254523293,0.5336313333511646,9.12157976706851e-05
1730172979.129441,0.53367694125,0.5335857254523293,0.5336313333511646,9.12157976706851e-05
1730172980.13271,0.53367694125,0.5335857254523293,0.5336313333511646,9.12157976706851e-05
1730172981.135915,0.53367694125,0.5335857254523293,0.5336313333511646,9.12157976706851e-05
1730172982.138465,0.53367694125,0.5335857254523293,0.5336313333511646,9.12157976706851e-05
1730172983.141911,0.53367694125,0.5335857254523293,0.5336313333511646,9.12157976706851e-05
1730172984.1452029,0.5336745975,0.533578298000596,0.533626447750298,9.629949940404003e-05
1730172985.148639,0.5336745975,0.533578298000596,0.533626447750298,9.629949940404003e-05
1730172986.1519701,0.5336745975,0.533578298000596,0.533626447750298,9.629949940404003e-05
1730172987.155518,0.5336745975,0.533578298000596,0.533626447750298,9.629949940404003e-05
1730172988.159004,0.5336745975,0.533578298000596,0.533626447750298,9.629949940404003e-05
1730172989.1623209,0.5336745975,0.533578298000596,0.533626447750298,9.629949940404003e-05
1730172990.165511,0.53359922875,0.5334950273045673,0.5335471280272837,0.00010420144543266119
1730172991.1690729,0.53359922875,0.5334950273045673,0.5335471280272837,0.00010420144543266119
1730172992.172238,0.53359922875,0.5334950273045673,0.5335471280272837,0.00010420144543266119
1730172993.175494,0.53359922875,0.5334950273045673,0.5335471280272837,0.00010420144543266119
1730172994.178693,0.53359922875,0.5334950273045673,0.5335471280272837,0.00010420144543266119
1730172995.18197,0.53359922875,0.5334950273045673,0.5335471280272837,0.00010420144543266119
1730172996.18483,0.53359922875,0.5334950273045673,0.5335471280272837,0.00010420144543266119
1730172997.1881301,0.53356127125,0.5334495494382583,0.5335054103441291,0.00011172181174168294
1730172998.1914098,0.53356127125,0.5334495494382583,0.5335054103441291,0.00011172181174168294
1730172999.194452,0.53356127125,0.5334495494382583,0.5335054103441291,0.00011172181174168294
1730173000.197688,0.53356127125,0.5334495494382583,0.5335054103441291,0.00011172181174168294
1730173001.201032,0.53356127125,0.5334495494382583,0.5335054103441291,0.00011172181174168294
1730173002.2043252,0.53356127125,0.5334495494382583,0.5335054103441291,0.00011172181174168294
1730173003.2076921,0.5334158675,0.5333574733926904,0.5333866704463452,5.839410730967831e-05
1730173004.211041,0.5334158675,0.5333574733926904,0.5333866704463452,5.839410730967831e-05
1730173005.214292,0.5334158675,0.5333574733926904,0.5333866704463452,5.839410730967831e-05
1730173006.217675,0.5334158675,0.5333574733926904,0.5333866704463452,5.839410730967831e-05
1730173007.220891,0.5334158675,0.5333574733926904,0.5333866704463452,5.839410730967831e-05
1730173008.22431,0.5334158675,0.5333574733926904,0.5333866704463452,5.839410730967831e-05
1730173009.227533,0.5334158675,0.5333574733926904,0.5333866704463452,5.839410730967831e-05
1730173010.2308102,0.5334158675,0.5333574733926904,0.5333866704463452,5.839410730967831e-05
1730173011.234093,0.5334158675,0.5333574733926904,0.5333866704463452,5.839410730967831e-05
1730173012.236963,0.53337997625,0.533307440990067,0.5333437086200334,7.253525993300425e-05
1730173013.240454,0.53337997625,0.533307440990067,0.5333437086200334,7.253525993300425e-05
1730173014.2439392,0.53337997625,0.533307440990067,0.5333437086200334,7.253525993300425e-05
1730173015.2472892,0.53337997625,0.533307440990067,0.5333437086200334,7.253525993300425e-05
1730173016.250598,0.53337997625,0.533307440990067,0.5333437086200334,7.253525993300425e-05
1730173017.253896,0.53337997625,0.533307440990067,0.5333437086200334,7.253525993300425e-05
1730173018.257254,0.53337997625,0.533307440990067,0.5333437086200334,7.253525993300425e-05
1730173019.260715,0.5333602337500001,0.5334074417805068,0.5333838377652534,-4.720803050672906e-05
1730173020.26389,0.5333602337500001,0.5334074417805068,0.5333838377652534,-4.720803050672906e-05
1730173021.26736,0.5333602337500001,0.5334074417805068,0.5333838377652534,-4.720803050672906e-05
1730173022.270704,0.5333602337500001,0.5334074417805068,0.5333838377652534,-4.720803050672906e-05
1730173023.274194,0.5333602337500001,0.5334074417805068,0.5333838377652534,-4.720803050672906e-05
1730173024.277632,0.53337539375,0.5335379080946662,0.5334566509223331,-0.00016251434466618697
1730173025.280823,0.53337539375,0.5335379080946662,0.5334566509223331,-0.00016251434466618697
1730173026.2839072,0.53337539375,0.5335379080946662,0.5334566509223331,-0.00016251434466618697
1730173027.2870982,0.53337539375,0.5335379080946662,0.5334566509223331,-0.00016251434466618697
1730173028.290604,0.53337539375,0.5335379080946662,0.5334566509223331,-0.00016251434466618697
1730173029.2939231,0.53337539375,0.5335379080946662,0.5334566509223331,-0.00016251434466618697
1730173030.297142,0.53337539375,0.5335379080946662,0.5334566509223331,-0.00016251434466618697
1730173031.3004391,0.53336326875,0.5334377159165076,0.5334004923332538,-7.444716650761851e-05
1730173032.303445,0.53336326875,0.5334377159165076,0.5334004923332538,-7.444716650761851e-05
1730173033.3067992,0.53336326875,0.5334377159165076,0.5334004923332538,-7.444716650761851e-05
1730173034.310188,0.53336326875,0.5334377159165076,0.5334004923332538,-7.444716650761851e-05
1730173035.313482,0.53336326875,0.5334377159165076,0.5334004923332538,-7.444716650761851e-05
1730173036.3169112,0.53336326875,0.5334377159165076,0.5334004923332538,-7.444716650761851e-05
1730173037.320369,0.53336326875,0.5334377159165076,0.5334004923332538,-7.444716650761851e-05
1730173038.323314,0.533300655,0.533371681721714,0.5333361683608571,-7.102672171399593e-05
1730173039.326674,0.533300655,0.533371681721714,0.5333361683608571,-7.102672171399593e-05
1730173040.3277938,0.533300655,0.533371681721714,0.5333361683608571,-7.102672171399593e-05
1730173041.329015,0.533300655,0.533371681721714,0.5333361683608571,-7.102672171399593e-05
1730173042.330144,0.533300655,0.533371681721714,0.5333361683608571,-7.102672171399593e-05
1730173043.331402,0.533300655,0.533371681721714,0.5333361683608571,-7.102672171399593e-05
1730173044.3327549,0.533300655,0.533371681721714,0.5333361683608571,-7.102672171399593e-05
1730173045.3342981,0.533300655,0.533371681721714,0.5333361683608571,-7.102672171399593e-05
1730173046.336162,0.533300655,0.533371681721714,0.5333361683608571,-7.102672171399593e-05
1730173047.3377259,0.5333115825,0.5334009290636857,0.5333562557818429,-8.934656368575489e-05
1730173048.339513,0.5333115825,0.5334009290636857,0.5333562557818429,-8.934656368575489e-05
1730173049.341456,0.5333115825,0.5334009290636857,0.5333562557818429,-8.934656368575489e-05
1730173050.343049,0.5333115825,0.5334009290636857,0.5333562557818429,-8.934656368575489e-05
1730173051.345294,0.5333115825,0.5334009290636857,0.5333562557818429,-8.934656368575489e-05
1730173052.347243,0.5333115825,0.5334009290636857,0.5333562557818429,-8.934656368575489e-05
1730173053.349449,0.5332656725,0.5334074400474513,0.5333365562737257,-0.00014176754745132136
1730173054.351688,0.5332656725,0.5334074400474513,0.5333365562737257,-0.00014176754745132136
1730173055.3539698,0.5332656725,0.5334074400474513,0.5333365562737257,-0.00014176754745132136
1730173056.356412,0.5332656725,0.5334074400474513,0.5333365562737257,-0.00014176754745132136
1730173057.359089,0.5332656725,0.5334074400474513,0.5333365562737257,-0.00014176754745132136
1730173058.3617861,0.53327863375,0.5334209816834743,0.5333498077167371,-0.0001423479334743405
1730173059.36438,0.53327863375,0.5334209816834743,0.5333498077167371,-0.0001423479334743405
1730173060.366722,0.53327863375,0.5334209816834743,0.5333498077167371,-0.0001423479334743405
1730173061.3692942,0.53327863375,0.5334209816834743,0.5333498077167371,-0.0001423479334743405
1730173062.371666,0.53327863375,0.5334209816834743,0.5333498077167371,-0.0001423479334743405
1730173063.3743439,0.53327863375,0.5334209816834743,0.5333498077167371,-0.0001423479334743405
1730173064.377016,0.53327863375,0.5334209816834743,0.5333498077167371,-0.0001423479334743405
1730173065.3798568,0.53327863375,0.5334209816834743,0.5333498077167371,-0.0001423479334743405
1730173066.3826308,0.533278635,0.533419812863685,0.5333492239318425,-0.00014117786368506025
1730173067.38541,0.533278635,0.533419812863685,0.5333492239318425,-0.00014117786368506025
1730173068.388288,0.533278635,0.533419812863685,0.5333492239318425,-0.00014117786368506025
1730173069.390715,0.533278635,0.533419812863685,0.5333492239318425,-0.00014117786368506025
1730173070.393452,0.533278635,0.533419812863685,0.5333492239318425,-0.00014117786368506025
1730173071.395187,0.533278635,0.533419812863685,0.5333492239318425,-0.00014117786368506025
1730173072.397857,0.533278635,0.533419812863685,0.5333492239318425,-0.00014117786368506025
1730173073.400757,0.53332895125,0.5332842142348327,0.5333065827424164,4.473701516727324e-05
1730173074.40342,0.53332895125,0.5332842142348327,0.5333065827424164,4.473701516727324e-05
1730173075.406734,0.53332895125,0.5332842142348327,0.5333065827424164,4.473701516727324e-05
1730173076.409879,0.53332895125,0.5332842142348327,0.5333065827424164,4.473701516727324e-05
1730173077.413067,0.53332895125,0.5332842142348327,0.5333065827424164,4.473701516727324e-05
1730173078.416285,0.53332895125,0.5332842142348327,0.5333065827424164,4.473701516727324e-05
1730173079.419397,0.53332895125,0.5332842142348327,0.5333065827424164,4.473701516727324e-05
1730173080.422453,0.53332895125,0.5332842142348327,0.5333065827424164,4.473701516727324e-05
1730173081.4254231,0.53332895125,0.5332842142348327,0.5333065827424164,4.473701516727324e-05
1730173082.428097,0.5333130362499999,0.5331851262834726,0.5332490812667363,0.00012790996652733977
1730173083.4306188,0.5333130362499999,0.5331851262834726,0.5332490812667363,0.00012790996652733977
1730173084.433598,0.5333130362499999,0.5331851262834726,0.5332490812667363,0.00012790996652733977
1730173085.4365702,0.5333130362499999,0.5331851262834726,0.5332490812667363,0.00012790996652733977
1730173086.440044,0.5333130362499999,0.5331851262834726,0.5332490812667363,0.00012790996652733977
1730173087.443261,0.5333130362499999,0.5331851262834726,0.5332490812667363,0.00012790996652733977
1730173088.446472,0.5333130362499999,0.5331851262834726,0.5332490812667363,0.00012790996652733977
1730173089.449706,0.53333362375,0.5331830065419522,0.5332583151459761,0.00015061720804787626
1730173090.452786,0.53333362375,0.5331830065419522,0.5332583151459761,0.00015061720804787626
1730173091.455999,0.53333362375,0.5331830065419522,0.5332583151459761,0.00015061720804787626
1730173092.459028,0.53333362375,0.5331830065419522,0.5332583151459761,0.00015061720804787626
1730173093.462399,0.53333362375,0.5331830065419522,0.5332583151459761,0.00015061720804787626
1730173094.465694,0.53333362375,0.5331830065419522,0.5332583151459761,0.00015061720804787626
1730173095.469035,0.53333362375,0.5331830065419522,0.5332583151459761,0.00015061720804787626
1730173096.472399,0.5332540025,0.5331226375502411,0.5331883200251206,0.00013136494975884982
1730173097.475778,0.5332540025,0.5331226375502411,0.5331883200251206,0.00013136494975884982
1730173098.4785159,0.5332540025,0.5331226375502411,0.5331883200251206,0.00013136494975884982
1730173099.4817438,0.5332540025,0.5331226375502411,0.5331883200251206,0.00013136494975884982
1730173100.4848242,0.5332540025,0.5331226375502411,0.5331883200251206,0.00013136494975884982
1730173101.487196,0.5332540025,0.5331226375502411,0.5331883200251206,0.00013136494975884982
1730173102.4905548,0.5332540025,0.5331226375502411,0.5331883200251206,0.00013136494975884982
1730173103.4936802,0.5332540025,0.5331226375502411,0.5331883200251206,0.00013136494975884982
1730173104.496979,0.53310692875,0.533047503783599,0.5330772162667995,5.9424966400989376e-05
1730173105.5002172,0.53310692875,0.533047503783599,0.5330772162667995,5.9424966400989376e-05
1730173106.503563,0.53310692875,0.533047503783599,0.5330772162667995,5.9424966400989376e-05
1730173107.506879,0.53310692875,0.533047503783599,0.5330772162667995,5.9424966400989376e-05
1730173108.5101209,0.53310692875,0.533047503783599,0.5330772162667995,5.9424966400989376e-05
1730173109.513542,0.53310692875,0.533047503783599,0.5330772162667995,5.9424966400989376e-05
1730173110.5167282,0.53310692875,0.533047503783599,0.5330772162667995,5.9424966400989376e-05
1730173111.5199628,0.5331265075,0.533085885749888,0.533106196624944,4.0621750111990984e-05
1730173112.52303,0.5331265075,0.533085885749888,0.533106196624944,4.0621750111990984e-05
1730173113.526172,0.5331265075,0.533085885749888,0.533106196624944,4.0621750111990984e-05
1730173114.529496,0.5331265075,0.533085885749888,0.533106196624944,4.0621750111990984e-05
1730173115.5327559,0.5331265075,0.533085885749888,0.533106196624944,4.0621750111990984e-05
1730173116.5360682,0.5331265075,0.533085885749888,0.533106196624944,4.0621750111990984e-05
1730173117.5392709,0.5331265075,0.533085885749888,0.533106196624944,4.0621750111990984e-05
1730173118.542636,0.5331265075,0.533085885749888,0.533106196624944,4.0621750111990984e-05
1730173119.546358,0.53310693,0.5330074348336755,0.5330571824168377,9.94951663244592e-05
1730173120.5497978,0.53310693,0.5330074348336755,0.5330571824168377,9.94951663244592e-05
1730173121.553198,0.53310693,0.5330074348336755,0.5330571824168377,9.94951663244592e-05
1730173122.556295,0.53310693,0.5330074348336755,0.5330571824168377,9.94951663244592e-05
1730173123.559763,0.53310693,0.5330074348336755,0.5330571824168377,9.94951663244592e-05
1730173124.562897,0.53310693,0.5330074348336755,0.5330571824168377,9.94951663244592e-05
1730173125.566101,0.53310693,0.5330074348336755,0.5330571824168377,9.94951663244592e-05
1730173126.569483,0.53310693,0.5330074348336755,0.5330571824168377,9.94951663244592e-05
1730173127.572709,0.53310693,0.5330074348336755,0.5330571824168377,9.94951663244592e-05
1730173128.575946,0.533102725,0.5330074348336755,0.5330550799168378,9.529016632447984e-05
1730173129.5793018,0.533102725,0.5330074348336755,0.5330550799168378,9.529016632447984e-05
1730173130.582578,0.533102725,0.5330074348336755,0.5330550799168378,9.529016632447984e-05
1730173131.585995,0.533102725,0.5330074348336755,0.5330550799168378,9.529016632447984e-05
1730173132.58926,0.533102725,0.5330074348336755,0.5330550799168378,9.529016632447984e-05
1730173133.592557,0.53308819875,0.5330074348336755,0.5330478167918378,8.076391632449997e-05
1730173134.595834,0.53308819875,0.5330074348336755,0.5330478167918378,8.076391632449997e-05
1730173135.599206,0.53308819875,0.5330074348336755,0.5330478167918378,8.076391632449997e-05
1730173136.6025019,0.53308819875,0.5330074348336755,0.5330478167918378,8.076391632449997e-05
1730173137.6058948,0.53308819875,0.5330074348336755,0.5330478167918378,8.076391632449997e-05
1730173138.609292,0.53308819875,0.5330074348336755,0.5330478167918378,8.076391632449997e-05
1730173139.612552,0.53308819875,0.5330074348336755,0.5330478167918378,8.076391632449997e-05
1730173140.615792,0.53308819875,0.5330074348336755,0.5330478167918378,8.076391632449997e-05
1730173141.619179,0.53308819875,0.5330074348336755,0.5330478167918378,8.076391632449997e-05
1730173142.622155,0.53308820125,0.5329669594151989,0.5330275803325994,0.00012124183480111128
1730173143.624692,0.53308820125,0.5329669594151989,0.5330275803325994,0.00012124183480111128
1730173144.6281521,0.53308820125,0.5329669594151989,0.5330275803325994,0.00012124183480111128
1730173145.631575,0.53308820125,0.5329669594151989,0.5330275803325994,0.00012124183480111128
1730173146.6348312,0.53308820125,0.5329669594151989,0.5330275803325994,0.00012124183480111128
1730173147.63811,0.53308820125,0.5329669594151989,0.5330275803325994,0.00012124183480111128
1730173148.641293,0.53308820125,0.5329669594151989,0.5330275803325994,0.00012124183480111128
1730173149.644694,0.53308820125,0.5329669594151989,0.5330275803325994,0.00012124183480111128
1730173150.6483378,0.533082885,0.5330020486336708,0.5330424668168354,8.083636632916225e-05
1730173151.651666,0.533082885,0.5330020486336708,0.5330424668168354,8.083636632916225e-05
1730173152.654173,0.533082885,0.5330020486336708,0.5330424668168354,8.083636632916225e-05
1730173153.657184,0.533082885,0.5330020486336708,0.5330424668168354,8.083636632916225e-05
1730173154.660317,0.533082885,0.5330020486336708,0.5330424668168354,8.083636632916225e-05
1730173155.663389,0.533082885,0.5330020486336708,0.5330424668168354,8.083636632916225e-05
1730173156.6667662,0.533082885,0.5330020486336708,0.5330424668168354,8.083636632916225e-05
1730173157.670169,0.533082885,0.5330020486336708,0.5330424668168354,8.083636632916225e-05
1730173158.673395,0.533082885,0.5330020486336708,0.5330424668168354,8.083636632916225e-05
1730173159.676716,0.53308288625,0.533243557247254,0.5331632217486271,-0.000160670997254031
1730173160.680077,0.53308288625,0.533243557247254,0.5331632217486271,-0.000160670997254031
1730173161.683363,0.53308288625,0.533243557247254,0.5331632217486271,-0.000160670997254031
1730173162.686599,0.53308288625,0.533243557247254,0.5331632217486271,-0.000160670997254031
1730173163.689846,0.53308288625,0.533243557247254,0.5331632217486271,-0.000160670997254031
1730173164.6931882,0.53308288625,0.533243557247254,0.5331632217486271,-0.000160670997254031
1730173165.6960351,0.53313511,0.5332074361572106,0.5331712730786053,-7.232615721053381e-05
1730173166.69924,0.53313511,0.5332074361572106,0.5331712730786053,-7.232615721053381e-05
1730173167.702568,0.53313511,0.5332074361572106,0.5331712730786053,-7.232615721053381e-05
1730173168.705886,0.53313511,0.5332074361572106,0.5331712730786053,-7.232615721053381e-05
1730173169.709229,0.53313511,0.5332074361572106,0.5331712730786053,-7.232615721053381e-05
1730173170.7126458,0.53313511,0.5332074361572106,0.5331712730786053,-7.232615721053381e-05
1730173171.716057,0.53313511,0.5332074361572106,0.5331712730786053,-7.232615721053381e-05
1730173172.719171,0.53313511,0.5332074361572106,0.5331712730786053,-7.232615721053381e-05
1730173173.722616,0.53313511,0.5332074361572106,0.5331712730786053,-7.232615721053381e-05
1730173174.7259068,0.53306204,0.533001027091956,0.533031533545978,6.101290804405579e-05
1730173175.729015,0.53306204,0.533001027091956,0.533031533545978,6.101290804405579e-05
1730173176.732189,0.53306204,0.533001027091956,0.533031533545978,6.101290804405579e-05
1730173177.7350469,0.53306204,0.533001027091956,0.533031533545978,6.101290804405579e-05
1730173178.7382011,0.53306204,0.533001027091956,0.533031533545978,6.101290804405579e-05
1730173179.741505,0.53306204,0.533001027091956,0.533031533545978,6.101290804405579e-05
1730173180.744847,0.53306204,0.533001027091956,0.533031533545978,6.101290804405579e-05
1730173181.748266,0.53306204,0.533001027091956,0.533031533545978,6.101290804405579e-05
1730173182.751607,0.5330620562499999,0.5329958019421466,0.5330289290960732,6.625430785334174e-05
1730173183.754865,0.5330620562499999,0.5329958019421466,0.5330289290960732,6.625430785334174e-05
1730173184.7581491,0.5330620562499999,0.5329958019421466,0.5330289290960732,6.625430785334174e-05
1730173185.7614532,0.5330620562499999,0.5329958019421466,0.5330289290960732,6.625430785334174e-05
1730173186.7645519,0.533064285,0.5329926788575432,0.5330284819287716,7.160614245682595e-05
1730173187.767762,0.533064285,0.5329926788575432,0.5330284819287716,7.160614245682595e-05
1730173188.7711492,0.533064285,0.5329926788575432,0.5330284819287716,7.160614245682595e-05
1730173189.7741508,0.533064285,0.5329926788575432,0.5330284819287716,7.160614245682595e-05
1730173190.7773361,0.533064285,0.5329926788575432,0.5330284819287716,7.160614245682595e-05
1730173191.780666,0.533064285,0.5329926788575432,0.5330284819287716,7.160614245682595e-05
1730173192.784091,0.533064285,0.5329926788575432,0.5330284819287716,7.160614245682595e-05
1730173193.78736,0.533064285,0.5329926788575432,0.5330284819287716,7.160614245682595e-05
1730173194.790663,0.5330575925000001,0.5330074341349694,0.5330325133174847,5.0158365030639196e-05
1730173195.793746,0.5330575925000001,0.5330074341349694,0.5330325133174847,5.0158365030639196e-05
1730173196.797089,0.5330575925000001,0.5330074341349694,0.5330325133174847,5.0158365030639196e-05
1730173197.800462,0.5330575925000001,0.5330074341349694,0.5330325133174847,5.0158365030639196e-05
1730173198.803833,0.5330575925000001,0.5330074341349694,0.5330325133174847,5.0158365030639196e-05
1730173199.807055,0.5330575925000001,0.5330074341349694,0.5330325133174847,5.0158365030639196e-05
1730173200.810334,0.5330575925000001,0.5330074341349694,0.5330325133174847,5.0158365030639196e-05
1730173201.813681,0.5330575925000001,0.5330074341349694,0.5330325133174847,5.0158365030639196e-05
1730173202.816706,0.5330575925000001,0.5330074341349694,0.5330325133174847,5.0158365030639196e-05
1730173203.82,0.532984915,0.5330074341349694,0.5329961745674847,-2.251913496942315e-05
1730173204.823394,0.532984915,0.5330074341349694,0.5329961745674847,-2.251913496942315e-05
1730173205.8268108,0.532984915,0.5330074341349694,0.5329961745674847,-2.251913496942315e-05
1730173206.830094,0.532984915,0.5330074341349694,0.5329961745674847,-2.251913496942315e-05
1730173207.833436,0.532984915,0.5330074341349694,0.5329961745674847,-2.251913496942315e-05
1730173208.836907,0.532984915,0.5330074341349694,0.5329961745674847,-2.251913496942315e-05
1730173209.840331,0.53298491625,0.5330074341349694,0.5329961751924848,-2.2517884969430746e-05
1730173210.843605,0.53298491625,0.5330074341349694,0.5329961751924848,-2.2517884969430746e-05
1730173211.846894,0.53298491625,0.5330074341349694,0.5329961751924848,-2.2517884969430746e-05
1730173212.849636,0.53298491625,0.5330074341349694,0.5329961751924848,-2.2517884969430746e-05
1730173213.853024,0.53298491625,0.5330074341349694,0.5329961751924848,-2.2517884969430746e-05
1730173214.856221,0.53298491625,0.5330074341349694,0.5329961751924848,-2.2517884969430746e-05
1730173215.859508,0.53298491625,0.5330074341349694,0.5329961751924848,-2.2517884969430746e-05
1730173216.862946,0.53298491625,0.5330074341349694,0.5329961751924848,-2.2517884969430746e-05
1730173217.8662772,0.53298491625,0.5330074341349694,0.5329961751924848,-2.2517884969430746e-05
1730173218.8695931,0.53298491625,0.5330074341349694,0.5329961751924848,-2.2517884969430746e-05
1730173219.873038,0.53298491625,0.5330074341349694,0.5329961751924848,-2.2517884969430746e-05
1730173220.876425,0.53298491625,0.5330074341349694,0.5329961751924848,-2.2517884969430746e-05
1730173221.8798962,0.53298491625,0.5330074341349694,0.5329961751924848,-2.2517884969430746e-05
1730173222.88313,0.53298491625,0.5330074341349694,0.5329961751924848,-2.2517884969430746e-05
1730173223.8864992,0.53294951125,0.5329074330394079,0.532928472144704,4.207821059210026e-05
1730173224.8897312,0.53294951125,0.5329074330394079,0.532928472144704,4.207821059210026e-05
1730173225.892997,0.53294951125,0.5329074330394079,0.532928472144704,4.207821059210026e-05
1730173226.896234,0.53294951125,0.5329074330394079,0.532928472144704,4.207821059210026e-05
1730173227.899631,0.53294951125,0.5329074330394079,0.532928472144704,4.207821059210026e-05
1730173228.903098,0.53294951125,0.5329074330394079,0.532928472144704,4.207821059210026e-05
1730173229.9064178,0.53294951125,0.5329074330394079,0.532928472144704,4.207821059210026e-05
1730173230.909872,0.53294951125,0.5329074330394079,0.532928472144704,4.207821059210026e-05
1730173231.913188,0.5329206525,0.5327862623361849,0.5328534574180924,0.00013439016381511237
1730173232.91618,0.5329206525,0.5327862623361849,0.5328534574180924,0.00013439016381511237
1730173233.919007,0.5329206525,0.5327862623361849,0.5328534574180924,0.00013439016381511237
1730173234.922225,0.5329206525,0.5327862623361849,0.5328534574180924,0.00013439016381511237
1730173235.9254699,0.5329206525,0.5327862623361849,0.5328534574180924,0.00013439016381511237
1730173236.92909,0.5329206525,0.5327862623361849,0.5328534574180924,0.00013439016381511237
1730173237.9323342,0.5329206525,0.5327862623361849,0.5328534574180924,0.00013439016381511237
1730173238.93554,0.53287169375,0.5327074314596228,0.5327895626048114,0.00016426229037713735
1730173239.938731,0.53287169375,0.5327074314596228,0.5327895626048114,0.00016426229037713735
1730173240.941953,0.53287169375,0.5327074314596228,0.5327895626048114,0.00016426229037713735
1730173241.945278,0.53287169375,0.5327074314596228,0.5327895626048114,0.00016426229037713735
1730173242.948695,0.53287169375,0.5327074314596228,0.5327895626048114,0.00016426229037713735
1730173243.9520588,0.53287169375,0.5327074314596228,0.5327895626048114,0.00016426229037713735
1730173244.955391,0.53287169375,0.5327074314596228,0.5327895626048114,0.00016426229037713735
1730173245.9586859,0.53287169375,0.5326893131558813,0.5327805034529407,0.00018238059411868068
1730173246.962126,0.53287169375,0.5326893131558813,0.5327805034529407,0.00018238059411868068
1730173247.9653618,0.53287169375,0.5326893131558813,0.5327805034529407,0.00018238059411868068
1730173248.968343,0.53287169375,0.5326893131558813,0.5327805034529407,0.00018238059411868068
1730173249.9716501,0.53287169375,0.5326893131558813,0.5327805034529407,0.00018238059411868068
1730173250.9748092,0.53287169375,0.5326893131558813,0.5327805034529407,0.00018238059411868068
1730173251.978217,0.53287169375,0.5326893131558813,0.5327805034529407,0.00018238059411868068
1730173252.981399,0.53287169375,0.5326893131558813,0.5327805034529407,0.00018238059411868068
1730173253.984875,0.53287169375,0.5326494438657835,0.5327605688078918,0.0002222498842164855
1730173254.9882429,0.53287169375,0.5326494438657835,0.5327605688078918,0.0002222498842164855
1730173255.991421,0.53287169375,0.5326494438657835,0.5327605688078918,0.0002222498842164855
1730173256.994497,0.53287169375,0.5326494438657835,0.5327605688078918,0.0002222498842164855
1730173257.997817,0.53287169375,0.5326494438657835,0.5327605688078918,0.0002222498842164855
1730173259.001333,0.53287169375,0.5326494438657835,0.5327605688078918,0.0002222498842164855
1730173260.004697,0.53287169375,0.5326494438657835,0.5327605688078918,0.0002222498842164855
1730173261.007999,0.53274435625,0.5326948809519069,0.5327196186009535,4.9475298093182296e-05
1730173262.01106,0.53274435625,0.5326948809519069,0.5327196186009535,4.9475298093182296e-05
1730173263.014076,0.53274435625,0.5326948809519069,0.5327196186009535,4.9475298093182296e-05
1730173264.017334,0.53274435625,0.5326948809519069,0.5327196186009535,4.9475298093182296e-05
1730173265.020424,0.53274435625,0.5326948809519069,0.5327196186009535,4.9475298093182296e-05
1730173266.0238872,0.53274435625,0.5326948809519069,0.5327196186009535,4.9475298093182296e-05
1730173267.027355,0.53274435625,0.5326948809519069,0.5327196186009535,4.9475298093182296e-05
1730173268.030901,0.53274435625,0.5326948809519069,0.5327196186009535,4.9475298093182296e-05
1730173269.0343418,0.53274435625,0.5326948809519069,0.5327196186009535,4.9475298093182296e-05
1730173270.037524,0.53274435625,0.5326948809519069,0.5327196186009535,4.9475298093182296e-05
1730173271.040778,0.5327149575,0.5325058653380434,0.5326104114190218,0.00020909216195652558
1730173272.0444102,0.5327149575,0.5325058653380434,0.5326104114190218,0.00020909216195652558
1730173273.0469382,0.5327149575,0.5325058653380434,0.5326104114190218,0.00020909216195652558
1730173274.050291,0.5327149575,0.5325058653380434,0.5326104114190218,0.00020909216195652558
1730173275.053613,0.5327149575,0.5325058653380434,0.5326104114190218,0.00020909216195652558
1730173276.057813,0.5327149575,0.5325058653380434,0.5326104114190218,0.00020909216195652558
1730173277.062159,0.53269509125,0.5326401184761625,0.5326676048630813,5.497277383748056e-05
1730173278.066445,0.53269509125,0.5326401184761625,0.5326676048630813,5.497277383748056e-05
1730173279.070944,0.53269509125,0.5326401184761625,0.5326676048630813,5.497277383748056e-05
1730173280.07531,0.53269509125,0.5326401184761625,0.5326676048630813,5.497277383748056e-05
1730173281.079662,0.53269509125,0.5326401184761625,0.5326676048630813,5.497277383748056e-05
1730173282.083974,0.53269041125,0.5324401101504002,0.5325652607002,0.0002503010995998922
1730173283.08812,0.53269041125,0.5324401101504002,0.5325652607002,0.0002503010995998922
1730173284.0925171,0.53269041125,0.5324401101504002,0.5325652607002,0.0002503010995998922
1730173285.096834,0.53269041125,0.5324401101504002,0.5325652607002,0.0002503010995998922
1730173286.101147,0.53269041125,0.5324401101504002,0.5325652607002,0.0002503010995998922
1730173287.1054,0.53269041125,0.5324401101504002,0.5325652607002,0.0002503010995998922
1730173288.109731,0.53269041125,0.5324401101504002,0.5325652607002,0.0002503010995998922
1730173289.114027,0.53269041125,0.5324401101504002,0.5325652607002,0.0002503010995998922
1730173290.1182249,0.53269041125,0.5324401101504002,0.5325652607002,0.0002503010995998922
1730173291.122447,0.53258074,0.5323940804293098,0.5324874102146548,0.00018665957069019523
1730173292.125531,0.53258074,0.5323940804293098,0.5324874102146548,0.00018665957069019523
1730173293.1286342,0.53258074,0.5323940804293098,0.5324874102146548,0.00018665957069019523
1730173294.1330812,0.53258074,0.5323940804293098,0.5324874102146548,0.00018665957069019523
1730173295.137384,0.53258074,0.5323940804293098,0.5324874102146548,0.00018665957069019523
1730173296.141751,0.53258074,0.5323940804293098,0.5324874102146548,0.00018665957069019523
1730173297.145967,0.53257059,0.5323033562086097,0.5324369731043048,0.0002672337913902645
1730173298.15027,0.53257059,0.5323033562086097,0.5324369731043048,0.0002672337913902645
1730173299.1546052,0.53257059,0.5323033562086097,0.5324369731043048,0.0002672337913902645
1730173300.158875,0.53257059,0.5323033562086097,0.5324369731043048,0.0002672337913902645
1730173301.163101,0.53257059,0.5323033562086097,0.5324369731043048,0.0002672337913902645
1730173302.167381,0.53257059,0.5323033562086097,0.5324369731043048,0.0002672337913902645
1730173303.171662,0.532472965,0.5322207274996789,0.5323468462498394,0.00025223750032110637
1730173304.175919,0.532472965,0.5322207274996789,0.5323468462498394,0.00025223750032110637
1730173305.1803079,0.532472965,0.5322207274996789,0.5323468462498394,0.00025223750032110637
1730173306.184702,0.532472965,0.5322207274996789,0.5323468462498394,0.00025223750032110637
1730173307.1890209,0.532472965,0.5322207274996789,0.5323468462498394,0.00025223750032110637
1730173308.193394,0.532472965,0.5322207274996789,0.5323468462498394,0.00025223750032110637
1730173309.1978161,0.5325414374999999,0.5320844267610347,0.5323129321305173,0.0004570107389652023
1730173310.202239,0.5325414374999999,0.5320844267610347,0.5323129321305173,0.0004570107389652023
1730173311.206395,0.5325414374999999,0.5320844267610347,0.5323129321305173,0.0004570107389652023
1730173312.2106209,0.5325414374999999,0.5320844267610347,0.5323129321305173,0.0004570107389652023
1730173313.2149,0.5325414374999999,0.5320844267610347,0.5323129321305173,0.0004570107389652023
1730173314.218977,0.5325414374999999,0.5320844267610347,0.5323129321305173,0.0004570107389652023
1730173315.223029,0.53245213625,0.5321074239791072,0.5322797801145536,0.00034471227089283296
1730173316.227339,0.53245213625,0.5321074239791072,0.5322797801145536,0.00034471227089283296
1730173317.23162,0.53245213625,0.5321074239791072,0.5322797801145536,0.00034471227089283296
1730173318.235874,0.53245213625,0.5321074239791072,0.5322797801145536,0.00034471227089283296
1730173319.240493,0.53245213625,0.5321074239791072,0.5322797801145536,0.00034471227089283296
1730173320.244606,0.5326957225000001,0.532377430027993,0.5325365762639965,0.00031829247200709787
1730173321.248551,0.5326957225000001,0.532377430027993,0.5325365762639965,0.00031829247200709787
1730173322.252835,0.5326957225000001,0.532377430027993,0.5325365762639965,0.00031829247200709787
1730173323.256487,0.5326957225000001,0.532377430027993,0.5325365762639965,0.00031829247200709787
1730173324.26077,0.5326957225000001,0.532377430027993,0.5325365762639965,0.00031829247200709787
1730173325.2644632,0.5326957225000001,0.532377430027993,0.5325365762639965,0.00031829247200709787
1730173326.268723,0.532636025,0.5323204841265385,0.5324782545632692,0.00031554087346141735
1730173327.2730849,0.532636025,0.5323204841265385,0.5324782545632692,0.00031554087346141735
1730173328.277308,0.532636025,0.5323204841265385,0.5324782545632692,0.00031554087346141735
1730173329.281663,0.532636025,0.5323204841265385,0.5324782545632692,0.00031554087346141735
1730173330.286099,0.532636025,0.5323204841265385,0.5324782545632692,0.00031554087346141735
1730173331.289984,0.53255186875,0.5322582753427881,0.5324050720463941,0.00029359340721191174
1730173332.294312,0.53255186875,0.5322582753427881,0.5324050720463941,0.00029359340721191174
1730173333.2986372,0.53255186875,0.5322582753427881,0.5324050720463941,0.00029359340721191174
1730173334.3029919,0.53255186875,0.5322582753427881,0.5324050720463941,0.00029359340721191174
1730173335.3069818,0.53255186875,0.5322582753427881,0.5324050720463941,0.00029359340721191174
1730173336.311368,0.53255186875,0.5322582753427881,0.5324050720463941,0.00029359340721191174
1730173337.315834,0.53255186875,0.5322582753427881,0.5324050720463941,0.00029359340721191174
1730173338.320107,0.53255186875,0.5322582753427881,0.5324050720463941,0.00029359340721191174
1730173339.324503,0.53255186875,0.5322582753427881,0.5324050720463941,0.00029359340721191174
1730173340.328693,0.53255186875,0.5322582753427881,0.5324050720463941,0.00029359340721191174
1730173341.332392,0.53255186875,0.5322582753427881,0.5324050720463941,0.00029359340721191174
1730173342.3367062,0.5324828275,0.532395835318206,0.5324393314091029,8.699218179397672e-05
1730173343.341067,0.5324828275,0.532395835318206,0.5324393314091029,8.699218179397672e-05
1730173344.346404,0.5324828275,0.532395835318206,0.5324393314091029,8.699218179397672e-05
1730173345.350649,0.5324828275,0.532395835318206,0.5324393314091029,8.699218179397672e-05
1730173346.35517,0.5324828275,0.532395835318206,0.5324393314091029,8.699218179397672e-05
1730173347.359175,0.5324828275,0.532395835318206,0.5324393314091029,8.699218179397672e-05
1730173348.36345,0.53248695375,0.5324280614168342,0.532457507583417,5.889233316580533e-05
1730173349.36782,0.53248695375,0.5324280614168342,0.532457507583417,5.889233316580533e-05
1730173350.37217,0.53248695375,0.5324280614168342,0.532457507583417,5.889233316580533e-05
1730173351.375224,0.53248695375,0.5324280614168342,0.532457507583417,5.889233316580533e-05
1730173352.378276,0.53248695375,0.5324280614168342,0.532457507583417,5.889233316580533e-05
1730173353.3813581,0.53248695375,0.5324280614168342,0.532457507583417,5.889233316580533e-05
1730173354.3856251,0.53248695375,0.5324280614168342,0.532457507583417,5.889233316580533e-05
1730173355.3894348,0.53253246,0.5323617034984448,0.5324470817492224,0.0001707565015551804
1730173356.393754,0.53253246,0.5323617034984448,0.5324470817492224,0.0001707565015551804
1730173357.3981829,0.53253246,0.5323617034984448,0.5324470817492224,0.0001707565015551804
1730173358.402242,0.53253246,0.5323617034984448,0.5324470817492224,0.0001707565015551804
1730173359.406174,0.53253246,0.5323617034984448,0.5324470817492224,0.0001707565015551804
1730173360.4101691,0.53253246,0.5323617034984448,0.5324470817492224,0.0001707565015551804
1730173361.413187,0.53253246,0.5323617034984448,0.5324470817492224,0.0001707565015551804
1730173362.41778,0.53253246,0.5323617034984448,0.5324470817492224,0.0001707565015551804
1730173363.421921,0.53253246,0.5323617034984448,0.5324470817492224,0.0001707565015551804
1730173364.426282,0.53253246,0.5323617034984448,0.5324470817492224,0.0001707565015551804
1730173365.430464,0.5324557275,0.5323445053961461,0.5324001164480731,0.00011122210385394737
1730173366.434859,0.5324557275,0.5323445053961461,0.5324001164480731,0.00011122210385394737
1730173367.4393768,0.5324557275,0.5323445053961461,0.5324001164480731,0.00011122210385394737
1730173368.443679,0.5324557275,0.5323445053961461,0.5324001164480731,0.00011122210385394737
1730173369.448027,0.5324557275,0.5323445053961461,0.5324001164480731,0.00011122210385394737
1730173370.452914,0.5324557275,0.5323445053961461,0.5324001164480731,0.00011122210385394737
1730173371.456002,0.5324557275,0.5323445053961461,0.5324001164480731,0.00011122210385394737
1730173372.4603689,0.5324557275,0.5323445053961461,0.5324001164480731,0.00011122210385394737
1730173373.4646962,0.5324557275,0.5323445053961461,0.5324001164480731,0.00011122210385394737
1730173374.468853,0.53233632375,0.5318973951203503,0.5321168594351751,0.00043892862964967083
1730173375.47262,0.53233632375,0.5318973951203503,0.5321168594351751,0.00043892862964967083
1730173376.4768078,0.53233632375,0.5318973951203503,0.5321168594351751,0.00043892862964967083
1730173377.480891,0.53233632375,0.5318973951203503,0.5321168594351751,0.00043892862964967083
1730173378.4875462,0.53233632375,0.5318973951203503,0.5321168594351751,0.00043892862964967083
1730173379.492327,0.53233632375,0.5318973951203503,0.5321168594351751,0.00043892862964967083
1730173380.497298,0.53208758,0.5319014928350079,0.5319945364175039,0.00018608716499213251
1730173381.501653,0.53208758,0.5319014928350079,0.5319945364175039,0.00018608716499213251
1730173382.505692,0.53208758,0.5319014928350079,0.5319945364175039,0.00018608716499213251
1730173383.5090718,0.53208758,0.5319014928350079,0.5319945364175039,0.00018608716499213251
1730173384.513283,0.53208758,0.5319014928350079,0.5319945364175039,0.00018608716499213251
1730173385.517028,0.531987375,0.531845222078901,0.5319162985394505,0.0001421529210990924
1730173386.521491,0.531987375,0.531845222078901,0.5319162985394505,0.0001421529210990924
1730173387.5257962,0.531987375,0.531845222078901,0.5319162985394505,0.0001421529210990924
1730173388.530101,0.531987375,0.531845222078901,0.5319162985394505,0.0001421529210990924
1730173389.533182,0.531987375,0.531845222078901,0.5319162985394505,0.0001421529210990924
1730173390.5373912,0.531987375,0.531845222078901,0.5319162985394505,0.0001421529210990924
1730173391.5414479,0.531987375,0.531845222078901,0.5319162985394505,0.0001421529210990924
1730173392.545602,0.531987375,0.531845222078901,0.5319162985394505,0.0001421529210990924
1730173393.549907,0.531987375,0.531845222078901,0.5319162985394505,0.0001421529210990924
1730173394.554136,0.531987375,0.531845222078901,0.5319162985394505,0.0001421529210990924
1730173395.5577521,0.53191759875,0.5318202077951203,0.5318689032725601,9.739095487970584e-05
1730173396.5620952,0.53191759875,0.5318202077951203,0.5318689032725601,9.739095487970584e-05
1730173397.566463,0.53191759875,0.5318202077951203,0.5318689032725601,9.739095487970584e-05
1730173398.5703738,0.53191759875,0.5318202077951203,0.5318689032725601,9.739095487970584e-05
1730173399.574738,0.53191759875,0.5318202077951203,0.5318689032725601,9.739095487970584e-05
1730173400.579071,0.53191759875,0.5318202077951203,0.5318689032725601,9.739095487970584e-05
1730173401.582407,0.53191759875,0.5318202077951203,0.5318689032725601,9.739095487970584e-05
1730173402.5865312,0.53191759875,0.5318202077951203,0.5318689032725601,9.739095487970584e-05
1730173403.590566,0.53191759875,0.5318202077951203,0.5318689032725601,9.739095487970584e-05
1730173404.5947862,0.5319153424999999,0.5318741411587419,0.5318947418293709,4.120134125806807e-05
1730173405.5986402,0.5319153424999999,0.5318741411587419,0.5318947418293709,4.120134125806807e-05
1730173406.606061,0.5319153424999999,0.5318741411587419,0.5318947418293709,4.120134125806807e-05
1730173407.610487,0.5319153424999999,0.5318741411587419,0.5318947418293709,4.120134125806807e-05
1730173408.61474,0.5319153424999999,0.5318741411587419,0.5318947418293709,4.120134125806807e-05
1730173409.6193779,0.5319153424999999,0.5318741411587419,0.5318947418293709,4.120134125806807e-05
1730173410.6238022,0.5319153424999999,0.5318741411587419,0.5318947418293709,4.120134125806807e-05
1730173411.627923,0.53189520375,0.5315929751369207,0.5317440894434604,0.0003022286130792695
1730173412.632187,0.53189520375,0.5315929751369207,0.5317440894434604,0.0003022286130792695
1730173413.6360378,0.53189520375,0.5315929751369207,0.5317440894434604,0.0003022286130792695
1730173414.638894,0.53189520375,0.5315929751369207,0.5317440894434604,0.0003022286130792695
1730173415.642596,0.53189520375,0.5315929751369207,0.5317440894434604,0.0003022286130792695
1730173416.646864,0.53189520375,0.5315929751369207,0.5317440894434604,0.0003022286130792695
1730173417.650878,0.53189520375,0.5315929751369207,0.5317440894434604,0.0003022286130792695
1730173418.655166,0.53189520375,0.5315929751369207,0.5317440894434604,0.0003022286130792695
1730173419.6595142,0.53189520375,0.5315929751369207,0.5317440894434604,0.0003022286130792695
1730173420.663737,0.531824785,0.531613743759908,0.531719264379954,0.00021104124009196923
1730173421.667831,0.531824785,0.531613743759908,0.531719264379954,0.00021104124009196923
1730173422.671819,0.531824785,0.531613743759908,0.531719264379954,0.00021104124009196923
1730173423.6761248,0.531824785,0.531613743759908,0.531719264379954,0.00021104124009196923
1730173424.6803122,0.531824785,0.531613743759908,0.531719264379954,0.00021104124009196923
1730173425.6839921,0.53186971375,0.531769282597875,0.5318194981739375,0.00010043115212499121
1730173426.68833,0.53186971375,0.531769282597875,0.5318194981739375,0.00010043115212499121
1730173427.692511,0.53186971375,0.531769282597875,0.5318194981739375,0.00010043115212499121
1730173428.6968389,0.53186971375,0.531769282597875,0.5318194981739375,0.00010043115212499121
1730173429.701195,0.53186971375,0.531769282597875,0.5318194981739375,0.00010043115212499121
1730173430.7055721,0.53186971375,0.531769282597875,0.5318194981739375,0.00010043115212499121
1730173431.709773,0.53186971375,0.531769282597875,0.5318194981739375,0.00010043115212499121
1730173432.7143009,0.53186971375,0.531769282597875,0.5318194981739375,0.00010043115212499121
1730173433.718345,0.53186971375,0.531769282597875,0.5318194981739375,0.00010043115212499121
1730173434.722728,0.53186971375,0.531769282597875,0.5318194981739375,0.00010043115212499121
1730173435.7263758,0.53186971375,0.531769282597875,0.5318194981739375,0.00010043115212499121
1730173436.730768,0.53186971375,0.531769282597875,0.5318194981739375,0.00010043115212499121
1730173437.734774,0.53190540125,0.5318907552724367,0.5318980782612184,1.4645977563287893e-05
1730173438.739241,0.53190540125,0.5318907552724367,0.5318980782612184,1.4645977563287893e-05
1730173439.743668,0.53190540125,0.5318907552724367,0.5318980782612184,1.4645977563287893e-05
1730173440.74776,0.53190540125,0.5318907552724367,0.5318980782612184,1.4645977563287893e-05
1730173441.752212,0.53190540125,0.5318907552724367,0.5318980782612184,1.4645977563287893e-05
1730173442.754878,0.53190540125,0.5318907552724367,0.5318980782612184,1.4645977563287893e-05
1730173443.7583392,0.53193138125,0.532072760161755,0.5320020707058775,-0.00014137891175503015
1730173444.762788,0.53193138125,0.532072760161755,0.5320020707058775,-0.00014137891175503015
1730173445.766695,0.53193138125,0.532072760161755,0.5320020707058775,-0.00014137891175503015
1730173446.7697542,0.53193138125,0.532072760161755,0.5320020707058775,-0.00014137891175503015
1730173447.774107,0.53193138125,0.532072760161755,0.5320020707058775,-0.00014137891175503015
1730173448.7784388,0.53193138125,0.532072760161755,0.5320020707058775,-0.00014137891175503015
1730173449.782729,0.53193138125,0.532072760161755,0.5320020707058775,-0.00014137891175503015
1730173450.786316,0.53199666875,0.5320015690332608,0.5319991188916304,-4.900283260833582e-06
1730173451.790545,0.53199666875,0.5320015690332608,0.5319991188916304,-4.900283260833582e-06
1730173452.7945652,0.53199666875,0.5320015690332608,0.5319991188916304,-4.900283260833582e-06
1730173453.798815,0.53199666875,0.5320015690332608,0.5319991188916304,-4.900283260833582e-06
1730173454.8029451,0.53199666875,0.5320015690332608,0.5319991188916304,-4.900283260833582e-06
1730173455.805942,0.53199666875,0.5320015690332608,0.5319991188916304,-4.900283260833582e-06
1730173456.810266,0.53199666875,0.5320015690332608,0.5319991188916304,-4.900283260833582e-06
1730173457.814707,0.53199666875,0.5320015690332608,0.5319991188916304,-4.900283260833582e-06
1730173458.819009,0.53187877375,0.5318625590076854,0.5318706663788427,1.6214742314613062e-05
1730173459.823293,0.53187877375,0.5318625590076854,0.5318706663788427,1.6214742314613062e-05
1730173460.8276548,0.53187877375,0.5318625590076854,0.5318706663788427,1.6214742314613062e-05
1730173461.831918,0.53187877375,0.5318625590076854,0.5318706663788427,1.6214742314613062e-05
1730173462.836195,0.53187877375,0.5318625590076854,0.5318706663788427,1.6214742314613062e-05
1730173463.840499,0.53187877375,0.5318625590076854,0.5318706663788427,1.6214742314613062e-05
1730173464.844911,0.53187947375,0.5317161844623526,0.5317978291061762,0.0001632892876474168
1730173465.849092,0.53187947375,0.5317161844623526,0.5317978291061762,0.0001632892876474168
1730173466.853531,0.53187947375,0.5317161844623526,0.5317978291061762,0.0001632892876474168
1730173467.8578172,0.53187947375,0.5317161844623526,0.5317978291061762,0.0001632892876474168
1730173468.862139,0.53187947375,0.5317161844623526,0.5317978291061762,0.0001632892876474168
1730173469.866421,0.53187947375,0.5317161844623526,0.5317978291061762,0.0001632892876474168
1730173470.870754,0.531897345,0.5317001222809299,0.5317987336404649,0.00019722271907007816
1730173471.8752499,0.531897345,0.5317001222809299,0.5317987336404649,0.00019722271907007816
1730173472.879638,0.531897345,0.5317001222809299,0.5317987336404649,0.00019722271907007816
1730173473.883584,0.531897345,0.5317001222809299,0.5317987336404649,0.00019722271907007816
1730173474.887819,0.531897345,0.5317001222809299,0.5317987336404649,0.00019722271907007816
1730173475.8915899,0.531897345,0.5317001222809299,0.5317987336404649,0.00019722271907007816
1730173476.895809,0.5318950525,0.531699838126977,0.5317974453134885,0.000195214373023056
1730173477.900016,0.5318950525,0.531699838126977,0.5317974453134885,0.000195214373023056
1730173478.904275,0.5318950525,0.531699838126977,0.5317974453134885,0.000195214373023056
1730173479.908565,0.5318950525,0.531699838126977,0.5317974453134885,0.000195214373023056
1730173480.912856,0.5318950525,0.531699838126977,0.5317974453134885,0.000195214373023056
1730173481.917166,0.53187927375,0.5316253090642373,0.5317522914071187,0.0002539646857626643
1730173482.921241,0.53187927375,0.5316253090642373,0.5317522914071187,0.0002539646857626643
1730173483.92571,0.53187927375,0.5316253090642373,0.5317522914071187,0.0002539646857626643
1730173484.9281049,0.53187927375,0.5316253090642373,0.5317522914071187,0.0002539646857626643
1730173485.932081,0.53187927375,0.5316253090642373,0.5317522914071187,0.0002539646857626643
1730173486.9363232,0.53187927375,0.5316253090642373,0.5317522914071187,0.0002539646857626643
1730173487.940526,0.53187927375,0.5316253090642373,0.5317522914071187,0.0002539646857626643
1730173488.944797,0.53187927375,0.5316253090642373,0.5317522914071187,0.0002539646857626643
1730173489.949206,0.53187927375,0.5316253090642373,0.5317522914071187,0.0002539646857626643
1730173490.953705,0.53178979625,0.531500642688725,0.5316452194693625,0.0002891535612750129
1730173491.95808,0.53178979625,0.531500642688725,0.5316452194693625,0.0002891535612750129
1730173492.9624052,0.53178979625,0.531500642688725,0.5316452194693625,0.0002891535612750129
1730173493.966741,0.53178979625,0.531500642688725,0.5316452194693625,0.0002891535612750129
1730173494.971164,0.53178979625,0.531500642688725,0.5316452194693625,0.0002891535612750129
1730173495.975311,0.5316636575,0.5315008697841603,0.5315822636420802,0.0001627877158396629
1730173496.97958,0.5316636575,0.5315008697841603,0.5315822636420802,0.0001627877158396629
1730173497.9840682,0.5316636575,0.5315008697841603,0.5315822636420802,0.0001627877158396629
1730173498.9885519,0.5316636575,0.5315008697841603,0.5315822636420802,0.0001627877158396629
1730173499.992883,0.5316636575,0.5315008697841603,0.5315822636420802,0.0001627877158396629
1730173500.996715,0.5316636575,0.5315008697841603,0.5315822636420802,0.0001627877158396629
1730173502.001033,0.531683365,0.5314910839257092,0.5315872244628546,0.0001922810742908121
1730173503.0046542,0.531683365,0.5314910839257092,0.5315872244628546,0.0001922810742908121
1730173504.0088499,0.531683365,0.5314910839257092,0.5315872244628546,0.0001922810742908121
1730173505.0130188,0.531683365,0.5314910839257092,0.5315872244628546,0.0001922810742908121
1730173506.0177548,0.531683365,0.5314910839257092,0.5315872244628546,0.0001922810742908121
1730173507.0221272,0.531683365,0.5314910839257092,0.5315872244628546,0.0001922810742908121
1730173508.026505,0.531683365,0.5314910839257092,0.5315872244628546,0.0001922810742908121
1730173509.030862,0.531683365,0.5314910839257092,0.5315872244628546,0.0001922810742908121
1730173510.0354612,0.531683365,0.5314910839257092,0.5315872244628546,0.0001922810742908121
1730173511.039857,0.5317026100000001,0.5315760974885594,0.5316393537442797,0.00012651251144069064
1730173512.0441742,0.5317026100000001,0.5315760974885594,0.5316393537442797,0.00012651251144069064
1730173513.048598,0.5317026100000001,0.5315760974885594,0.5316393537442797,0.00012651251144069064
1730173514.0530849,0.5317026100000001,0.5315760974885594,0.5316393537442797,0.00012651251144069064
1730173515.0573921,0.5317026100000001,0.5315760974885594,0.5316393537442797,0.00012651251144069064
1730173516.061808,0.5317026100000001,0.5315760974885594,0.5316393537442797,0.00012651251144069064
1730173517.0656672,0.53162373875,0.5316943403708303,0.5316590395604152,-7.060162083027954e-05
1730173518.070209,0.53162373875,0.5316943403708303,0.5316590395604152,-7.060162083027954e-05
1730173519.074589,0.53162373875,0.5316943403708303,0.5316590395604152,-7.060162083027954e-05
1730173520.078838,0.53162373875,0.5316943403708303,0.5316590395604152,-7.060162083027954e-05
1730173521.083029,0.53162373875,0.5316943403708303,0.5316590395604152,-7.060162083027954e-05
1730173522.0874372,0.53162373875,0.5316943403708303,0.5316590395604152,-7.060162083027954e-05
1730173523.091428,0.5316887575,0.5317944732053024,0.5317416153526512,-0.00010571570530237828
1730173524.095884,0.5316887575,0.5317944732053024,0.5317416153526512,-0.00010571570530237828
1730173525.100267,0.5316887575,0.5317944732053024,0.5317416153526512,-0.00010571570530237828
1730173526.1047418,0.5316887575,0.5317944732053024,0.5317416153526512,-0.00010571570530237828
1730173527.1091561,0.5316887575,0.5317944732053024,0.5317416153526512,-0.00010571570530237828
1730173528.113117,0.5316887575,0.5317944732053024,0.5317416153526512,-0.00010571570530237828
1730173529.1174452,0.5316887575,0.5317944732053024,0.5317416153526512,-0.00010571570530237828
1730173530.121753,0.5317750075,0.5318088498284204,0.5317919286642101,-3.384232842040813e-05
1730173531.126173,0.5317750075,0.5318088498284204,0.5317919286642101,-3.384232842040813e-05
1730173532.1307452,0.5317750075,0.5318088498284204,0.5317919286642101,-3.384232842040813e-05
1730173533.134958,0.5317750075,0.5318088498284204,0.5317919286642101,-3.384232842040813e-05
1730173534.1393678,0.5317750075,0.5318088498284204,0.5317919286642101,-3.384232842040813e-05
1730173535.1442611,0.5317750075,0.5318088498284204,0.5317919286642101,-3.384232842040813e-05
1730173536.1485288,0.5317750075,0.5318088498284204,0.5317919286642101,-3.384232842040813e-05
1730173537.152759,0.5318062837499999,0.53186288678783,0.531834585268915,-5.660303783006082e-05
1730173538.1569338,0.5318062837499999,0.53186288678783,0.531834585268915,-5.660303783006082e-05
1730173539.161202,0.5318062837499999,0.53186288678783,0.531834585268915,-5.660303783006082e-05
1730173540.16561,0.5318062837499999,0.53186288678783,0.531834585268915,-5.660303783006082e-05
1730173541.169728,0.5318062837499999,0.53186288678783,0.531834585268915,-5.660303783006082e-05
1730173542.174019,0.5318062837499999,0.53186288678783,0.531834585268915,-5.660303783006082e-05
1730173543.1784651,0.5318062837499999,0.53186288678783,0.531834585268915,-5.660303783006082e-05
1730173544.1827898,0.5318062837499999,0.53186288678783,0.531834585268915,-5.660303783006082e-05
1730173545.187228,0.53181078,0.5318493296411225,0.5318300548205612,-3.8549641122487266e-05
1730173546.191621,0.53181078,0.5318493296411225,0.5318300548205612,-3.8549641122487266e-05
1730173547.1958551,0.53181078,0.5318493296411225,0.5318300548205612,-3.8549641122487266e-05
1730173548.200437,0.53181078,0.5318493296411225,0.5318300548205612,-3.8549641122487266e-05
1730173549.204886,0.53181078,0.5318493296411225,0.5318300548205612,-3.8549641122487266e-05
1730173550.210019,0.53181078,0.5318493296411225,0.5318300548205612,-3.8549641122487266e-05
1730173551.2141519,0.53181078,0.5318493296411225,0.5318300548205612,-3.8549641122487266e-05
1730173552.218667,0.53181078,0.5318493296411225,0.5318300548205612,-3.8549641122487266e-05
1730173553.2230458,0.5317924912499999,0.5320065361544992,0.5318995137022495,-0.0002140449044992776
1730173554.227214,0.5317924912499999,0.5320065361544992,0.5318995137022495,-0.0002140449044992776
1730173555.23145,0.5317924912499999,0.5320065361544992,0.5318995137022495,-0.0002140449044992776
1730173556.23571,0.5317924912499999,0.5320065361544992,0.5318995137022495,-0.0002140449044992776
1730173557.239964,0.5317924912499999,0.5320065361544992,0.5318995137022495,-0.0002140449044992776
1730173558.244422,0.5317924912499999,0.5320065361544992,0.5318995137022495,-0.0002140449044992776
1730173559.248986,0.5317924912499999,0.5320065361544992,0.5318995137022495,-0.0002140449044992776
1730173560.253696,0.5317924912499999,0.5320065361544992,0.5318995137022495,-0.0002140449044992776
1730173561.257971,0.5317007875,0.5319636466193604,0.5318322170596802,-0.0002628591193603036
1730173562.262273,0.5317007875,0.5319636466193604,0.5318322170596802,-0.0002628591193603036
1730173563.2657988,0.5317007875,0.5319636466193604,0.5318322170596802,-0.0002628591193603036
1730173564.27003,0.5317007875,0.5319636466193604,0.5318322170596802,-0.0002628591193603036
1730173565.274251,0.5317007875,0.5319636466193604,0.5318322170596802,-0.0002628591193603036
1730173566.2787251,0.5317007875,0.5319636466193604,0.5318322170596802,-0.0002628591193603036
1730173567.2832608,0.5317007875,0.5319636466193604,0.5318322170596802,-0.0002628591193603036
1730173568.287026,0.5317924912499999,0.5317681283778146,0.5317803098139073,2.4362872185323958e-05
1730173569.291252,0.5317924912499999,0.5317681283778146,0.5317803098139073,2.4362872185323958e-05
1730173570.295476,0.5317924912499999,0.5317681283778146,0.5317803098139073,2.4362872185323958e-05
1730173571.299437,0.5317924912499999,0.5317681283778146,0.5317803098139073,2.4362872185323958e-05
1730173572.302088,0.5317924912499999,0.5317681283778146,0.5317803098139073,2.4362872185323958e-05
1730173573.305504,0.5316924925,0.5317681283778146,0.5317303104389073,-7.563587781467263e-05
1730173574.3097029,0.5316924925,0.5317681283778146,0.5317303104389073,-7.563587781467263e-05
1730173575.31395,0.5316924925,0.5317681283778146,0.5317303104389073,-7.563587781467263e-05
1730173576.3186429,0.5316924925,0.5317681283778146,0.5317303104389073,-7.563587781467263e-05
1730173577.322956,0.5316924925,0.5317681283778146,0.5317303104389073,-7.563587781467263e-05
1730173578.327447,0.5316924925,0.5317681283778146,0.5317303104389073,-7.563587781467263e-05
1730173579.332012,0.5316924925,0.5317681283778146,0.5317303104389073,-7.563587781467263e-05
1730173580.336425,0.5316924925,0.5317681283778146,0.5317303104389073,-7.563587781467263e-05
1730173581.340723,0.5316924925,0.5317594822480475,0.5317259873740237,-6.69897480475301e-05
1730173582.345182,0.5316924925,0.5317594822480475,0.5317259873740237,-6.69897480475301e-05
1730173583.34934,0.5316924925,0.5317594822480475,0.5317259873740237,-6.69897480475301e-05
1730173584.353772,0.5316924925,0.5317594822480475,0.5317259873740237,-6.69897480475301e-05
1730173585.3581572,0.5316924925,0.5317594822480475,0.5317259873740237,-6.69897480475301e-05
1730173586.362367,0.5316924925,0.5317594822480475,0.5317259873740237,-6.69897480475301e-05
1730173587.3666592,0.5316924925,0.5317594822480475,0.5317259873740237,-6.69897480475301e-05
1730173588.3705971,0.5315313012499999,0.5315640029225308,0.5315476520862654,-3.270167253088818e-05
1730173589.3749309,0.5315313012499999,0.5315640029225308,0.5315476520862654,-3.270167253088818e-05
1730173590.379141,0.5315313012499999,0.5315640029225308,0.5315476520862654,-3.270167253088818e-05
1730173591.38347,0.5315313012499999,0.5315640029225308,0.5315476520862654,-3.270167253088818e-05
1730173592.387634,0.5315313012499999,0.5315640029225308,0.5315476520862654,-3.270167253088818e-05
1730173593.390561,0.53157781625,0.5315700461201684,0.5315739311850842,7.770129831552453e-06
1730173594.394667,0.53157781625,0.5315700461201684,0.5315739311850842,7.770129831552453e-06
1730173595.3990788,0.53157781625,0.5315700461201684,0.5315739311850842,7.770129831552453e-06
1730173596.403413,0.53157781625,0.5315700461201684,0.5315739311850842,7.770129831552453e-06
1730173597.40783,0.53157781625,0.5315700461201684,0.5315739311850842,7.770129831552453e-06
1730173598.4119549,0.53157871375,0.5316516724449801,0.5316151930974901,-7.295869498014085e-05
1730173599.416337,0.53157871375,0.5316516724449801,0.5316151930974901,-7.295869498014085e-05
1730173600.420801,0.53157871375,0.5316516724449801,0.5316151930974901,-7.295869498014085e-05
1730173601.4251971,0.53157871375,0.5316516724449801,0.5316151930974901,-7.295869498014085e-05
1730173602.429597,0.53157871375,0.5316516724449801,0.5316151930974901,-7.295869498014085e-05
1730173603.433676,0.53157871375,0.5316516724449801,0.5316151930974901,-7.295869498014085e-05
1730173604.4380128,0.53157871375,0.5316516724449801,0.5316151930974901,-7.295869498014085e-05
1730173605.442441,0.53157871375,0.5316516724449801,0.5316151930974901,-7.295869498014085e-05
1730173606.4468548,0.53157871375,0.5316516724449801,0.5316151930974901,-7.295869498014085e-05
1730173607.451284,0.53160807,0.5316708933650288,0.5316394816825144,-6.282336502883012e-05
1730173608.455692,0.53160807,0.5316708933650288,0.5316394816825144,-6.282336502883012e-05
1730173609.460176,0.53160807,0.5316708933650288,0.5316394816825144,-6.282336502883012e-05
1730173610.464393,0.53160807,0.5316708933650288,0.5316394816825144,-6.282336502883012e-05
1730173611.468658,0.53160807,0.5316708933650288,0.5316394816825144,-6.282336502883012e-05
1730173612.472855,0.5316924925,0.5316504860471764,0.5316714892735881,4.2006452823595275e-05
1730173613.477056,0.5316924925,0.5316504860471764,0.5316714892735881,4.2006452823595275e-05
1730173614.481148,0.5316924925,0.5316504860471764,0.5316714892735881,4.2006452823595275e-05
1730173615.485462,0.5316924925,0.5316504860471764,0.5316714892735881,4.2006452823595275e-05
1730173616.489372,0.5316924925,0.5316504860471764,0.5316714892735881,4.2006452823595275e-05
1730173617.4936068,0.5316924925,0.5316504860471764,0.5316714892735881,4.2006452823595275e-05
1730173618.4979782,0.5316924925,0.5316504860471764,0.5316714892735881,4.2006452823595275e-05
1730173619.5021389,0.53160807,0.5316446766648867,0.5316263733324433,-3.660666488669584e-05
1730173620.5064151,0.53160807,0.5316446766648867,0.5316263733324433,-3.660666488669584e-05
1730173621.510725,0.53160807,0.5316446766648867,0.5316263733324433,-3.660666488669584e-05
1730173622.515024,0.53160807,0.5316446766648867,0.5316263733324433,-3.660666488669584e-05
1730173623.519403,0.53160807,0.5316446766648867,0.5316263733324433,-3.660666488669584e-05
1730173624.5238478,0.53160807,0.5316446766648867,0.5316263733324433,-3.660666488669584e-05
1730173625.528194,0.53160807,0.5316446766648867,0.5316263733324433,-3.660666488669584e-05
1730173626.532532,0.53160807,0.5315892640863628,0.5315986670431814,1.8805913637232052e-05
1730173627.536962,0.53160807,0.5315892640863628,0.5315986670431814,1.8805913637232052e-05
1730173628.541406,0.53160807,0.5315892640863628,0.5315986670431814,1.8805913637232052e-05
1730173629.5457659,0.53160807,0.5315892640863628,0.5315986670431814,1.8805913637232052e-05
1730173630.5502,0.53160807,0.5315892640863628,0.5315986670431814,1.8805913637232052e-05
1730173631.554585,0.53160807,0.5315892640863628,0.5315986670431814,1.8805913637232052e-05
1730173632.558571,0.53160807,0.5315892640863628,0.5315986670431814,1.8805913637232052e-05
1730173633.563004,0.5316924925,0.5316913006877796,0.5316918965938897,1.191812220358024e-06
1730173634.5676732,0.5316924925,0.5316913006877796,0.5316918965938897,1.191812220358024e-06
1730173635.5713038,0.5316924925,0.5316913006877796,0.5316918965938897,1.191812220358024e-06
1730173636.575667,0.5316924925,0.5316913006877796,0.5316918965938897,1.191812220358024e-06
1730173637.5797892,0.5316924925,0.5316913006877796,0.5316918965938897,1.191812220358024e-06
1730173638.5843048,0.5315313024999999,0.5315466619229228,0.5315389822114613,-1.535942292285597e-05
1730173639.588657,0.5315313024999999,0.5315466619229228,0.5315389822114613,-1.535942292285597e-05
1730173640.59309,0.5315313024999999,0.5315466619229228,0.5315389822114613,-1.535942292285597e-05
1730173641.5973241,0.5315313024999999,0.5315466619229228,0.5315389822114613,-1.535942292285597e-05
1730173642.601527,0.5315313024999999,0.5315466619229228,0.5315389822114613,-1.535942292285597e-05
1730173643.605509,0.5315313024999999,0.5315466619229228,0.5315389822114613,-1.535942292285597e-05
1730173644.6096692,0.5315177025,0.5314505292578223,0.5314841158789112,6.717324217764276e-05
1730173645.656714,0.5315177025,0.5314505292578223,0.5314841158789112,6.717324217764276e-05
1730173646.659505,0.5315177025,0.5314505292578223,0.5314841158789112,6.717324217764276e-05
1730173647.663386,0.5315177025,0.5314505292578223,0.5314841158789112,6.717324217764276e-05
1730173648.667954,0.5315177025,0.5314505292578223,0.5314841158789112,6.717324217764276e-05
1730173649.672561,0.5315177025,0.5314505292578223,0.5314841158789112,6.717324217764276e-05
1730173650.676455,0.53151645375,0.5313957518979155,0.5314561028239577,0.00012070185208445938
1730173651.679595,0.53151645375,0.5313957518979155,0.5314561028239577,0.00012070185208445938
1730173652.69001,0.53151645375,0.5313957518979155,0.5314561028239577,0.00012070185208445938
1730173653.694298,0.53151645375,0.5313957518979155,0.5314561028239577,0.00012070185208445938
1730173654.6984162,0.53151645375,0.5313957518979155,0.5314561028239577,0.00012070185208445938
1730173655.702774,0.53151645375,0.5313957518979155,0.5314561028239577,0.00012070185208445938
1730173656.707071,0.53151645375,0.5313957518979155,0.5314561028239577,0.00012070185208445938
1730173657.711361,0.53151645375,0.5313957518979155,0.5314561028239577,0.00012070185208445938
1730173658.715755,0.53151645375,0.5313957518979155,0.5314561028239577,0.00012070185208445938
1730173659.719389,0.53151645375,0.5313957518979155,0.5314561028239577,0.00012070185208445938
1730173660.723661,0.53151645375,0.5313957518979155,0.5314561028239577,0.00012070185208445938
1730173661.7279449,0.53151645375,0.5313957518979155,0.5314561028239577,0.00012070185208445938
1730173662.731835,0.53151645375,0.5313957518979155,0.5314561028239577,0.00012070185208445938
1730173663.736114,0.53153973625,0.5316017927079243,0.5315707644789621,-6.205645792434211e-05
1730173664.740764,0.53153973625,0.5316017927079243,0.5315707644789621,-6.205645792434211e-05
1730173665.744926,0.53153973625,0.5316017927079243,0.5315707644789621,-6.205645792434211e-05
1730173666.7493272,0.53153973625,0.5316017927079243,0.5315707644789621,-6.205645792434211e-05
1730173667.7527092,0.53153973625,0.5316017927079243,0.5315707644789621,-6.205645792434211e-05
1730173668.756453,0.53153973625,0.5316017927079243,0.5315707644789621,-6.205645792434211e-05
1730173669.76077,0.53153973625,0.5316017927079243,0.5315707644789621,-6.205645792434211e-05
1730173670.765185,0.5315368625,0.531700450857603,0.5316186566788015,-0.00016358835760299506
1730173671.768827,0.5315368625,0.531700450857603,0.5316186566788015,-0.00016358835760299506
1730173672.773262,0.5315368625,0.531700450857603,0.5316186566788015,-0.00016358835760299506
1730173673.777678,0.5315368625,0.531700450857603,0.5316186566788015,-0.00016358835760299506
1730173674.7820868,0.5315368625,0.531700450857603,0.5316186566788015,-0.00016358835760299506
1730173675.78636,0.5315368625,0.531700450857603,0.5316186566788015,-0.00016358835760299506
1730173676.790612,0.5315368625,0.531700450857603,0.5316186566788015,-0.00016358835760299506
1730173677.794915,0.5315091075,0.5316036584800158,0.5315563829900078,-9.455098001576179e-05
1730173678.799248,0.5315091075,0.5316036584800158,0.5315563829900078,-9.455098001576179e-05
1730173679.8033621,0.5315091075,0.5316036584800158,0.5315563829900078,-9.455098001576179e-05
1730173680.80718,0.5315091075,0.5316036584800158,0.5315563829900078,-9.455098001576179e-05
1730173681.811525,0.5315091075,0.5316036584800158,0.5315563829900078,-9.455098001576179e-05
1730173682.8159192,0.5315091075,0.5316036584800158,0.5315563829900078,-9.455098001576179e-05
1730173683.8201978,0.5315091075,0.5316036584800158,0.5315563829900078,-9.455098001576179e-05
1730173684.824627,0.5315091075,0.5316036584800158,0.5315563829900078,-9.455098001576179e-05
1730173685.82913,0.5315091075,0.5316036584800158,0.5315563829900078,-9.455098001576179e-05
1730173686.833469,0.5315091075,0.5316036584800158,0.5315563829900078,-9.455098001576179e-05
1730173687.837881,0.5314214562499999,0.5316003440835474,0.5315109001667737,-0.00017888783354746973
1730173688.84215,0.5314214562499999,0.5316003440835474,0.5315109001667737,-0.00017888783354746973
1730173689.8465621,0.5314214562499999,0.5316003440835474,0.5315109001667737,-0.00017888783354746973
1730173690.85109,0.5314214562499999,0.5316003440835474,0.5315109001667737,-0.00017888783354746973
1730173691.8552709,0.5314214562499999,0.5316003440835474,0.5315109001667737,-0.00017888783354746973
1730173692.858312,0.5314214562499999,0.5316003440835474,0.5315109001667737,-0.00017888783354746973
1730173693.862616,0.5314214562499999,0.5316003440835474,0.5315109001667737,-0.00017888783354746973
1730173694.866932,0.5314214562499999,0.5316003440835474,0.5315109001667737,-0.00017888783354746973
1730173695.8710232,0.53150911,0.5316987594825934,0.5316039347412966,-0.0001896494825933681
1730173696.875386,0.53150911,0.5316987594825934,0.5316039347412966,-0.0001896494825933681
1730173697.879761,0.53150911,0.5316987594825934,0.5316039347412966,-0.0001896494825933681
1730173698.884164,0.53150911,0.5316987594825934,0.5316039347412966,-0.0001896494825933681
1730173699.888427,0.53150911,0.5316987594825934,0.5316039347412966,-0.0001896494825933681
1730173700.8927119,0.53150911,0.5316987594825934,0.5316039347412966,-0.0001896494825933681
1730173701.8969269,0.53150911,0.5316987594825934,0.5316039347412966,-0.0001896494825933681
1730173702.901082,0.53150911,0.5316250205731177,0.5315670652865588,-0.00011591057311766129
1730173703.905364,0.53150911,0.5316250205731177,0.5315670652865588,-0.00011591057311766129
1730173704.909698,0.53150911,0.5316250205731177,0.5315670652865588,-0.00011591057311766129
1730173705.914022,0.53150911,0.5316250205731177,0.5315670652865588,-0.00011591057311766129
1730173706.9182951,0.53150911,0.5316250205731177,0.5315670652865588,-0.00011591057311766129
1730173707.9226,0.53150911,0.5316250205731177,0.5315670652865588,-0.00011591057311766129
1730173708.92681,0.53169249625,0.5317185066810538,0.531705501465527,-2.601043105376899e-05
1730173709.931031,0.53169249625,0.5317185066810538,0.531705501465527,-2.601043105376899e-05
1730173710.934976,0.53169249625,0.5317185066810538,0.531705501465527,-2.601043105376899e-05
1730173711.93938,0.53169249625,0.5317185066810538,0.531705501465527,-2.601043105376899e-05
1730173712.943632,0.53169249625,0.5317185066810538,0.531705501465527,-2.601043105376899e-05
1730173713.948194,0.53169249625,0.5317185066810538,0.531705501465527,-2.601043105376899e-05
1730173714.951702,0.53169249625,0.5317185066810538,0.531705501465527,-2.601043105376899e-05
1730173715.95556,0.53169249625,0.5317185066810538,0.531705501465527,-2.601043105376899e-05
1730173716.959518,0.53169249625,0.5317185066810538,0.531705501465527,-2.601043105376899e-05
1730173717.963941,0.53169249625,0.5318535499595887,0.5317730231047944,-0.0001610537095886322
1730173718.9681249,0.53169249625,0.5318535499595887,0.5317730231047944,-0.0001610537095886322
1730173719.972109,0.53169249625,0.5318535499595887,0.5317730231047944,-0.0001610537095886322
1730173720.976147,0.53169249625,0.5318535499595887,0.5317730231047944,-0.0001610537095886322
1730173721.979112,0.53169249625,0.5318535499595887,0.5317730231047944,-0.0001610537095886322
1730173722.983361,0.53169249625,0.5318535499595887,0.5317730231047944,-0.0001610537095886322
1730173723.987666,0.53169249625,0.5318535499595887,0.5317730231047944,-0.0001610537095886322
1730173724.991893,0.53169249625,0.5318535499595887,0.5317730231047944,-0.0001610537095886322
1730173725.996216,0.53169249625,0.5318535499595887,0.5317730231047944,-0.0001610537095886322
1730173727.0003798,0.5317924949999999,0.5318127609340813,0.5318026279670406,-2.0265934081331594e-05
1730173728.0044868,0.5317924949999999,0.5318127609340813,0.5318026279670406,-2.0265934081331594e-05
1730173729.008851,0.5317924949999999,0.5318127609340813,0.5318026279670406,-2.0265934081331594e-05
1730173730.013261,0.5317924949999999,0.5318127609340813,0.5318026279670406,-2.0265934081331594e-05
1730173731.0173419,0.5317924949999999,0.5318127609340813,0.5318026279670406,-2.0265934081331594e-05
1730173732.021761,0.5317924949999999,0.5318127609340813,0.5318026279670406,-2.0265934081331594e-05
1730173733.0260239,0.5317924949999999,0.5318127609340813,0.5318026279670406,-2.0265934081331594e-05
1730173734.030406,0.5317924949999999,0.5318127609340813,0.5318026279670406,-2.0265934081331594e-05
1730173735.034548,0.53189249375,0.5319452798432387,0.5319188867966194,-5.27860932386659e-05
1730173736.038857,0.53189249375,0.5319452798432387,0.5319188867966194,-5.27860932386659e-05
1730173737.043127,0.53189249375,0.5319452798432387,0.5319188867966194,-5.27860932386659e-05
1730173738.047612,0.53189249375,0.5319452798432387,0.5319188867966194,-5.27860932386659e-05
1730173739.051989,0.53189249375,0.5319452798432387,0.5319188867966194,-5.27860932386659e-05
1730173740.056258,0.53199249125,0.5319396255595811,0.5319660584047905,5.286569041895728e-05
1730173741.0604951,0.53199249125,0.5319396255595811,0.5319660584047905,5.286569041895728e-05
1730173742.064765,0.53199249125,0.5319396255595811,0.5319660584047905,5.286569041895728e-05
1730173743.0681999,0.53199249125,0.5319396255595811,0.5319660584047905,5.286569041895728e-05
1730173744.071695,0.53199249125,0.5319396255595811,0.5319660584047905,5.286569041895728e-05
1730173745.0756109,0.53199249125,0.5319396255595811,0.5319660584047905,5.286569041895728e-05
1730173746.080097,0.53199249125,0.5319396255595811,0.5319660584047905,5.286569041895728e-05
1730173747.084533,0.53199249125,0.5319396255595811,0.5319660584047905,5.286569041895728e-05
1730173748.0890229,0.5319924925,0.5319374066273006,0.5319649495636503,5.5085872699423e-05
1730173749.093271,0.5319924925,0.5319374066273006,0.5319649495636503,5.5085872699423e-05
1730173750.097365,0.5319924925,0.5319374066273006,0.5319649495636503,5.5085872699423e-05
1730173751.100807,0.5319924925,0.5319374066273006,0.5319649495636503,5.5085872699423e-05
1730173752.105402,0.5319924925,0.5319374066273006,0.5319649495636503,5.5085872699423e-05
1730173753.109844,0.5319924925,0.5319374066273006,0.5319649495636503,5.5085872699423e-05
1730173754.1142972,0.5319924925,0.5319374066273006,0.5319649495636503,5.5085872699423e-05
1730173755.118724,0.531892495,0.531937406631074,0.531914950815537,-4.49116310740072e-05
1730173756.1232781,0.531892495,0.531937406631074,0.531914950815537,-4.49116310740072e-05
1730173757.12759,0.531892495,0.531937406631074,0.531914950815537,-4.49116310740072e-05
1730173758.131891,0.531892495,0.531937406631074,0.531914950815537,-4.49116310740072e-05
1730173759.136221,0.531892495,0.531937406631074,0.531914950815537,-4.49116310740072e-05
1730173760.142669,0.531892495,0.531937406631074,0.531914950815537,-4.49116310740072e-05
1730173761.147169,0.531892495,0.5319374066282122,0.5319149508141061,-4.4911628212185306e-05
1730173762.151753,0.531892495,0.5319374066282122,0.5319149508141061,-4.4911628212185306e-05
1730173763.156095,0.531892495,0.5319374066282122,0.5319149508141061,-4.4911628212185306e-05
1730173764.160563,0.531892495,0.5319374066282122,0.5319149508141061,-4.4911628212185306e-05
1730173765.1649761,0.531892495,0.5319374066282122,0.5319149508141061,-4.4911628212185306e-05
1730173766.1692622,0.531892495,0.5319374066282122,0.5319149508141061,-4.4911628212185306e-05
1730173767.173792,0.531892495,0.5319374066282122,0.5319149508141061,-4.4911628212185306e-05
1730173768.179574,0.531892495,0.5319374066282122,0.5319149508141061,-4.4911628212185306e-05
1730173769.184248,0.5319924925,0.5319374066337446,0.5319649495668723,5.508586625546652e-05
1730173770.1886039,0.5319924925,0.5319374066337446,0.5319649495668723,5.508586625546652e-05
1730173771.192981,0.5319924925,0.5319374066337446,0.5319649495668723,5.508586625546652e-05
1730173772.197113,0.5319924925,0.5319374066337446,0.5319649495668723,5.508586625546652e-05
1730173773.201227,0.5319924925,0.5319374066337446,0.5319649495668723,5.508586625546652e-05
1730173774.205685,0.5319924925,0.5319374066337446,0.5319649495668723,5.508586625546652e-05
1730173775.209835,0.5319924925,0.5319374066337446,0.5319649495668723,5.508586625546652e-05
1730173776.214445,0.5316924975,0.5318368829906478,0.5317646902453239,-0.0001443854906477693
1730173777.218765,0.5316924975,0.5318368829906478,0.5317646902453239,-0.0001443854906477693
1730173778.223182,0.5316924975,0.5318368829906478,0.5317646902453239,-0.0001443854906477693
1730173779.2276402,0.5316924975,0.5318368829906478,0.5317646902453239,-0.0001443854906477693
1730173780.23216,0.5316924975,0.5318368829906478,0.5317646902453239,-0.0001443854906477693
1730173781.236635,0.5316924975,0.5318368829906478,0.5317646902453239,-0.0001443854906477693
1730173782.241045,0.5316924975,0.5318368829906478,0.5317646902453239,-0.0001443854906477693
1730173783.245475,0.5316924975,0.5318368829906478,0.5317646902453239,-0.0001443854906477693
1730173784.249823,0.531892495,0.5319359808476232,0.5319142379238115,-4.348584762314811e-05
1730173785.2541811,0.531892495,0.5319359808476232,0.5319142379238115,-4.348584762314811e-05
1730173786.258549,0.531892495,0.5319359808476232,0.5319142379238115,-4.348584762314811e-05
1730173787.262718,0.531892495,0.5319359808476232,0.5319142379238115,-4.348584762314811e-05
1730173788.267018,0.531892495,0.5319359808476232,0.5319142379238115,-4.348584762314811e-05
1730173789.271317,0.531892495,0.5319359808476232,0.5319142379238115,-4.348584762314811e-05
1730173790.275546,0.5319924925,0.5319533022352119,0.5319728973676059,3.9190264788158125e-05
1730173791.279923,0.5319924925,0.5319533022352119,0.5319728973676059,3.9190264788158125e-05
1730173792.284114,0.5319924925,0.5319533022352119,0.5319728973676059,3.9190264788158125e-05
1730173793.288337,0.5319924925,0.5319533022352119,0.5319728973676059,3.9190264788158125e-05
1730173794.2925398,0.5319924925,0.5319533022352119,0.5319728973676059,3.9190264788158125e-05
1730173795.296731,0.5319924925,0.5319533022352119,0.5319728973676059,3.9190264788158125e-05
1730173796.3011048,0.5319924925,0.5319533022352119,0.5319728973676059,3.9190264788158125e-05
1730173797.305634,0.5319924925,0.5319509337586804,0.5319717131293402,4.15587413196139e-05
1730173798.310085,0.5319924925,0.5319509337586804,0.5319717131293402,4.15587413196139e-05
1730173799.314511,0.5319924925,0.5319509337586804,0.5319717131293402,4.15587413196139e-05
1730173800.318791,0.5319924925,0.5319509337586804,0.5319717131293402,4.15587413196139e-05
1730173801.323006,0.5319924925,0.5319509337586804,0.5319717131293402,4.15587413196139e-05
1730173802.327334,0.5319924925,0.5319509337586804,0.5319717131293402,4.15587413196139e-05
1730173803.331336,0.5319924925,0.5318500679202043,0.5319212802101021,0.0001424245797957413
1730173804.3351092,0.5319924925,0.5318500679202043,0.5319212802101021,0.0001424245797957413
1730173805.339193,0.5319924925,0.5318500679202043,0.5319212802101021,0.0001424245797957413
1730173806.343596,0.5319924925,0.5318500679202043,0.5319212802101021,0.0001424245797957413
1730173807.34797,0.5319924925,0.5318500679202043,0.5319212802101021,0.0001424245797957413
1730173808.352354,0.5319924925,0.5318500679202043,0.5319212802101021,0.0001424245797957413
1730173809.356661,0.5319924925,0.5318500679202043,0.5319212802101021,0.0001424245797957413
1730173810.360825,0.5319924925,0.5318500679202043,0.5319212802101021,0.0001424245797957413
1730173811.365199,0.5317924949999999,0.5318774997994042,0.5318349973997021,-8.500479940432015e-05
1730173812.369364,0.5317924949999999,0.5318774997994042,0.5318349973997021,-8.500479940432015e-05
1730173813.37326,0.5317924949999999,0.5318774997994042,0.5318349973997021,-8.500479940432015e-05
1730173814.377501,0.5317924949999999,0.5318774997994042,0.5318349973997021,-8.500479940432015e-05
1730173815.381394,0.5317924949999999,0.5318774997994042,0.5318349973997021,-8.500479940432015e-05
1730173816.385644,0.5317924949999999,0.5318774997994042,0.5318349973997021,-8.500479940432015e-05
1730173817.389964,0.53169249625,0.5318364501069213,0.5317644731784607,-0.00014395385692123064
1730173818.394721,0.53169249625,0.5318364501069213,0.5317644731784607,-0.00014395385692123064
1730173819.398995,0.53169249625,0.5318364501069213,0.5317644731784607,-0.00014395385692123064
1730173820.403202,0.53169249625,0.5318364501069213,0.5317644731784607,-0.00014395385692123064
1730173821.407446,0.53169249625,0.5318364501069213,0.5317644731784607,-0.00014395385692123064
1730173822.411499,0.53169249625,0.5318364501069213,0.5317644731784607,-0.00014395385692123064
1730173823.415483,0.53199245625,0.5319631643976453,0.5319778103238226,2.9291852354673686e-05
1730173824.419752,0.53199245625,0.5319631643976453,0.5319778103238226,2.9291852354673686e-05
1730173825.424126,0.53199245625,0.5319631643976453,0.5319778103238226,2.9291852354673686e-05
1730173826.428332,0.53199245625,0.5319631643976453,0.5319778103238226,2.9291852354673686e-05
1730173827.432353,0.53199245625,0.5319631643976453,0.5319778103238226,2.9291852354673686e-05
1730173828.4366841,0.53199245625,0.5319631643976453,0.5319778103238226,2.9291852354673686e-05
1730173829.441061,0.53199245625,0.5319631643976453,0.5319778103238226,2.9291852354673686e-05
1730173830.4455218,0.53183478125,0.5319495904724186,0.5318921858612093,-0.00011480922241857705
1730173831.449793,0.53183478125,0.5319495904724186,0.5318921858612093,-0.00011480922241857705
1730173832.453769,0.53183478125,0.5319495904724186,0.5318921858612093,-0.00011480922241857705
1730173833.457372,0.53183478125,0.5319495904724186,0.5318921858612093,-0.00011480922241857705
1730173834.461668,0.53183478125,0.5319495904724186,0.5318921858612093,-0.00011480922241857705
1730173835.4656482,0.53183478125,0.5319495904724186,0.5318921858612093,-0.00011480922241857705
1730173836.47014,0.53183478125,0.5319495904724186,0.5318921858612093,-0.00011480922241857705
1730173837.4745579,0.5318319825,0.5319303566076764,0.5318811695538381,-9.837410767643551e-05
1730173838.4787462,0.5318319825,0.5319303566076764,0.5318811695538381,-9.837410767643551e-05
1730173839.483423,0.5318319825,0.5319303566076764,0.5318811695538381,-9.837410767643551e-05
1730173840.487704,0.5318319825,0.5319303566076764,0.5318811695538381,-9.837410767643551e-05
1730173841.491951,0.5318319825,0.5319303566076764,0.5318811695538381,-9.837410767643551e-05
1730173842.496207,0.5318319825,0.5319303566076764,0.5318811695538381,-9.837410767643551e-05
1730173843.500191,0.53189249375,0.5319465478068384,0.5319195207784192,-5.4054056838337416e-05
1730173844.5044868,0.53189249375,0.5319465478068384,0.5319195207784192,-5.4054056838337416e-05
1730173845.508904,0.53189249375,0.5319465478068384,0.5319195207784192,-5.4054056838337416e-05
1730173846.513312,0.53189249375,0.5319465478068384,0.5319195207784192,-5.4054056838337416e-05
1730173847.517623,0.53189249375,0.5319465478068384,0.5319195207784192,-5.4054056838337416e-05
1730173848.5220659,0.53189249375,0.5319465478068384,0.5319195207784192,-5.4054056838337416e-05
1730173849.526496,0.5317924949999999,0.5319465478068384,0.5318695214034191,-0.00015405280683844502
1730173850.530792,0.5317924949999999,0.5319465478068384,0.5318695214034191,-0.00015405280683844502
1730173851.5350888,0.5317924949999999,0.5319465478068384,0.5318695214034191,-0.00015405280683844502
1730173852.5401988,0.5317924949999999,0.5319465478068384,0.5318695214034191,-0.00015405280683844502
1730173853.5442061,0.5317924949999999,0.5319465478068384,0.5318695214034191,-0.00015405280683844502
1730173854.547088,0.5317924949999999,0.5319465478068384,0.5318695214034191,-0.00015405280683844502
1730173855.5512252,0.5317924949999999,0.5319465478068384,0.5318695214034191,-0.00015405280683844502
1730173856.555562,0.5317924949999999,0.5319465478068384,0.5318695214034191,-0.00015405280683844502
1730173857.559916,0.5317924949999999,0.5319465478068384,0.5318695214034191,-0.00015405280683844502
1730173858.564312,0.5317924949999999,0.5319465478068384,0.5318695214034191,-0.00015405280683844502
1730173859.568832,0.5317924949999999,0.5319465478068384,0.5318695214034191,-0.00015405280683844502
1730173860.573141,0.5317924949999999,0.5319465478068384,0.5318695214034191,-0.00015405280683844502
1730173861.57758,0.5317924949999999,0.5319465478068384,0.5318695214034191,-0.00015405280683844502
1730173862.581965,0.5317924949999999,0.5319465478068384,0.5318695214034191,-0.00015405280683844502
1730173863.5863528,0.5317924949999999,0.5319465478068384,0.5318695214034191,-0.00015405280683844502
1730173864.590773,0.5317924949999999,0.5319465478068384,0.5318695214034191,-0.00015405280683844502
1730173865.5941272,0.5317924949999999,0.5318852729354091,0.5318388839677045,-9.277793540918289e-05
1730173866.5975602,0.5317924949999999,0.5318852729354091,0.5318388839677045,-9.277793540918289e-05
1730173867.6009269,0.5317924949999999,0.5318852729354091,0.5318388839677045,-9.277793540918289e-05
1730173868.604059,0.5317924949999999,0.5318852729354091,0.5318388839677045,-9.277793540918289e-05
1730173869.6073458,0.5317924949999999,0.5318852729354091,0.5318388839677045,-9.277793540918289e-05
1730173870.610661,0.5317924949999999,0.5318852729354091,0.5318388839677045,-9.277793540918289e-05
1730173871.6139462,0.5317924949999999,0.5319261228481675,0.5318593089240837,-0.00013362784816761675
1730173872.6172411,0.5317924949999999,0.5319261228481675,0.5318593089240837,-0.00013362784816761675
1730173873.6207,0.5317924949999999,0.5319261228481675,0.5318593089240837,-0.00013362784816761675
1730173874.624118,0.5317924949999999,0.5319261228481675,0.5318593089240837,-0.00013362784816761675
1730173875.6277812,0.5317924949999999,0.5319261228481675,0.5318593089240837,-0.00013362784816761675
1730173876.6303282,0.5317924949999999,0.5319261228481675,0.5318593089240837,-0.00013362784816761675
1730173877.6333709,0.5317924949999999,0.5319669670870668,0.5318797310435334,-0.00017447208706689032
1730173878.6365209,0.5317924949999999,0.5319669670870668,0.5318797310435334,-0.00017447208706689032
1730173879.639359,0.5317924949999999,0.5319669670870668,0.5318797310435334,-0.00017447208706689032
1730173880.6421828,0.5317924949999999,0.5319669670870668,0.5318797310435334,-0.00017447208706689032
1730173881.645389,0.5317924949999999,0.5319669670870668,0.5318797310435334,-0.00017447208706689032
1730173882.648648,0.5317924949999999,0.5319669670870668,0.5318797310435334,-0.00017447208706689032
1730173883.652087,0.5317924949999999,0.5319669670870668,0.5318797310435334,-0.00017447208706689032
1730173884.655185,0.5317924949999999,0.5319669670870668,0.5318797310435334,-0.00017447208706689032
1730173885.658103,0.5317924949999999,0.5319669670870668,0.5318797310435334,-0.00017447208706689032
1730173886.661482,0.5317924949999999,0.5318852729354091,0.5318388839677045,-9.277793540918289e-05
1730173887.664586,0.5317924949999999,0.5318852729354091,0.5318388839677045,-9.277793540918289e-05
1730173888.667935,0.5317924949999999,0.5318852729354091,0.5318388839677045,-9.277793540918289e-05
1730173889.6707861,0.5317924949999999,0.5318852729354091,0.5318388839677045,-9.277793540918289e-05
1730173890.6740081,0.5317924949999999,0.5318852729354091,0.5318388839677045,-9.277793540918289e-05
1730173891.677402,0.5317924949999999,0.5318852729354091,0.5318388839677045,-9.277793540918289e-05
1730173892.680749,0.5317924949999999,0.5318852729354091,0.5318388839677045,-9.277793540918289e-05
1730173893.684253,0.5317924949999999,0.5319261228481675,0.5318593089240837,-0.00013362784816761675
1730173894.6875231,0.5317924949999999,0.5319261228481675,0.5318593089240837,-0.00013362784816761675
1730173895.690546,0.5317924949999999,0.5319261228481675,0.5318593089240837,-0.00013362784816761675
1730173896.693793,0.5317924949999999,0.5319261228481675,0.5318593089240837,-0.00013362784816761675
1730173897.6970801,0.5317924949999999,0.5319261228481675,0.5318593089240837,-0.00013362784816761675
1730173898.7004402,0.5317924949999999,0.5319261228481675,0.5318593089240837,-0.00013362784816761675
1730173899.703851,0.5317924949999999,0.5319261228481675,0.5318593089240837,-0.00013362784816761675
1730173900.707191,0.53189249375,0.5319234248073463,0.5319079592786732,-3.093105734630619e-05
1730173901.710151,0.53189249375,0.5319234248073463,0.5319079592786732,-3.093105734630619e-05
1730173902.7136052,0.53189249375,0.5319234248073463,0.5319079592786732,-3.093105734630619e-05
1730173903.7169821,0.53189249375,0.5319234248073463,0.5319079592786732,-3.093105734630619e-05
1730173904.720138,0.53189249375,0.5319234248073463,0.5319079592786732,-3.093105734630619e-05
1730173905.723378,0.53189249375,0.5319234248073463,0.5319079592786732,-3.093105734630619e-05
1730173906.726689,0.53189249375,0.5319234248073463,0.5319079592786732,-3.093105734630619e-05
1730173907.730131,0.53209249125,0.5320389181089242,0.5320657046794621,5.357314107579114e-05
1730173908.733506,0.53209249125,0.5320389181089242,0.5320657046794621,5.357314107579114e-05
1730173909.736784,0.53209249125,0.5320389181089242,0.5320657046794621,5.357314107579114e-05
1730173910.740129,0.53209249125,0.5320389181089242,0.5320657046794621,5.357314107579114e-05
1730173911.7439492,0.53209249125,0.5320389181089242,0.5320657046794621,5.357314107579114e-05
1730173912.746916,0.53209249125,0.5320389181089242,0.5320657046794621,5.357314107579114e-05
1730173913.750039,0.53209249125,0.5320389181089242,0.5320657046794621,5.357314107579114e-05
1730173914.75345,0.53209249125,0.5320400880154177,0.5320662896327089,5.24032345823322e-05
1730173915.7565088,0.53209249125,0.5320400880154177,0.5320662896327089,5.24032345823322e-05
1730173916.759338,0.53209249125,0.5320400880154177,0.5320662896327089,5.24032345823322e-05
1730173917.762445,0.53209249125,0.5320400880154177,0.5320662896327089,5.24032345823322e-05
1730173918.765903,0.53209249125,0.5320400880154177,0.5320662896327089,5.24032345823322e-05
1730173919.769255,0.53209249125,0.5320400880154177,0.5320662896327089,5.24032345823322e-05
1730173920.7722611,0.53209249125,0.5320400880154177,0.5320662896327089,5.24032345823322e-05
1730173921.775564,0.53209249125,0.5320400880154177,0.5320662896327089,5.24032345823322e-05
1730173922.778518,0.53209249125,0.5320400880154177,0.5320662896327089,5.24032345823322e-05
1730173923.781494,0.53209249125,0.5320400880154177,0.5320662896327089,5.24032345823322e-05
1730173924.784021,0.53209249125,0.5320894495916715,0.5320909704208358,3.0416583285397536e-06
1730173925.786633,0.53209249125,0.5320894495916715,0.5320909704208358,3.0416583285397536e-06
1730173926.790066,0.53209249125,0.5320894495916715,0.5320909704208358,3.0416583285397536e-06
1730173927.7934568,0.53209249125,0.5320894495916715,0.5320909704208358,3.0416583285397536e-06
1730173928.79678,0.53209249125,0.5320894495916715,0.5320909704208358,3.0416583285397536e-06
1730173929.799864,0.53219249,0.5320780344785847,0.5321352622392923,0.00011445552141531312
1730173930.803309,0.53219249,0.5320780344785847,0.5321352622392923,0.00011445552141531312
1730173931.8065479,0.53219249,0.5320780344785847,0.5321352622392923,0.00011445552141531312
1730173932.810045,0.53219249,0.5320780344785847,0.5321352622392923,0.00011445552141531312
1730173933.813277,0.53219249,0.5320780344785847,0.5321352622392923,0.00011445552141531312
1730173934.816136,0.53219249,0.5320780344785847,0.5321352622392923,0.00011445552141531312
1730173935.8186429,0.53219249,0.5320780344785847,0.5321352622392923,0.00011445552141531312
1730173936.821989,0.53219249,0.5320780344785847,0.5321352622392923,0.00011445552141531312
1730173937.825321,0.53219249,0.5320780344785847,0.5321352622392923,0.00011445552141531312
1730173938.828424,0.53219249,0.5320808891746348,0.5321366895873174,0.0001116008253652101
1730173939.831517,0.53219249,0.5320808891746348,0.5321366895873174,0.0001116008253652101
1730173940.834712,0.53219249,0.5320808891746348,0.5321366895873174,0.0001116008253652101
1730173941.8367732,0.53219249,0.5320808891746348,0.5321366895873174,0.0001116008253652101
1730173942.8400042,0.53219249,0.5320808891746348,0.5321366895873174,0.0001116008253652101
1730173943.843342,0.53219249125,0.5320271386002067,0.5321098149251033,0.00016535264979333775
1730173944.846556,0.53219249125,0.5320271386002067,0.5321098149251033,0.00016535264979333775
1730173945.849154,0.53219249125,0.5320271386002067,0.5321098149251033,0.00016535264979333775
1730173946.852373,0.53219249125,0.5320271386002067,0.5321098149251033,0.00016535264979333775
1730173947.8550882,0.53219249125,0.5320271386002067,0.5321098149251033,0.00016535264979333775
1730173948.858353,0.53219249125,0.5320271386002067,0.5321098149251033,0.00016535264979333775
1730173949.8616261,0.53219249125,0.5320271386002067,0.5321098149251033,0.00016535264979333775
1730173950.8648279,0.531992495,0.5320223344886864,0.5320074147443432,-2.9839488686400628e-05
1730173951.868147,0.531992495,0.5320223344886864,0.5320074147443432,-2.9839488686400628e-05
1730173952.871886,0.531992495,0.5320223344886864,0.5320074147443432,-2.9839488686400628e-05
1730173953.875576,0.531992495,0.5320223344886864,0.5320074147443432,-2.9839488686400628e-05
1730173954.8788412,0.531992495,0.5320223344886864,0.5320074147443432,-2.9839488686400628e-05
1730173955.8822122,0.53189249625,0.5320106502365803,0.5319515732432902,-0.00011815398658032716
1730173956.8851452,0.53189249625,0.5320106502365803,0.5319515732432902,-0.00011815398658032716
1730173957.8885078,0.53189249625,0.5320106502365803,0.5319515732432902,-0.00011815398658032716
1730173958.891679,0.53189249625,0.5320106502365803,0.5319515732432902,-0.00011815398658032716
1730173959.894933,0.53189249625,0.5320106502365803,0.5319515732432902,-0.00011815398658032716
1730173960.898174,0.53189249625,0.5320802776741815,0.5319863869620908,-0.00018778142418152122
1730173961.9016588,0.53189249625,0.5320802776741815,0.5319863869620908,-0.00018778142418152122
1730173962.905078,0.53189249625,0.5320802776741815,0.5319863869620908,-0.00018778142418152122
1730173963.908331,0.53189249625,0.5320802776741815,0.5319863869620908,-0.00018778142418152122
1730173964.9113832,0.53189249625,0.5320802776741815,0.5319863869620908,-0.00018778142418152122
1730173965.9139578,0.53189249625,0.5320802776741815,0.5319863869620908,-0.00018778142418152122
1730173966.917343,0.53189249625,0.5320644227537312,0.5319784595018656,-0.00017192650373121232
1730173967.920562,0.53189249625,0.5320644227537312,0.5319784595018656,-0.00017192650373121232
1730173968.923878,0.53189249625,0.5320644227537312,0.5319784595018656,-0.00017192650373121232
1730173969.927156,0.53189249625,0.5320644227537312,0.5319784595018656,-0.00017192650373121232
1730173970.930505,0.53189249625,0.5320644227537312,0.5319784595018656,-0.00017192650373121232
1730173971.9336162,0.53189249625,0.5320644227537312,0.5319784595018656,-0.00017192650373121232
1730173972.9369211,0.53189249625,0.5320644227537312,0.5319784595018656,-0.00017192650373121232
1730173973.940213,0.53189249625,0.5320644227537312,0.5319784595018656,-0.00017192650373121232
1730173974.943391,0.53189249625,0.5320644227537312,0.5319784595018656,-0.00017192650373121232
1730173975.9461849,0.531992495,0.5320772508585596,0.5320348729292799,-8.475585855960421e-05
1730173976.949546,0.531992495,0.5320772508585596,0.5320348729292799,-8.475585855960421e-05
1730173977.952991,0.531992495,0.5320772508585596,0.5320348729292799,-8.475585855960421e-05
1730173978.956328,0.531992495,0.5320772508585596,0.5320348729292799,-8.475585855960421e-05
1730173979.959723,0.531992495,0.5320772508585596,0.5320348729292799,-8.475585855960421e-05
1730173980.963029,0.531992495,0.5320568493435602,0.5320246721717801,-6.435434356022451e-05
1730173981.966293,0.531992495,0.5320568493435602,0.5320246721717801,-6.435434356022451e-05
1730173982.969972,0.531992495,0.5320568493435602,0.5320246721717801,-6.435434356022451e-05
1730173983.973869,0.531992495,0.5320568493435602,0.5320246721717801,-6.435434356022451e-05
1730173984.976458,0.531992495,0.5320568493435602,0.5320246721717801,-6.435434356022451e-05
1730173985.978278,0.53199249375,0.5320568409896345,0.5320246673698172,-6.434723963444355e-05
1730173986.980408,0.53199249375,0.5320568409896345,0.5320246673698172,-6.434723963444355e-05
1730173987.98252,0.53199249375,0.5320568409896345,0.5320246673698172,-6.434723963444355e-05
1730173988.9848378,0.53199249375,0.5320568409896345,0.5320246673698172,-6.434723963444355e-05
1730173989.9871202,0.53199249375,0.5320568409896345,0.5320246673698172,-6.434723963444355e-05
1730173990.988998,0.53199249375,0.5320568409896345,0.5320246673698172,-6.434723963444355e-05
1730173991.991594,0.531892495,0.5319917668197807,0.5319421309098904,-9.927181978064414e-05
1730173992.994038,0.531892495,0.5319917668197807,0.5319421309098904,-9.927181978064414e-05
1730173993.996459,0.531892495,0.5319917668197807,0.5319421309098904,-9.927181978064414e-05
1730173994.999049,0.531892495,0.5319917668197807,0.5319421309098904,-9.927181978064414e-05
1730173996.0014331,0.531892495,0.5319917668197807,0.5319421309098904,-9.927181978064414e-05
1730173997.004073,0.531892495,0.5319917668197807,0.5319421309098904,-9.927181978064414e-05
1730173998.00695,0.531892495,0.5319917668197807,0.5319421309098904,-9.927181978064414e-05
1730173999.009848,0.531892495,0.5319915401262216,0.5319420175631109,-9.904512622160855e-05
1730174000.012465,0.531892495,0.5319915401262216,0.5319420175631109,-9.904512622160855e-05
1730174001.015383,0.531892495,0.5319915401262216,0.5319420175631109,-9.904512622160855e-05
1730174002.018135,0.531892495,0.5319915401262216,0.5319420175631109,-9.904512622160855e-05
1730174003.0201821,0.531892495,0.5319915401262216,0.5319420175631109,-9.904512622160855e-05
1730174004.0233269,0.531892495,0.5319915401262216,0.5319420175631109,-9.904512622160855e-05
1730174005.026386,0.531892495,0.5319915401262216,0.5319420175631109,-9.904512622160855e-05
1730174006.029684,0.5320924925,0.532160299756361,0.5321263961281806,-6.780725636101881e-05
1730174007.032667,0.5320924925,0.532160299756361,0.5321263961281806,-6.780725636101881e-05
1730174008.0356102,0.5320924925,0.532160299756361,0.5321263961281806,-6.780725636101881e-05
1730174009.03862,0.5320924925,0.532160299756361,0.5321263961281806,-6.780725636101881e-05
1730174010.041731,0.5320924925,0.532160299756361,0.5321263961281806,-6.780725636101881e-05
1730174011.0448482,0.5320924925,0.532160299756361,0.5321263961281806,-6.780725636101881e-05
1730174012.047992,0.5320924925,0.532160299756361,0.5321263961281806,-6.780725636101881e-05
1730174013.0511239,0.5320924925,0.532160299756361,0.5321263961281806,-6.780725636101881e-05
1730174014.054249,0.53219249125,0.5322174374024229,0.5322049643262114,-2.4946152422877788e-05
1730174015.0573819,0.53219249125,0.5322174374024229,0.5322049643262114,-2.4946152422877788e-05
1730174016.060344,0.53219249125,0.5322174374024229,0.5322049643262114,-2.4946152422877788e-05
1730174017.06356,0.53219249125,0.5322174374024229,0.5322049643262114,-2.4946152422877788e-05
1730174018.0668118,0.53219249125,0.5322174374024229,0.5322049643262114,-2.4946152422877788e-05
1730174019.069788,0.53219249125,0.5322174374024229,0.5322049643262114,-2.4946152422877788e-05
1730174020.072896,0.53219249125,0.5322174374024229,0.5322049643262114,-2.4946152422877788e-05
1730174021.0759559,0.53219249125,0.5322174374024229,0.5322049643262114,-2.4946152422877788e-05
1730174022.079396,0.53229248875,0.5321816529183632,0.5322370708341816,0.0001108358316368463
1730174023.0825028,0.53229248875,0.5321816529183632,0.5322370708341816,0.0001108358316368463
1730174024.0857751,0.53229248875,0.5321816529183632,0.5322370708341816,0.0001108358316368463
1730174025.0889568,0.53229248875,0.5321816529183632,0.5322370708341816,0.0001108358316368463
1730174026.0912828,0.53229248875,0.5321816529183632,0.5322370708341816,0.0001108358316368463
1730174027.0944672,0.53229248875,0.5321816529183632,0.5322370708341816,0.0001108358316368463
1730174028.0976179,0.5323924875,0.5321815476317067,0.5322870175658534,0.0002109398682933472
1730174029.1007519,0.5323924875,0.5321815476317067,0.5322870175658534,0.0002109398682933472
1730174030.10372,0.5323924875,0.5321815476317067,0.5322870175658534,0.0002109398682933472
1730174031.1069329,0.5323924875,0.5321815476317067,0.5322870175658534,0.0002109398682933472
1730174032.110223,0.5323924875,0.5321815476317067,0.5322870175658534,0.0002109398682933472
1730174033.11344,0.5323924875,0.5321815476317067,0.5322870175658534,0.0002109398682933472
1730174034.116746,0.5323924875,0.5321815476317067,0.5322870175658534,0.0002109398682933472
1730174035.119873,0.5323924875,0.5321815476317067,0.5322870175658534,0.0002109398682933472
1730174036.122798,0.53229248875,0.5321815047092687,0.5322369967296343,0.00011098404073128787
1730174037.126095,0.53229248875,0.5321815047092687,0.5322369967296343,0.00011098404073128787
1730174038.12966,0.53229248875,0.5321815047092687,0.5322369967296343,0.00011098404073128787
1730174039.1330078,0.53229248875,0.5321815047092687,0.5322369967296343,0.00011098404073128787
1730174040.1361659,0.53229248875,0.5321815047092687,0.5322369967296343,0.00011098404073128787
1730174041.13936,0.53229248875,0.5321815047092687,0.5322369967296343,0.00011098404073128787
1730174042.142685,0.53219249,0.5322495824137226,0.5322210362068613,-5.709241372253704e-05
1730174043.146035,0.53219249,0.5322495824137226,0.5322210362068613,-5.709241372253704e-05
1730174044.149424,0.53219249,0.5322495824137226,0.5322210362068613,-5.709241372253704e-05
1730174045.152381,0.53219249,0.5322495824137226,0.5322210362068613,-5.709241372253704e-05
1730174046.154922,0.53219249,0.5322495824137226,0.5322210362068613,-5.709241372253704e-05
1730174047.158176,0.53219249,0.5322495824137226,0.5322210362068613,-5.709241372253704e-05
1730174048.1611578,0.53219249,0.5322495824137226,0.5322210362068613,-5.709241372253704e-05
1730174049.1641111,0.53219249,0.5322495824137226,0.5322210362068613,-5.709241372253704e-05
1730174050.16714,0.53219248875,0.5322523464964452,0.5322224176232226,-5.985774644512443e-05
1730174051.170324,0.53219248875,0.5322523464964452,0.5322224176232226,-5.985774644512443e-05
1730174052.173312,0.53219248875,0.5322523464964452,0.5322224176232226,-5.985774644512443e-05
1730174053.175843,0.53219248875,0.5322523464964452,0.5322224176232226,-5.985774644512443e-05
1730174054.1789849,0.53219248875,0.5322523464964452,0.5322224176232226,-5.985774644512443e-05
1730174055.181969,0.53219248875,0.5322523464964452,0.5322224176232226,-5.985774644512443e-05
1730174056.184481,0.53219248875,0.5322523464964452,0.5322224176232226,-5.985774644512443e-05
1730174057.187853,0.53219248875,0.5322523464964452,0.5322224176232226,-5.985774644512443e-05
1730174058.1909912,0.53219248875,0.5322523464964452,0.5322224176232226,-5.985774644512443e-05
1730174059.193737,0.53219248875,0.5322523464964452,0.5322224176232226,-5.985774644512443e-05
1730174060.196436,0.53219248875,0.5322523464964452,0.5322224176232226,-5.985774644512443e-05
1730174061.1998248,0.53209249,0.5322370635183987,0.5321647767591994,-0.00014457351839869403
1730174062.203111,0.53209249,0.5322370635183987,0.5321647767591994,-0.00014457351839869403
1730174063.206441,0.53209249,0.5322370635183987,0.5321647767591994,-0.00014457351839869403
1730174064.209833,0.53209249,0.5322370635183987,0.5321647767591994,-0.00014457351839869403
1730174065.213196,0.53209249,0.5322370635183987,0.5321647767591994,-0.00014457351839869403
1730174066.2163851,0.53209249,0.5322370635183987,0.5321647767591994,-0.00014457351839869403
1730174067.219682,0.53209249,0.5322370635183987,0.5321647767591994,-0.00014457351839869403
1730174068.2230458,0.53209249,0.5322370635183987,0.5321647767591994,-0.00014457351839869403
1730174069.226277,0.53209249,0.5322370635183987,0.5321647767591994,-0.00014457351839869403
1730174070.229532,0.53209249,0.5322248178993032,0.5321586539496517,-0.00013232789930317512
1730174071.232716,0.53209249,0.5322248178993032,0.5321586539496517,-0.00013232789930317512
1730174072.235809,0.53209249,0.5322248178993032,0.5321586539496517,-0.00013232789930317512
1730174073.238914,0.53209249,0.5322248178993032,0.5321586539496517,-0.00013232789930317512
1730174074.242259,0.53209249,0.5322248178993032,0.5321586539496517,-0.00013232789930317512
1730174075.2455292,0.53209249,0.5322248178993032,0.5321586539496517,-0.00013232789930317512
1730174076.2489321,0.53219248875,0.5322240839983526,0.5322082863741764,-3.159524835261163e-05
1730174077.2523148,0.53219248875,0.5322240839983526,0.5322082863741764,-3.159524835261163e-05
1730174078.255651,0.53219248875,0.5322240839983526,0.5322082863741764,-3.159524835261163e-05
1730174079.2583811,0.53219248875,0.5322240839983526,0.5322082863741764,-3.159524835261163e-05
1730174080.2608361,0.53219248875,0.5322240839983526,0.5322082863741764,-3.159524835261163e-05
1730174081.2634351,0.53219248875,0.5322240839983526,0.5322082863741764,-3.159524835261163e-05
1730174082.266908,0.53219248875,0.5322240839983526,0.5322082863741764,-3.159524835261163e-05
1730174083.270277,0.53219248875,0.5322240839983526,0.5322082863741764,-3.159524835261163e-05
1730174084.27374,0.53219248875,0.5322240839983526,0.5322082863741764,-3.159524835261163e-05
1730174085.276926,0.53219248875,0.5322240839983526,0.5322082863741764,-3.159524835261163e-05
1730174086.2799811,0.53219248875,0.5322240839983526,0.5322082863741764,-3.159524835261163e-05
1730174087.283238,0.53219248875,0.5322241458025627,0.5322083172762814,-3.165705256269469e-05
1730174088.286635,0.53219248875,0.5322241458025627,0.5322083172762814,-3.165705256269469e-05
1730174089.290036,0.53219248875,0.5322241458025627,0.5322083172762814,-3.165705256269469e-05
1730174090.293031,0.53219248875,0.5322241458025627,0.5322083172762814,-3.165705256269469e-05
1730174091.296274,0.53219248875,0.5322241458025627,0.5322083172762814,-3.165705256269469e-05
1730174092.299359,0.53219248875,0.5322241458025627,0.5322083172762814,-3.165705256269469e-05
1730174093.303287,0.53219248875,0.5322241458025627,0.5322083172762814,-3.165705256269469e-05
1730174094.307039,0.53219248875,0.5322241458025627,0.5322083172762814,-3.165705256269469e-05
1730174095.310394,0.53219248875,0.5322241458025627,0.5322083172762814,-3.165705256269469e-05
1730174096.313688,0.53219248625,0.5322321757487043,0.5322123309993522,-3.968949870425398e-05
1730174097.317191,0.53219248625,0.5322321757487043,0.5322123309993522,-3.968949870425398e-05
1730174098.3205209,0.53219248625,0.5322321757487043,0.5322123309993522,-3.968949870425398e-05
1730174099.323863,0.53219248625,0.5322321757487043,0.5322123309993522,-3.968949870425398e-05
1730174100.326336,0.53219248625,0.5322321757487043,0.5322123309993522,-3.968949870425398e-05
1730174101.329824,0.53219248625,0.5322321757487043,0.5322123309993522,-3.968949870425398e-05
1730174102.333163,0.53219248625,0.5322321757487043,0.5322123309993522,-3.968949870425398e-05
1730174103.336479,0.53209248875,0.5321799217197241,0.532136205234862,-8.74329697240217e-05
1730174104.3397272,0.53209248875,0.5321799217197241,0.532136205234862,-8.74329697240217e-05
1730174105.342685,0.53209248875,0.5321799217197241,0.532136205234862,-8.74329697240217e-05
1730174106.345366,0.53209248875,0.5321799217197241,0.532136205234862,-8.74329697240217e-05
1730174107.348563,0.53209248875,0.5321799217197241,0.532136205234862,-8.74329697240217e-05
1730174108.3510919,0.53209248875,0.5321799217197241,0.532136205234862,-8.74329697240217e-05
1730174109.3547032,0.53209248875,0.5321802829409322,0.5321363858454662,-8.779419093218888e-05
1730174110.357856,0.53209248875,0.5321802829409322,0.5321363858454662,-8.779419093218888e-05
1730174111.3608909,0.53209248875,0.5321802829409322,0.5321363858454662,-8.779419093218888e-05
1730174112.363477,0.53209248875,0.5321802829409322,0.5321363858454662,-8.779419093218888e-05
1730174113.366137,0.53209248875,0.5321802829409322,0.5321363858454662,-8.779419093218888e-05
1730174114.368928,0.53209248875,0.5321802829409322,0.5321363858454662,-8.779419093218888e-05
1730174115.371213,0.53199249,0.5321892576127908,0.5320908738063954,-0.00019676761279074917
1730174116.373371,0.53199249,0.5321892576127908,0.5320908738063954,-0.00019676761279074917
1730174117.376162,0.53199249,0.5321892576127908,0.5320908738063954,-0.00019676761279074917
1730174118.377922,0.53199249,0.5321892576127908,0.5320908738063954,-0.00019676761279074917
1730174119.3798358,0.53199249,0.5321892576127908,0.5320908738063954,-0.00019676761279074917
1730174120.382178,0.53199249,0.5321892576127908,0.5320908738063954,-0.00019676761279074917
1730174121.384583,0.53199249,0.5321892576127908,0.5320908738063954,-0.00019676761279074917
1730174122.387029,0.53199249,0.5321892576127908,0.5320908738063954,-0.00019676761279074917
1730174123.3893492,0.53209248875,0.5321799552812176,0.5321362220156088,-8.746653121760595e-05
1730174124.392452,0.53209248875,0.5321799552812176,0.5321362220156088,-8.746653121760595e-05
1730174125.394955,0.53209248875,0.5321799552812176,0.5321362220156088,-8.746653121760595e-05
1730174126.397095,0.53209248875,0.5321799552812176,0.5321362220156088,-8.746653121760595e-05
1730174127.399311,0.53209248875,0.5321799552812176,0.5321362220156088,-8.746653121760595e-05
1730174128.402713,0.53209248875,0.5321799552812176,0.5321362220156088,-8.746653121760595e-05
1730174129.4058418,0.5321924875,0.5321612941562759,0.5321768908281379,3.119334372414517e-05
1730174130.4091341,0.5321924875,0.5321612941562759,0.5321768908281379,3.119334372414517e-05
1730174131.4120488,0.5321924875,0.5321612941562759,0.5321768908281379,3.119334372414517e-05
1730174132.415414,0.5321924875,0.5321612941562759,0.5321768908281379,3.119334372414517e-05
1730174133.418113,0.5321924875,0.5321612941562759,0.5321768908281379,3.119334372414517e-05
1730174134.420619,0.5322924862499999,0.5322699485023525,0.5322812173761762,2.2537747647377593e-05
1730174135.423569,0.5322924862499999,0.5322699485023525,0.5322812173761762,2.2537747647377593e-05
1730174136.4268181,0.5322924862499999,0.5322699485023525,0.5322812173761762,2.2537747647377593e-05
1730174137.429893,0.5322924862499999,0.5322699485023525,0.5322812173761762,2.2537747647377593e-05
1730174138.432786,0.5322924862499999,0.5322699485023525,0.5322812173761762,2.2537747647377593e-05
1730174139.435745,0.5322924862499999,0.5322699485023525,0.5322812173761762,2.2537747647377593e-05
1730174140.4375832,0.532392485,0.532182425456515,0.5322874552282575,0.00021005954348507494
1730174141.440403,0.532392485,0.532182425456515,0.5322874552282575,0.00021005954348507494
1730174142.443696,0.532392485,0.532182425456515,0.5322874552282575,0.00021005954348507494
1730174143.446076,0.532392485,0.532182425456515,0.5322874552282575,0.00021005954348507494
1730174144.449344,0.532392485,0.532182425456515,0.5322874552282575,0.00021005954348507494
1730174145.452422,0.532392485,0.532182425456515,0.5322874552282575,0.00021005954348507494
1730174146.455132,0.532392485,0.532182425456515,0.5322874552282575,0.00021005954348507494
1730174147.458246,0.5322924862499999,0.5321667831175477,0.5322296346837738,0.0001257031324521929
1730174148.461527,0.5322924862499999,0.5321667831175477,0.5322296346837738,0.0001257031324521929
1730174149.464323,0.5322924862499999,0.5321667831175477,0.5322296346837738,0.0001257031324521929
1730174150.466885,0.5322924862499999,0.5321667831175477,0.5322296346837738,0.0001257031324521929
1730174151.4699252,0.5322924862499999,0.5321667831175477,0.5322296346837738,0.0001257031324521929
1730174152.4733608,0.5322924862499999,0.5321667831175477,0.5322296346837738,0.0001257031324521929
1730174153.4763699,0.5322924862499999,0.5321667831175477,0.5322296346837738,0.0001257031324521929
1730174154.479754,0.5322924862499999,0.5321667831175477,0.5322296346837738,0.0001257031324521929
1730174155.483187,0.5322924862499999,0.5321803786585965,0.5322364324542982,0.00011210759140345417
1730174156.485929,0.5322924862499999,0.5321803786585965,0.5322364324542982,0.00011210759140345417
1730174157.488935,0.5322924862499999,0.5321803786585965,0.5322364324542982,0.00011210759140345417
1730174158.491785,0.5322924862499999,0.5321803786585965,0.5322364324542982,0.00011210759140345417
1730174159.494949,0.5322924862499999,0.5321803786585965,0.5322364324542982,0.00011210759140345417
1730174160.497945,0.5321924875,0.5322737574780744,0.5322331224890372,-8.126997807433867e-05
1730174161.500931,0.5321924875,0.5322737574780744,0.5322331224890372,-8.126997807433867e-05
1730174162.504383,0.5321924875,0.5322737574780744,0.5322331224890372,-8.126997807433867e-05
1730174163.507804,0.5321924875,0.5322737574780744,0.5322331224890372,-8.126997807433867e-05
1730174164.511276,0.5321924875,0.5322737574780744,0.5322331224890372,-8.126997807433867e-05
1730174165.5146391,0.5321924875,0.5322737574780744,0.5322331224890372,-8.126997807433867e-05
1730174166.5180511,0.5321924875,0.5322737574780744,0.5322331224890372,-8.126997807433867e-05
1730174167.521337,0.5321924875,0.5322481230272865,0.5322203052636433,-5.563552728649057e-05
1730174168.524607,0.5321924875,0.5322481230272865,0.5322203052636433,-5.563552728649057e-05
1730174169.5280619,0.5321924875,0.5322481230272865,0.5322203052636433,-5.563552728649057e-05
1730174170.531344,0.5321924875,0.5322481230272865,0.5322203052636433,-5.563552728649057e-05
1730174171.5344992,0.5321924875,0.5322481230272865,0.5322203052636433,-5.563552728649057e-05
1730174172.537992,0.5321924875,0.5322481230272865,0.5322203052636433,-5.563552728649057e-05
1730174173.5408618,0.5321924875,0.5322481230272865,0.5322203052636433,-5.563552728649057e-05
1730174174.544267,0.5321924875,0.5322481230272865,0.5322203052636433,-5.563552728649057e-05
1730174175.5477288,0.5321924875,0.5322648069067479,0.5322286472033739,-7.23194067479005e-05
1730174176.550999,0.5321924875,0.5322648069067479,0.5322286472033739,-7.23194067479005e-05
1730174177.554141,0.5321924875,0.5322648069067479,0.5322286472033739,-7.23194067479005e-05
1730174178.557517,0.5321924875,0.5322648069067479,0.5322286472033739,-7.23194067479005e-05
1730174179.5607748,0.5321924875,0.5322648069067479,0.5322286472033739,-7.23194067479005e-05
1730174180.563894,0.5321924875,0.5322648069067479,0.5322286472033739,-7.23194067479005e-05
1730174181.566713,0.5321924875,0.5323060992047136,0.5322492933523568,-0.00011361170471357873
1730174182.570184,0.5321924875,0.5323060992047136,0.5322492933523568,-0.00011361170471357873
1730174183.5728471,0.5321924875,0.5323060992047136,0.5322492933523568,-0.00011361170471357873
1730174184.5761569,0.5321924875,0.5323060992047136,0.5322492933523568,-0.00011361170471357873
1730174185.579572,0.5321924875,0.5323060992047136,0.5322492933523568,-0.00011361170471357873
1730174186.58285,0.5321924875,0.5323060992047136,0.5322492933523568,-0.00011361170471357873
1730174187.586138,0.5321924875,0.5323060992047136,0.5322492933523568,-0.00011361170471357873
1730174188.589097,0.5321924875,0.5323060992047136,0.5322492933523568,-0.00011361170471357873
1730174189.5924008,0.5322924862499999,0.5322784365685347,0.5322854614092674,1.4049681465233554e-05
1730174190.5957608,0.5322924862499999,0.5322784365685347,0.5322854614092674,1.4049681465233554e-05
1730174191.5988271,0.5322924862499999,0.5322784365685347,0.5322854614092674,1.4049681465233554e-05
1730174192.602172,0.5322924862499999,0.5322784365685347,0.5322854614092674,1.4049681465233554e-05
1730174193.605557,0.5322924862499999,0.5322784365685347,0.5322854614092674,1.4049681465233554e-05
1730174194.608719,0.5322924862499999,0.5322786982946331,0.5322855922723165,1.378795536677302e-05
1730174195.612041,0.5322924862499999,0.5322786982946331,0.5322855922723165,1.378795536677302e-05
1730174196.615519,0.5322924862499999,0.5322786982946331,0.5322855922723165,1.378795536677302e-05
1730174197.618933,0.5322924862499999,0.5322786982946331,0.5322855922723165,1.378795536677302e-05
1730174198.622275,0.5322924862499999,0.5322786982946331,0.5322855922723165,1.378795536677302e-05
1730174199.625505,0.5322924862499999,0.5322786982946331,0.5322855922723165,1.378795536677302e-05
1730174200.628754,0.5322924862499999,0.5322786982946331,0.5322855922723165,1.378795536677302e-05
1730174201.6314518,0.5322924862499999,0.5322882491553848,0.5322903677026923,4.237094615167081e-06
1730174202.634563,0.5322924862499999,0.5322882491553848,0.5322903677026923,4.237094615167081e-06
1730174203.637619,0.5322924862499999,0.5322882491553848,0.5322903677026923,4.237094615167081e-06
1730174204.640946,0.5322924862499999,0.5322882491553848,0.5322903677026923,4.237094615167081e-06
1730174205.644377,0.5322924862499999,0.5322882491553848,0.5322903677026923,4.237094615167081e-06
1730174206.6477451,0.5322924862499999,0.5322882491553848,0.5322903677026923,4.237094615167081e-06
1730174207.65138,0.5321924875,0.5322871588433169,0.5322398231716585,-9.467134331686555e-05
1730174208.654644,0.5321924875,0.5322871588433169,0.5322398231716585,-9.467134331686555e-05
1730174209.6578078,0.5321924875,0.5322871588433169,0.5322398231716585,-9.467134331686555e-05
1730174210.660397,0.5321924875,0.5322871588433169,0.5322398231716585,-9.467134331686555e-05
1730174211.6637921,0.5321924875,0.5322871588433169,0.5322398231716585,-9.467134331686555e-05
1730174212.66708,0.5321924875,0.5322871588433169,0.5322398231716585,-9.467134331686555e-05
1730174213.6703098,0.5321924875,0.5322871588433169,0.5322398231716585,-9.467134331686555e-05
1730174214.67369,0.5321924875,0.5322871588433169,0.5322398231716585,-9.467134331686555e-05
1730174215.677136,0.5321924875,0.5322871588433169,0.5322398231716585,-9.467134331686555e-05
1730174216.6805,0.5321924875,0.5322871588433169,0.5322398231716585,-9.467134331686555e-05
1730174217.683657,0.5321924875,0.5322884571470231,0.5322404723235116,-9.596964702307531e-05
1730174218.687045,0.5321924875,0.5322884571470231,0.5322404723235116,-9.596964702307531e-05
1730174219.69033,0.5321924875,0.5322884571470231,0.5322404723235116,-9.596964702307531e-05
1730174220.693245,0.5321924875,0.5322884571470231,0.5322404723235116,-9.596964702307531e-05
1730174221.6964731,0.5321924875,0.5322884571470231,0.5322404723235116,-9.596964702307531e-05
1730174222.699858,0.5321924875,0.5322884571470231,0.5322404723235116,-9.596964702307531e-05
1730174223.703359,0.5321924875,0.5322884571470231,0.5322404723235116,-9.596964702307531e-05
1730174224.706736,0.5321924875,0.5322785711726611,0.5322355293363306,-8.608367266105255e-05
1730174225.70998,0.5321924875,0.5322785711726611,0.5322355293363306,-8.608367266105255e-05
1730174226.713194,0.5321924875,0.5322785711726611,0.5322355293363306,-8.608367266105255e-05
1730174227.7163079,0.5321924875,0.5322785711726611,0.5322355293363306,-8.608367266105255e-05
1730174228.7195451,0.5321924875,0.5322785711726611,0.5322355293363306,-8.608367266105255e-05
1730174229.7228749,0.5321924875,0.5322785711726611,0.5322355293363306,-8.608367266105255e-05
1730174230.7261188,0.5321924875,0.5322785711726611,0.5322355293363306,-8.608367266105255e-05
1730174231.729599,0.53219248625,0.5322872848924913,0.5322398855712457,-9.479864249128944e-05
1730174232.7330592,0.53219248625,0.5322872848924913,0.5322398855712457,-9.479864249128944e-05
1730174233.7365482,0.53219248625,0.5322872848924913,0.5322398855712457,-9.479864249128944e-05
1730174234.7399318,0.53219248625,0.5322872848924913,0.5322398855712457,-9.479864249128944e-05
1730174235.743357,0.53219248625,0.5322872848924913,0.5322398855712457,-9.479864249128944e-05
1730174236.746486,0.53219248625,0.5322872848924913,0.5322398855712457,-9.479864249128944e-05
1730174237.7497652,0.53219248625,0.5322872848924913,0.5322398855712457,-9.479864249128944e-05
1730174238.7531362,0.53219248625,0.5322884178071161,0.5322404520285581,-9.593155711606904e-05
1730174239.7564669,0.53219248625,0.5322884178071161,0.5322404520285581,-9.593155711606904e-05
1730174240.759727,0.53219248625,0.5322884178071161,0.5322404520285581,-9.593155711606904e-05
1730174241.763061,0.53219248625,0.5322884178071161,0.5322404520285581,-9.593155711606904e-05
1730174242.766307,0.53219248625,0.5322884178071161,0.5322404520285581,-9.593155711606904e-05
1730174243.769669,0.53219248625,0.5322884178071161,0.5322404520285581,-9.593155711606904e-05
1730174244.773056,0.53219248625,0.5322884178071161,0.5322404520285581,-9.593155711606904e-05
1730174245.776474,0.53219248625,0.5322928381306368,0.5322426621903185,-0.00010035188063672873
1730174246.779798,0.53219248625,0.5322928381306368,0.5322426621903185,-0.00010035188063672873
1730174247.783181,0.53219248625,0.5322928381306368,0.5322426621903185,-0.00010035188063672873
1730174248.78664,0.53219248625,0.5322928381306368,0.5322426621903185,-0.00010035188063672873
1730174249.7901351,0.53219248625,0.5322928381306368,0.5322426621903185,-0.00010035188063672873
1730174250.793503,0.53219248625,0.5322928381306368,0.5322426621903185,-0.00010035188063672873
1730174251.7967181,0.532220295,0.532241808112344,0.532231051556172,-2.1513112343996e-05
1730174252.799712,0.532220295,0.532241808112344,0.532231051556172,-2.1513112343996e-05
1730174253.802979,0.532220295,0.532241808112344,0.532231051556172,-2.1513112343996e-05
1730174254.806174,0.532220295,0.532241808112344,0.532231051556172,-2.1513112343996e-05
1730174255.8094878,0.532220295,0.532241808112344,0.532231051556172,-2.1513112343996e-05
1730174256.812843,0.532220295,0.532241808112344,0.532231051556172,-2.1513112343996e-05
1730174257.817067,0.532220295,0.532241808112344,0.532231051556172,-2.1513112343996e-05
1730174258.820865,0.532220295,0.532241808112344,0.532231051556172,-2.1513112343996e-05
1730174259.824322,0.53219248625,0.5323067425771412,0.5322496144135707,-0.00011425632714112677
1730174260.8277912,0.53219248625,0.5323067425771412,0.5322496144135707,-0.00011425632714112677
1730174261.8312662,0.53219248625,0.5323067425771412,0.5322496144135707,-0.00011425632714112677
1730174262.834643,0.53219248625,0.5323067425771412,0.5322496144135707,-0.00011425632714112677
1730174263.838196,0.53219248625,0.5323067425771412,0.5322496144135707,-0.00011425632714112677
1730174264.841523,0.53219248625,0.5323067425771412,0.5322496144135707,-0.00011425632714112677
1730174265.844856,0.53219248625,0.5323067425771412,0.5322496144135707,-0.00011425632714112677
1730174266.848073,0.53219248625,0.5323067425771412,0.5322496144135707,-0.00011425632714112677
1730174267.851535,0.5322924849999999,0.5323131031780489,0.5323027940890244,-2.0618178048992242e-05
1730174268.8550148,0.5322924849999999,0.5323131031780489,0.5323027940890244,-2.0618178048992242e-05
1730174269.858322,0.5322924849999999,0.5323131031780489,0.5323027940890244,-2.0618178048992242e-05
1730174270.86162,0.5322924849999999,0.5323131031780489,0.5323027940890244,-2.0618178048992242e-05
1730174271.864928,0.5322924849999999,0.5323131031780489,0.5323027940890244,-2.0618178048992242e-05
1730174272.868372,0.5322924849999999,0.5323131031780489,0.5323027940890244,-2.0618178048992242e-05
1730174273.87165,0.5322924849999999,0.5323159431548852,0.5323042140774426,-2.3458154885247495e-05
1730174274.8750348,0.5322924849999999,0.5323159431548852,0.5323042140774426,-2.3458154885247495e-05
1730174275.87827,0.5322924849999999,0.5323159431548852,0.5323042140774426,-2.3458154885247495e-05
1730174276.881647,0.5322924849999999,0.5323159431548852,0.5323042140774426,-2.3458154885247495e-05
1730174277.88513,0.5322924849999999,0.5323159431548852,0.5323042140774426,-2.3458154885247495e-05
1730174278.888594,0.5322924849999999,0.5323159431548852,0.5323042140774426,-2.3458154885247495e-05
1730174279.891835,0.5322924849999999,0.5323159431548852,0.5323042140774426,-2.3458154885247495e-05
1730174280.895118,0.53219248625,0.5322985229314922,0.5322455045907462,-0.00010603668149211654
1730174281.898242,0.53219248625,0.5322985229314922,0.5322455045907462,-0.00010603668149211654
1730174282.90147,0.53219248625,0.5322985229314922,0.5322455045907462,-0.00010603668149211654
1730174283.904584,0.53219248625,0.5322985229314922,0.5322455045907462,-0.00010603668149211654
1730174284.907798,0.53219248625,0.5322985229314922,0.5322455045907462,-0.00010603668149211654
1730174285.9111512,0.53219248625,0.5322985229314922,0.5322455045907462,-0.00010603668149211654
1730174286.9140632,0.53219248625,0.5322985229314922,0.5322455045907462,-0.00010603668149211654
1730174287.917325,0.53227080875,0.5322631952037187,0.5322670019768594,7.6135462813153865e-06
1730174288.920626,0.53227080875,0.5322631952037187,0.5322670019768594,7.6135462813153865e-06
1730174289.924054,0.53227080875,0.5322631952037187,0.5322670019768594,7.6135462813153865e-06
1730174290.927478,0.53227080875,0.5322631952037187,0.5322670019768594,7.6135462813153865e-06
1730174291.93089,0.53227080875,0.5322631952037187,0.5322670019768594,7.6135462813153865e-06
1730174292.9344032,0.53227080875,0.5322631952037187,0.5322670019768594,7.6135462813153865e-06
1730174293.93779,0.53227080875,0.5322631952037187,0.5322670019768594,7.6135462813153865e-06
1730174294.940951,0.53227080875,0.5322631952037187,0.5322670019768594,7.6135462813153865e-06
1730174295.943915,0.53215805,0.5322565911965004,0.5322073205982503,-9.854119650032356e-05
1730174296.947019,0.53215805,0.5322565911965004,0.5322073205982503,-9.854119650032356e-05
1730174297.950258,0.53215805,0.5322565911965004,0.5322073205982503,-9.854119650032356e-05
1730174298.953202,0.53215805,0.5322565911965004,0.5322073205982503,-9.854119650032356e-05
1730174299.9565701,0.53215805,0.5322565911965004,0.5322073205982503,-9.854119650032356e-05
1730174300.9597518,0.53215805,0.5322565911965004,0.5322073205982503,-9.854119650032356e-05
1730174301.963072,0.53215805,0.5322570556977618,0.532207552848881,-9.900569776177814e-05
1730174302.966367,0.53215805,0.5322570556977618,0.532207552848881,-9.900569776177814e-05
1730174303.969666,0.53215805,0.5322570556977618,0.532207552848881,-9.900569776177814e-05
1730174304.972965,0.53215805,0.5322570556977618,0.532207552848881,-9.900569776177814e-05
1730174305.976365,0.53215805,0.5322570556977618,0.532207552848881,-9.900569776177814e-05
1730174306.9797509,0.53215805,0.5322570556977618,0.532207552848881,-9.900569776177814e-05
1730174307.983233,0.53215805,0.5322570556977618,0.532207552848881,-9.900569776177814e-05
1730174308.986136,0.53215805,0.5322570556977618,0.532207552848881,-9.900569776177814e-05
1730174309.989259,0.53217358625,0.5322455160043024,0.5322095511271512,-7.192975430236892e-05
1730174310.99254,0.53217358625,0.5322455160043024,0.5322095511271512,-7.192975430236892e-05
1730174311.995884,0.53217358625,0.5322455160043024,0.5322095511271512,-7.192975430236892e-05
1730174312.99919,0.53217358625,0.5322455160043024,0.5322095511271512,-7.192975430236892e-05
1730174314.002283,0.53217358625,0.5322455160043024,0.5322095511271512,-7.192975430236892e-05
1730174315.005482,0.53217358625,0.5322455160043024,0.5322095511271512,-7.192975430236892e-05
1730174316.0087192,0.53217358625,0.5322455160043024,0.5322095511271512,-7.192975430236892e-05
1730174317.011471,0.53217358625,0.5322455160043024,0.5322095511271512,-7.192975430236892e-05
1730174318.014791,0.532176045,0.5322454005024211,0.5322107227512105,-6.935550242104238e-05
1730174319.01807,0.532176045,0.5322454005024211,0.5322107227512105,-6.935550242104238e-05
1730174320.021409,0.532176045,0.5322454005024211,0.5322107227512105,-6.935550242104238e-05
1730174321.0245671,0.532176045,0.5322454005024211,0.5322107227512105,-6.935550242104238e-05
1730174322.027335,0.532176045,0.5322454005024211,0.5322107227512105,-6.935550242104238e-05
1730174323.0306308,0.532176045,0.5322454005024211,0.5322107227512105,-6.935550242104238e-05
1730174324.034039,0.53212187625,0.5321407603874182,0.5321313183187091,-1.8884137418240243e-05
1730174325.037339,0.53212187625,0.5321407603874182,0.5321313183187091,-1.8884137418240243e-05
1730174326.040746,0.53212187625,0.5321407603874182,0.5321313183187091,-1.8884137418240243e-05
1730174327.044055,0.53212187625,0.5321407603874182,0.5321313183187091,-1.8884137418240243e-05
1730174328.0471308,0.53212187625,0.5321407603874182,0.5321313183187091,-1.8884137418240243e-05
1730174329.0505369,0.53212187625,0.5321407603874182,0.5321313183187091,-1.8884137418240243e-05
1730174330.053803,0.53212187625,0.5321407603874182,0.5321313183187091,-1.8884137418240243e-05
1730174331.056853,0.53214313,0.5322074162219137,0.5321752731109568,-6.428622191367861e-05
1730174332.0602298,0.53214313,0.5322074162219137,0.5321752731109568,-6.428622191367861e-05
1730174333.063343,0.53214313,0.5322074162219137,0.5321752731109568,-6.428622191367861e-05
1730174334.066792,0.53214313,0.5322074162219137,0.5321752731109568,-6.428622191367861e-05
1730174335.0700521,0.53214313,0.5322074162219137,0.5321752731109568,-6.428622191367861e-05
1730174336.073291,0.53214313,0.5322074162219137,0.5321752731109568,-6.428622191367861e-05
1730174337.076664,0.53214313,0.5322074162219137,0.5321752731109568,-6.428622191367861e-05
1730174338.0798972,0.53214313,0.5322074162219137,0.5321752731109568,-6.428622191367861e-05
1730174339.083314,0.53214313,0.5322074162219137,0.5321752731109568,-6.428622191367861e-05
1730174340.0864692,0.53214313,0.5322074162219137,0.5321752731109568,-6.428622191367861e-05
1730174341.08972,0.53214313,0.5322074162219137,0.5321752731109568,-6.428622191367861e-05
1730174342.093167,0.53214313,0.5322074162219137,0.5321752731109568,-6.428622191367861e-05
1730174343.096265,0.53216752,0.5322540308714397,0.5322107754357199,-8.651087143973779e-05
1730174344.099714,0.53216752,0.5322540308714397,0.5322107754357199,-8.651087143973779e-05
1730174345.1029289,0.53216752,0.5322540308714397,0.5322107754357199,-8.651087143973779e-05
1730174346.106186,0.53216752,0.5322540308714397,0.5322107754357199,-8.651087143973779e-05
1730174347.108753,0.53216752,0.5322540308714397,0.5322107754357199,-8.651087143973779e-05
1730174348.112184,0.53216752,0.5322540308714397,0.5322107754357199,-8.651087143973779e-05
1730174349.1153338,0.53223951625,0.5323329991074922,0.5322862576787462,-9.348285749222196e-05
1730174350.1187782,0.53223951625,0.5323329991074922,0.5322862576787462,-9.348285749222196e-05
1730174351.122349,0.53223951625,0.5323329991074922,0.5322862576787462,-9.348285749222196e-05
1730174352.125754,0.53223951625,0.5323329991074922,0.5322862576787462,-9.348285749222196e-05
1730174353.129099,0.53223951625,0.5323329991074922,0.5322862576787462,-9.348285749222196e-05
1730174354.132597,0.53223951625,0.5323329991074922,0.5322862576787462,-9.348285749222196e-05
1730174355.1359801,0.53223951625,0.5323329991074922,0.5322862576787462,-9.348285749222196e-05
1730174356.139401,0.53223951625,0.5323329991074922,0.5322862576787462,-9.348285749222196e-05
1730174357.142642,0.53223951625,0.5323329991074922,0.5322862576787462,-9.348285749222196e-05
1730174358.145421,0.53234720375,0.5323330050341447,0.5323401043920724,1.419871585528476e-05
1730174359.148431,0.53234720375,0.5323330050341447,0.5323401043920724,1.419871585528476e-05
1730174360.151725,0.53234720375,0.5323330050341447,0.5323401043920724,1.419871585528476e-05
1730174361.154764,0.53234720375,0.5323330050341447,0.5323401043920724,1.419871585528476e-05
1730174362.15807,0.53234720375,0.5323330050341447,0.5323401043920724,1.419871585528476e-05
1730174363.161342,0.53234720375,0.532332999114157,0.5323401014320785,1.4204635843007019e-05
1730174364.1645539,0.53234720375,0.532332999114157,0.5323401014320785,1.4204635843007019e-05
1730174365.167878,0.53234720375,0.532332999114157,0.5323401014320785,1.4204635843007019e-05
1730174366.1709251,0.53234720375,0.532332999114157,0.5323401014320785,1.4204635843007019e-05
1730174367.174224,0.53234720375,0.532332999114157,0.5323401014320785,1.4204635843007019e-05
1730174368.177093,0.53234720375,0.532332999114157,0.5323401014320785,1.4204635843007019e-05
1730174369.180181,0.53234720375,0.532332999114157,0.5323401014320785,1.4204635843007019e-05
1730174370.183291,0.53236763,0.5323311929793078,0.5323494114896539,3.6437020692225985e-05
1730174371.1866739,0.53236763,0.5323311929793078,0.5323494114896539,3.6437020692225985e-05
1730174372.1900659,0.53236763,0.5323311929793078,0.5323494114896539,3.6437020692225985e-05
1730174373.193108,0.53236763,0.5323311929793078,0.5323494114896539,3.6437020692225985e-05
1730174374.19628,0.53236763,0.5323311929793078,0.5323494114896539,3.6437020692225985e-05
1730174375.1995678,0.53236763,0.5323311929793078,0.5323494114896539,3.6437020692225985e-05
1730174376.202891,0.532321225,0.5323767362220758,0.532348980611038,-5.5511222075810274e-05
1730174377.2061608,0.532321225,0.5323767362220758,0.532348980611038,-5.5511222075810274e-05
1730174378.209574,0.532321225,0.5323767362220758,0.532348980611038,-5.5511222075810274e-05
1730174379.212874,0.532321225,0.5323767362220758,0.532348980611038,-5.5511222075810274e-05
1730174380.216311,0.532321225,0.5323767362220758,0.532348980611038,-5.5511222075810274e-05
1730174381.219726,0.532321225,0.5323590606670182,0.5323401428335091,-3.783566701820451e-05
1730174382.22283,0.532321225,0.5323590606670182,0.5323401428335091,-3.783566701820451e-05
1730174383.226136,0.532321225,0.5323590606670182,0.5323401428335091,-3.783566701820451e-05
1730174384.229339,0.532321225,0.5323590606670182,0.5323401428335091,-3.783566701820451e-05
1730174385.232617,0.532321225,0.5323590606670182,0.5323401428335091,-3.783566701820451e-05
1730174386.23581,0.532321225,0.5323590606670182,0.5323401428335091,-3.783566701820451e-05
1730174387.239012,0.532321225,0.5323590606670182,0.5323401428335091,-3.783566701820451e-05
1730174388.24249,0.532321225,0.5323590606670182,0.5323401428335091,-3.783566701820451e-05
1730174389.2463748,0.532321225,0.5322963237990488,0.5323087743995244,2.4901200951221725e-05
1730174390.249398,0.532321225,0.5322963237990488,0.5323087743995244,2.4901200951221725e-05
1730174391.252828,0.532321225,0.5322963237990488,0.5323087743995244,2.4901200951221725e-05
1730174392.255973,0.532321225,0.5322963237990488,0.5323087743995244,2.4901200951221725e-05
1730174393.259264,0.532321225,0.5322963237990488,0.5323087743995244,2.4901200951221725e-05
1730174394.26212,0.532321225,0.5322963237990488,0.5323087743995244,2.4901200951221725e-05
1730174395.2653818,0.532321225,0.5322963237990488,0.5323087743995244,2.4901200951221725e-05
1730174396.268804,0.532321225,0.5322963237990488,0.5323087743995244,2.4901200951221725e-05
1730174397.272019,0.532204665,0.5322074175813274,0.5322060412906637,-2.7525813274253963e-06
1730174398.275102,0.532204665,0.5322074175813274,0.5322060412906637,-2.7525813274253963e-06
1730174399.278271,0.532204665,0.5322074175813274,0.5322060412906637,-2.7525813274253963e-06
1730174400.2817018,0.532204665,0.5322074175813274,0.5322060412906637,-2.7525813274253963e-06
1730174401.285202,0.532204665,0.5322074175813274,0.5322060412906637,-2.7525813274253963e-06
1730174402.289282,0.532204665,0.5322074175813274,0.5322060412906637,-2.7525813274253963e-06
1730174403.292743,0.532204665,0.5322074175813274,0.5322060412906637,-2.7525813274253963e-06
1730174404.295894,0.532204665,0.5322074175813274,0.5322060412906637,-2.7525813274253963e-06
1730174405.299239,0.532204665,0.5322074175813274,0.5322060412906637,-2.7525813274253963e-06
1730174406.3025448,0.532204665,0.5322074175813274,0.5322060412906637,-2.7525813274253963e-06
1730174407.305862,0.532204665,0.5322074175813274,0.5322060412906637,-2.7525813274253963e-06
1730174408.309175,0.53221463375,0.5322074175813274,0.5322110256656637,7.216168672607992e-06
1730174409.312661,0.53221463375,0.5322074175813274,0.5322110256656637,7.216168672607992e-06
1730174410.315647,0.53221463375,0.5322074175813274,0.5322110256656637,7.216168672607992e-06
1730174411.319052,0.53221463375,0.5322074175813274,0.5322110256656637,7.216168672607992e-06
1730174412.3223,0.53221463375,0.5322074175813274,0.5322110256656637,7.216168672607992e-06
1730174413.3253288,0.53221463375,0.5322074175813274,0.5322110256656637,7.216168672607992e-06
1730174414.328696,0.53221463375,0.5322074175813274,0.5322110256656637,7.216168672607992e-06
1730174415.33214,0.53221463375,0.5322074175813274,0.5322110256656637,7.216168672607992e-06
1730174416.3356469,0.53221463375,0.5322074175813274,0.5322110256656637,7.216168672607992e-06
1730174417.33902,0.53224771625,0.5323074183687418,0.5322775673093709,-5.97021187418445e-05
1730174418.342277,0.53224771625,0.5323074183687418,0.5322775673093709,-5.97021187418445e-05
1730174419.3453069,0.53224771625,0.5323074183687418,0.5322775673093709,-5.97021187418445e-05
1730174420.348521,0.53224771625,0.5323074183687418,0.5322775673093709,-5.97021187418445e-05
1730174421.351733,0.53224771625,0.5323074183687418,0.5322775673093709,-5.97021187418445e-05
1730174422.354815,0.53224771625,0.5323074183687418,0.5322775673093709,-5.97021187418445e-05
1730174423.357999,0.53224771625,0.5323074183687418,0.5322775673093709,-5.97021187418445e-05
1730174424.3614762,0.53224771625,0.5323074183687418,0.5322775673093709,-5.97021187418445e-05
1730174425.3646238,0.53241140375,0.532546937184606,0.532479170467303,-0.00013553343460603884
1730174426.367949,0.53241140375,0.532546937184606,0.532479170467303,-0.00013553343460603884
1730174427.371252,0.53241140375,0.532546937184606,0.532479170467303,-0.00013553343460603884
1730174428.3742878,0.53241140375,0.532546937184606,0.532479170467303,-0.00013553343460603884
1730174429.377389,0.53241140375,0.532546937184606,0.532479170467303,-0.00013553343460603884
1730174430.380675,0.53241140375,0.532546937184606,0.532479170467303,-0.00013553343460603884
1730174431.383956,0.53241140375,0.532546937184606,0.532479170467303,-0.00013553343460603884
1730174432.3871,0.53306924625,0.5326952232624785,0.5328822347562392,0.0003740229875214274
1730174433.389539,0.53306924625,0.5326952232624785,0.5328822347562392,0.0003740229875214274
1730174434.3926651,0.53306924625,0.5326952232624785,0.5328822347562392,0.0003740229875214274
1730174435.395869,0.53306924625,0.5326952232624785,0.5328822347562392,0.0003740229875214274
1730174436.399144,0.53306924625,0.5326952232624785,0.5328822347562392,0.0003740229875214274
1730174437.402219,0.53306924625,0.5326952232624785,0.5328822347562392,0.0003740229875214274
1730174438.404756,0.53306924625,0.5326952232624785,0.5328822347562392,0.0003740229875214274
1730174439.40869,0.53306924625,0.5326952232624785,0.5328822347562392,0.0003740229875214274
1730174440.4120681,0.53306924625,0.5326952232624785,0.5328822347562392,0.0003740229875214274
1730174441.41533,0.53324933125,0.5327305917268516,0.5329899614884257,0.0005187395231484038
1730174442.418764,0.53324933125,0.5327305917268516,0.5329899614884257,0.0005187395231484038
1730174443.422094,0.53324933125,0.5327305917268516,0.5329899614884257,0.0005187395231484038
1730174444.425292,0.53324933125,0.5327305917268516,0.5329899614884257,0.0005187395231484038
1730174445.428552,0.53324933125,0.5327305917268516,0.5329899614884257,0.0005187395231484038
1730174446.431668,0.53324933125,0.5327305917268516,0.5329899614884257,0.0005187395231484038
1730174447.4349089,0.53324933125,0.5327305917268516,0.5329899614884257,0.0005187395231484038
1730174448.43806,0.53319401375,0.53272419268912,0.53295910321956,0.00046982106088000464
1730174449.4415932,0.53319401375,0.53272419268912,0.53295910321956,0.00046982106088000464
1730174450.444567,0.53319401375,0.53272419268912,0.53295910321956,0.00046982106088000464
1730174451.447516,0.53319401375,0.53272419268912,0.53295910321956,0.00046982106088000464
1730174452.4509509,0.53319401375,0.53272419268912,0.53295910321956,0.00046982106088000464
1730174453.45408,0.53319401375,0.53272419268912,0.53295910321956,0.00046982106088000464
1730174454.4572082,0.53319401375,0.53272419268912,0.53295910321956,0.00046982106088000464
1730174455.46041,0.5330924725,0.5328108754673354,0.5329516739836677,0.00028159703266461555
1730174456.463763,0.5330924725,0.5328108754673354,0.5329516739836677,0.00028159703266461555
1730174457.4666612,0.5330924725,0.5328108754673354,0.5329516739836677,0.00028159703266461555
1730174458.469897,0.5330924725,0.5328108754673354,0.5329516739836677,0.00028159703266461555
1730174459.472841,0.5330924725,0.5328108754673354,0.5329516739836677,0.00028159703266461555
1730174460.476064,0.5330924725,0.5328108754673354,0.5329516739836677,0.00028159703266461555
1730174461.479525,0.5330924725,0.5328108754673354,0.5329516739836677,0.00028159703266461555
1730174462.4830332,0.5330924725,0.5328108754673354,0.5329516739836677,0.00028159703266461555
1730174463.485562,0.5330924725,0.5328108754673354,0.5329516739836677,0.00028159703266461555
1730174464.4881122,0.53314633625,0.5329177739572295,0.5330320551036147,0.00022856229277046225
1730174465.4914298,0.53314633625,0.5329177739572295,0.5330320551036147,0.00022856229277046225
1730174466.49558,0.53314633625,0.5329177739572295,0.5330320551036147,0.00022856229277046225
1730174467.4982731,0.53314633625,0.5329177739572295,0.5330320551036147,0.00022856229277046225
1730174468.5011232,0.53314633625,0.5329177739572295,0.5330320551036147,0.00022856229277046225
1730174469.50437,0.53314633625,0.5329177739572295,0.5330320551036147,0.00022856229277046225
1730174470.507738,0.53314633625,0.5329177739572295,0.5330320551036147,0.00022856229277046225
1730174471.515425,0.5331924674999999,0.5329687528248611,0.5330806101624306,0.0002237146751388197
1730174472.517696,0.5331924674999999,0.5329687528248611,0.5330806101624306,0.0002237146751388197
1730174473.520906,0.5331924674999999,0.5329687528248611,0.5330806101624306,0.0002237146751388197
1730174474.5241,0.5331924674999999,0.5329687528248611,0.5330806101624306,0.0002237146751388197
1730174475.5275352,0.5331924674999999,0.5329687528248611,0.5330806101624306,0.0002237146751388197
1730174476.530763,0.5331924674999999,0.5329687528248611,0.5330806101624306,0.0002237146751388197
1730174477.5339499,0.5331594525,0.5329737950745911,0.5330666237872955,0.00018565742540888053
1730174478.537123,0.5331594525,0.5329737950745911,0.5330666237872955,0.00018565742540888053
1730174479.5403688,0.5331594525,0.5329737950745911,0.5330666237872955,0.00018565742540888053
1730174480.543731,0.5331594525,0.5329737950745911,0.5330666237872955,0.00018565742540888053
1730174481.547255,0.5331594525,0.5329737950745911,0.5330666237872955,0.00018565742540888053
1730174482.550445,0.5331594525,0.5329737950745911,0.5330666237872955,0.00018565742540888053
1730174483.553578,0.5331594525,0.5329737950745911,0.5330666237872955,0.00018565742540888053
1730174484.55692,0.5331594525,0.5329737950745911,0.5330666237872955,0.00018565742540888053
1730174485.560192,0.5331594525,0.5329737950745911,0.5330666237872955,0.00018565742540888053
1730174486.5634718,0.5331594525,0.5329737950745911,0.5330666237872955,0.00018565742540888053
1730174487.5666502,0.5331594525,0.5329737950745911,0.5330666237872955,0.00018565742540888053
1730174488.569858,0.5331594525,0.5329737950745911,0.5330666237872955,0.00018565742540888053
1730174489.573007,0.5331924674999999,0.5330538469045433,0.5331231572022717,0.00013862059545666217
1730174490.576233,0.5331924674999999,0.5330538469045433,0.5331231572022717,0.00013862059545666217
1730174491.5794492,0.5331924674999999,0.5330538469045433,0.5331231572022717,0.00013862059545666217
1730174492.582564,0.5331924674999999,0.5330538469045433,0.5331231572022717,0.00013862059545666217
1730174493.5846531,0.5331924674999999,0.5330538469045433,0.5331231572022717,0.00013862059545666217
1730174494.587301,0.5331924674999999,0.5330538469045433,0.5331231572022717,0.00013862059545666217
1730174495.590185,0.5331924674999999,0.5330538469045433,0.5331231572022717,0.00013862059545666217
1730174496.593469,0.5331924674999999,0.5330538469045433,0.5331231572022717,0.00013862059545666217
1730174497.596745,0.5331924674999999,0.5330538469045433,0.5331231572022717,0.00013862059545666217
1730174498.5993779,0.53329246625,0.5330816406039341,0.5331870534269672,0.00021082564606589305
1730174499.602766,0.53329246625,0.5330816406039341,0.5331870534269672,0.00021082564606589305
1730174500.605484,0.53329246625,0.5330816406039341,0.5331870534269672,0.00021082564606589305
1730174501.6088588,0.53329246625,0.5330816406039341,0.5331870534269672,0.00021082564606589305
1730174502.611763,0.53329246625,0.5330816406039341,0.5331870534269672,0.00021082564606589305
1730174503.61412,0.53329246625,0.5330816406039341,0.5331870534269672,0.00021082564606589305
1730174504.6167061,0.5331924674999999,0.5330816406039341,0.5331370540519671,0.00011082689606578544
1730174505.619817,0.5331924674999999,0.5330816406039341,0.5331370540519671,0.00011082689606578544
1730174506.621749,0.5331924674999999,0.5330816406039341,0.5331370540519671,0.00011082689606578544
1730174507.624894,0.5331924674999999,0.5330816406039341,0.5331370540519671,0.00011082689606578544
1730174508.6274729,0.5331924674999999,0.5330816406039341,0.5331370540519671,0.00011082689606578544
1730174509.630728,0.5331924674999999,0.5330816406039341,0.5331370540519671,0.00011082689606578544
1730174510.633858,0.5331924674999999,0.5330816406039341,0.5331370540519671,0.00011082689606578544
1730174511.636991,0.5331924674999999,0.5330816406039341,0.5331370540519671,0.00011082689606578544
1730174512.6402,0.5331924674999999,0.5330816406039341,0.5331370540519671,0.00011082689606578544
1730174513.642838,0.5333705612499999,0.5331633351454714,0.5332669481977357,0.00020722610452850176
1730174514.646249,0.5333705612499999,0.5331633351454714,0.5332669481977357,0.00020722610452850176
1730174515.649607,0.5333705612499999,0.5331633351454714,0.5332669481977357,0.00020722610452850176
1730174516.6528971,0.5333705612499999,0.5331633351454714,0.5332669481977357,0.00020722610452850176
1730174517.656118,0.5333705612499999,0.5331633351454714,0.5332669481977357,0.00020722610452850176
1730174518.6587222,0.53327553625,0.5331866997041763,0.5332311179770881,8.88365458237006e-05
1730174519.661864,0.53327553625,0.5331866997041763,0.5332311179770881,8.88365458237006e-05
1730174520.664979,0.53327553625,0.5331866997041763,0.5332311179770881,8.88365458237006e-05
1730174521.6683269,0.53327553625,0.5331866997041763,0.5332311179770881,8.88365458237006e-05
1730174522.671616,0.53327553625,0.5331866997041763,0.5332311179770881,8.88365458237006e-05
1730174523.674613,0.53327553625,0.5331866997041763,0.5332311179770881,8.88365458237006e-05
1730174524.677832,0.53327553625,0.5331866997041763,0.5332311179770881,8.88365458237006e-05
1730174525.680931,0.53335606125,0.5332026396143076,0.5332793504321538,0.00015342163569243006
1730174526.68418,0.53335606125,0.5332026396143076,0.5332793504321538,0.00015342163569243006
1730174527.6872928,0.53335606125,0.5332026396143076,0.5332793504321538,0.00015342163569243006
1730174528.689718,0.53335606125,0.5332026396143076,0.5332793504321538,0.00015342163569243006
1730174529.6930182,0.53335606125,0.5332026396143076,0.5332793504321538,0.00015342163569243006
1730174530.696055,0.53335606125,0.5332026396143076,0.5332793504321538,0.00015342163569243006
1730174531.699248,0.53335606125,0.5332026396143076,0.5332793504321538,0.00015342163569243006
1730174532.7022378,0.533392465,0.533196750848426,0.533294607924213,0.0001957141515740446
1730174533.705336,0.533392465,0.533196750848426,0.533294607924213,0.0001957141515740446
1730174534.7079601,0.533392465,0.533196750848426,0.533294607924213,0.0001957141515740446
1730174535.7112231,0.533392465,0.533196750848426,0.533294607924213,0.0001957141515740446
1730174536.713311,0.533392465,0.533196750848426,0.533294607924213,0.0001957141515740446
1730174537.716535,0.533392465,0.533196750848426,0.533294607924213,0.0001957141515740446
1730174538.719242,0.533392465,0.533196750848426,0.533294607924213,0.0001957141515740446
1730174539.722118,0.53350842,0.5331924091857,0.53335041459285,0.000316010814299994
1730174540.725437,0.53350842,0.5331924091857,0.53335041459285,0.000316010814299994
1730174541.7285209,0.53350842,0.5331924091857,0.53335041459285,0.000316010814299994
1730174542.731714,0.53350842,0.5331924091857,0.53335041459285,0.000316010814299994
1730174543.7351701,0.53350842,0.5331924091857,0.53335041459285,0.000316010814299994
1730174544.738209,0.5334924625,0.533232429875684,0.533362446187842,0.00026003262431606444
1730174545.741645,0.5334924625,0.533232429875684,0.533362446187842,0.00026003262431606444
1730174546.744915,0.5334924625,0.533232429875684,0.533362446187842,0.00026003262431606444
1730174547.748043,0.5334924625,0.533232429875684,0.533362446187842,0.00026003262431606444
1730174548.7514749,0.5334924625,0.533232429875684,0.533362446187842,0.00026003262431606444
1730174549.75469,0.5334924625,0.533232429875684,0.533362446187842,0.00026003262431606444
1730174550.7579808,0.5334924625,0.533232429875684,0.533362446187842,0.00026003262431606444
1730174551.76085,0.5334924625,0.533232429875684,0.533362446187842,0.00026003262431606444
1730174552.764422,0.53358700625,0.5332324299109072,0.5334097180804536,0.0003545763390927492
1730174553.769838,0.53358700625,0.5332324299109072,0.5334097180804536,0.0003545763390927492
1730174554.773438,0.53358700625,0.5332324299109072,0.5334097180804536,0.0003545763390927492
1730174555.777354,0.53358700625,0.5332324299109072,0.5334097180804536,0.0003545763390927492
1730174556.780637,0.53358700625,0.5332324299109072,0.5334097180804536,0.0003545763390927492
1730174557.783328,0.53358700625,0.5332324299109072,0.5334097180804536,0.0003545763390927492
1730174558.785841,0.53358700625,0.5332324299109072,0.5334097180804536,0.0003545763390927492
1730174559.788918,0.53358700625,0.5332324299109072,0.5334097180804536,0.0003545763390927492
1730174560.7916968,0.5337010762500001,0.5332457359619945,0.5334734061059974,0.0004553402880055346
1730174561.794867,0.5337010762500001,0.5332457359619945,0.5334734061059974,0.0004553402880055346
1730174562.798222,0.5337010762500001,0.5332457359619945,0.5334734061059974,0.0004553402880055346
1730174563.801208,0.5337010762500001,0.5332457359619945,0.5334734061059974,0.0004553402880055346
1730174564.804479,0.5337010762500001,0.5332457359619945,0.5334734061059974,0.0004553402880055346
1730174565.807585,0.5337010762500001,0.5332457359619945,0.5334734061059974,0.0004553402880055346
1730174566.8108742,0.5335249950000001,0.5332908592423341,0.5334079271211671,0.00023413575766595418
1730174567.813806,0.5335249950000001,0.5332908592423341,0.5334079271211671,0.00023413575766595418
1730174568.8167439,0.5335249950000001,0.5332908592423341,0.5334079271211671,0.00023413575766595418
1730174569.819903,0.5335249950000001,0.5332908592423341,0.5334079271211671,0.00023413575766595418
1730174570.823284,0.5335249950000001,0.5332908592423341,0.5334079271211671,0.00023413575766595418
1730174571.826538,0.5335249950000001,0.5332908592423341,0.5334079271211671,0.00023413575766595418
1730174572.830025,0.5335249950000001,0.5332908592423341,0.5334079271211671,0.00023413575766595418
1730174573.8334038,0.5335249950000001,0.5332908592423341,0.5334079271211671,0.00023413575766595418
1730174574.836843,0.53352719,0.5332990585952444,0.5334131242976222,0.0002281314047556382
1730174575.84016,0.53352719,0.5332990585952444,0.5334131242976222,0.0002281314047556382
1730174576.843455,0.53352719,0.5332990585952444,0.5334131242976222,0.0002281314047556382
1730174577.846654,0.53352719,0.5332990585952444,0.5334131242976222,0.0002281314047556382
1730174578.8499541,0.53352719,0.5332990585952444,0.5334131242976222,0.0002281314047556382
1730174579.8532789,0.53352719,0.5332990585952444,0.5334131242976222,0.0002281314047556382
1730174580.8565109,0.53352719,0.5332990585952444,0.5334131242976222,0.0002281314047556382
1730174581.860013,0.53352719,0.5332990585952444,0.5334131242976222,0.0002281314047556382
1730174582.863551,0.5336966237499999,0.5332990585952444,0.5334978411726221,0.00039756515475553034
1730174583.8669991,0.5336966237499999,0.5332990585952444,0.5334978411726221,0.00039756515475553034
1730174584.8703182,0.5336966237499999,0.5332990585952444,0.5334978411726221,0.00039756515475553034
1730174585.873369,0.5336966237499999,0.5332990585952444,0.5334978411726221,0.00039756515475553034
1730174586.876708,0.5336966237499999,0.5332990585952444,0.5334978411726221,0.00039756515475553034
1730174587.879884,0.5336966237499999,0.5332990585952444,0.5334978411726221,0.00039756515475553034
1730174588.8830311,0.5336966237499999,0.5332990585952444,0.5334978411726221,0.00039756515475553034
1730174589.886195,0.5337098175,0.533344186388798,0.533527001944399,0.00036563111120202496
1730174590.8893068,0.5337098175,0.533344186388798,0.533527001944399,0.00036563111120202496
1730174591.892673,0.5337098175,0.533344186388798,0.533527001944399,0.00036563111120202496
1730174592.89595,0.5337098175,0.533344186388798,0.533527001944399,0.00036563111120202496
1730174593.899313,0.5337098175,0.533344186388798,0.533527001944399,0.00036563111120202496
1730174594.9031749,0.5337098175,0.533344186388798,0.533527001944399,0.00036563111120202496
1730174595.906359,0.5337098175,0.533344186388798,0.533527001944399,0.00036563111120202496
1730174596.90956,0.5337098175,0.533344186388798,0.533527001944399,0.00036563111120202496
1730174597.912649,0.533739105,0.533344186388798,0.533541645694399,0.0003949186112019998
1730174598.915806,0.533739105,0.533344186388798,0.533541645694399,0.0003949186112019998
1730174599.919161,0.533739105,0.533344186388798,0.533541645694399,0.0003949186112019998
1730174600.9225721,0.533739105,0.533344186388798,0.533541645694399,0.0003949186112019998
1730174601.925736,0.533739105,0.533344186388798,0.533541645694399,0.0003949186112019998
1730174602.929088,0.533739105,0.533344186388798,0.533541645694399,0.0003949186112019998
1730174603.93231,0.5337361374999999,0.5333736824991149,0.5335549099995573,0.00036245500088505356
1730174604.9354692,0.5337361374999999,0.5333736824991149,0.5335549099995573,0.00036245500088505356
1730174605.9387672,0.5337361374999999,0.5333736824991149,0.5335549099995573,0.00036245500088505356
1730174606.94199,0.5337361374999999,0.5333736824991149,0.5335549099995573,0.00036245500088505356
1730174607.945245,0.5337361374999999,0.5333736824991149,0.5335549099995573,0.00036245500088505356
1730174608.948423,0.53369368125,0.5333736824969323,0.5335336818734662,0.0003199987530677628
1730174609.951596,0.53369368125,0.5333736824969323,0.5335336818734662,0.0003199987530677628
1730174610.954933,0.53369368125,0.5333736824969323,0.5335336818734662,0.0003199987530677628
1730174611.958292,0.53369368125,0.5333736824969323,0.5335336818734662,0.0003199987530677628
1730174612.961725,0.53369368125,0.5333736824969323,0.5335336818734662,0.0003199987530677628
1730174613.9648771,0.53369368125,0.5333736824969323,0.5335336818734662,0.0003199987530677628
1730174614.96828,0.53369368125,0.5333736824969323,0.5335336818734662,0.0003199987530677628
1730174615.97157,0.53369368125,0.5333736824969323,0.5335336818734662,0.0003199987530677628
1730174616.974957,0.53369368125,0.5333736824969323,0.5335336818734662,0.0003199987530677628
1730174617.9780369,0.53358793625,0.5333736824974059,0.5334808093737029,0.00021425375259409574
1730174618.981021,0.53358793625,0.5333736824974059,0.5334808093737029,0.00021425375259409574
1730174619.984189,0.53358793625,0.5333736824974059,0.5334808093737029,0.00021425375259409574
1730174620.9875479,0.53358793625,0.5333736824974059,0.5334808093737029,0.00021425375259409574
1730174621.990561,0.53358793625,0.5333736824974059,0.5334808093737029,0.00021425375259409574
1730174622.99371,0.53358793625,0.5333736824974059,0.5334808093737029,0.00021425375259409574
1730174623.997057,0.53358793625,0.5333736824974059,0.5334808093737029,0.00021425375259409574
1730174625.000391,0.53358793625,0.5334270165276538,0.5335074763888269,0.00016091972234621998
1730174626.003728,0.53358793625,0.5334270165276538,0.5335074763888269,0.00016091972234621998
1730174627.007057,0.53358793625,0.5334270165276538,0.5335074763888269,0.00016091972234621998
1730174628.010253,0.53358793625,0.5334270165276538,0.5335074763888269,0.00016091972234621998
1730174629.013289,0.53358793625,0.5334270165276538,0.5335074763888269,0.00016091972234621998
1730174630.016452,0.53358793625,0.5334270165276538,0.5335074763888269,0.00016091972234621998
1730174631.019663,0.53358793625,0.5334270165276538,0.5335074763888269,0.00016091972234621998
1730174632.022667,0.53358793625,0.5334270165276538,0.5335074763888269,0.00016091972234621998
1730174633.025897,0.53358793625,0.5334270165276538,0.5335074763888269,0.00016091972234621998
1730174634.0291998,0.53358793625,0.5334270165276538,0.5335074763888269,0.00016091972234621998
1730174635.032598,0.53358793625,0.5334270165276538,0.5335074763888269,0.00016091972234621998
1730174636.0360389,0.53349370125,0.5334074283224272,0.5334505647862136,8.62729275727947e-05
1730174637.03916,0.53349370125,0.5334074283224272,0.5334505647862136,8.62729275727947e-05
1730174638.04237,0.53349370125,0.5334074283224272,0.5334505647862136,8.62729275727947e-05
1730174639.045228,0.53349370125,0.5334074283224272,0.5334505647862136,8.62729275727947e-05
1730174640.048459,0.53349370125,0.5334074283224272,0.5334505647862136,8.62729275727947e-05
1730174641.0514371,0.53349370125,0.5334074283224272,0.5334505647862136,8.62729275727947e-05
1730174642.054674,0.5334528212499999,0.5334482120512214,0.5334505166506107,4.609198778537937e-06
1730174643.058125,0.5334528212499999,0.5334482120512214,0.5334505166506107,4.609198778537937e-06
1730174644.061481,0.5334528212499999,0.5334482120512214,0.5334505166506107,4.609198778537937e-06
1730174645.064824,0.5334528212499999,0.5334482120512214,0.5334505166506107,4.609198778537937e-06
1730174646.068063,0.5334528212499999,0.5334482120512214,0.5334505166506107,4.609198778537937e-06
1730174647.070922,0.5334528212499999,0.5334482120512214,0.5334505166506107,4.609198778537937e-06
1730174648.073387,0.53345257875,0.5334670659470596,0.5334598223485298,-1.4487197059653845e-05
1730174649.0764291,0.53345257875,0.5334670659470596,0.5334598223485298,-1.4487197059653845e-05
1730174650.079701,0.53345257875,0.5334670659470596,0.5334598223485298,-1.4487197059653845e-05
1730174651.082859,0.53345257875,0.5334670659470596,0.5334598223485298,-1.4487197059653845e-05
1730174652.086123,0.53345257875,0.5334670659470596,0.5334598223485298,-1.4487197059653845e-05
1730174653.0894852,0.53345257875,0.5334670659470596,0.5334598223485298,-1.4487197059653845e-05
1730174654.092721,0.53345257875,0.5334670659470596,0.5334598223485298,-1.4487197059653845e-05
1730174655.094731,0.53360206,0.5334590448055688,0.5335305524027845,0.00014301519443116195
1730174656.097537,0.53360206,0.5334590448055688,0.5335305524027845,0.00014301519443116195
1730174657.1008089,0.53360206,0.5334590448055688,0.5335305524027845,0.00014301519443116195
1730174658.103956,0.53360206,0.5334590448055688,0.5335305524027845,0.00014301519443116195
1730174659.107023,0.53360206,0.5334590448055688,0.5335305524027845,0.00014301519443116195
1730174660.110365,0.53360206,0.5334590448055688,0.5335305524027845,0.00014301519443116195
1730174661.113476,0.53360206,0.5334590448055688,0.5335305524027845,0.00014301519443116195
1730174662.116288,0.53360206,0.5334590448055688,0.5335305524027845,0.00014301519443116195
1730174663.11967,0.53360206,0.5334590448055688,0.5335305524027845,0.00014301519443116195
1730174664.1231601,0.53360206,0.5334590448055688,0.5335305524027845,0.00014301519443116195
1730174665.1267421,0.53360206,0.5334590448055688,0.5335305524027845,0.00014301519443116195
1730174666.130054,0.533784555,0.5335053087880766,0.5336449318940383,0.000279246211923434
1730174667.133427,0.533784555,0.5335053087880766,0.5336449318940383,0.000279246211923434
1730174668.136697,0.533784555,0.5335053087880766,0.5336449318940383,0.000279246211923434
1730174669.139901,0.533784555,0.5335053087880766,0.5336449318940383,0.000279246211923434
1730174670.1429179,0.533784555,0.5335053087880766,0.5336449318940383,0.000279246211923434
1730174671.1447449,0.533784555,0.5335053087880766,0.5336449318940383,0.000279246211923434
1730174672.1476328,0.533784555,0.5335053087880766,0.5336449318940383,0.000279246211923434
1730174673.150866,0.533784555,0.5335053087880766,0.5336449318940383,0.000279246211923434
1730174674.154249,0.533732865,0.5335026611262714,0.5336177630631357,0.00023020387372851836
1730174675.1574621,0.533732865,0.5335026611262714,0.5336177630631357,0.00023020387372851836
1730174676.160737,0.533732865,0.5335026611262714,0.5336177630631357,0.00023020387372851836
1730174677.164059,0.533732865,0.5335026611262714,0.5336177630631357,0.00023020387372851836
1730174678.167259,0.533732865,0.5335026611262714,0.5336177630631357,0.00023020387372851836
1730174679.169642,0.533732865,0.5335026611262714,0.5336177630631357,0.00023020387372851836
1730174680.172784,0.533732865,0.5335026611262714,0.5336177630631357,0.00023020387372851836
1730174681.176057,0.53365571125,0.5335553420878517,0.5336055266689259,0.00010036916214828384
1730174682.179144,0.53365571125,0.5335553420878517,0.5336055266689259,0.00010036916214828384
1730174683.181973,0.53365571125,0.5335553420878517,0.5336055266689259,0.00010036916214828384
1730174684.1852958,0.53365571125,0.5335553420878517,0.5336055266689259,0.00010036916214828384
1730174685.18877,0.53365571125,0.5335553420878517,0.5336055266689259,0.00010036916214828384
1730174686.192087,0.53365571125,0.5335553420878517,0.5336055266689259,0.00010036916214828384
1730174687.1953049,0.53365571125,0.5335553420878517,0.5336055266689259,0.00010036916214828384
1730174688.198526,0.53365571125,0.5335553420878517,0.5336055266689259,0.00010036916214828384
1730174689.201586,0.53357833375,0.5335074300395419,0.533542881894771,7.090371045803678e-05
1730174690.204866,0.53357833375,0.5335074300395419,0.533542881894771,7.090371045803678e-05
1730174691.2079518,0.53357833375,0.5335074300395419,0.533542881894771,7.090371045803678e-05
1730174692.210919,0.53357833375,0.5335074300395419,0.533542881894771,7.090371045803678e-05
1730174693.214133,0.53357833375,0.5335074300395419,0.533542881894771,7.090371045803678e-05
1730174694.217414,0.53357833375,0.5335074300395419,0.533542881894771,7.090371045803678e-05
1730174695.2206259,0.5334761625,0.5334856219132554,0.5334808922066276,-9.459413255474836e-06
1730174696.223872,0.5334761625,0.5334856219132554,0.5334808922066276,-9.459413255474836e-06
1730174697.227156,0.5334761625,0.5334856219132554,0.5334808922066276,-9.459413255474836e-06
1730174698.2304268,0.5334761625,0.5334856219132554,0.5334808922066276,-9.459413255474836e-06
1730174699.2335172,0.5334761625,0.5334856219132554,0.5334808922066276,-9.459413255474836e-06
1730174700.236747,0.5334761625,0.5334856219132554,0.5334808922066276,-9.459413255474836e-06
1730174701.240086,0.5334761625,0.53348562142532,0.5334808919626599,-9.45892532000503e-06
1730174702.243366,0.5334761625,0.53348562142532,0.5334808919626599,-9.45892532000503e-06
1730174703.24684,0.5334761625,0.53348562142532,0.5334808919626599,-9.45892532000503e-06
1730174704.250402,0.5334761625,0.53348562142532,0.5334808919626599,-9.45892532000503e-06
1730174705.253765,0.5334761625,0.53348562142532,0.5334808919626599,-9.45892532000503e-06
1730174706.257041,0.5334761625,0.53348562142532,0.5334808919626599,-9.45892532000503e-06
1730174707.26089,0.5334761625,0.53348562142532,0.5334808919626599,-9.45892532000503e-06
1730174708.264127,0.5334761625,0.5334120583753058,0.5334441104376528,6.410412469415316e-05
1730174709.267311,0.5334761625,0.5334120583753058,0.5334441104376528,6.410412469415316e-05
1730174710.270575,0.5334761625,0.5334120583753058,0.5334441104376528,6.410412469415316e-05
1730174711.273676,0.5334761625,0.5334120583753058,0.5334441104376528,6.410412469415316e-05
1730174712.276342,0.5334761625,0.5334120583753058,0.5334441104376528,6.410412469415316e-05
1730174713.2796679,0.5334761625,0.5334120583753058,0.5334441104376528,6.410412469415316e-05
1730174714.2829592,0.5334761625,0.5334120583753058,0.5334441104376528,6.410412469415316e-05
1730174715.2862,0.5333420475,0.5332149430331432,0.5332784952665717,0.00012710446685681998
1730174716.2894158,0.5333420475,0.5332149430331432,0.5332784952665717,0.00012710446685681998
1730174717.2926679,0.5333420475,0.5332149430331432,0.5332784952665717,0.00012710446685681998
1730174718.2958121,0.5333420475,0.5332149430331432,0.5332784952665717,0.00012710446685681998
1730174719.299223,0.5333420475,0.5332149430331432,0.5332784952665717,0.00012710446685681998
1730174720.30255,0.5333420475,0.5332149430331432,0.5332784952665717,0.00012710446685681998
1730174721.305728,0.5333420475,0.5332149430331432,0.5332784952665717,0.00012710446685681998
1730174722.308987,0.5333420475,0.5332149430331432,0.5332784952665717,0.00012710446685681998
1730174723.312153,0.53336344125,0.5333461846155623,0.5333548129327812,1.725663443774561e-05
1730174724.315386,0.53336344125,0.5333461846155623,0.5333548129327812,1.725663443774561e-05
1730174725.31874,0.53336344125,0.5333461846155623,0.5333548129327812,1.725663443774561e-05
1730174726.322037,0.53336344125,0.5333461846155623,0.5333548129327812,1.725663443774561e-05
1730174727.325123,0.53336344125,0.5333461846155623,0.5333548129327812,1.725663443774561e-05
1730174728.3284988,0.53336344125,0.5333461846155623,0.5333548129327812,1.725663443774561e-05
1730174729.331775,0.53336679,0.5333074292182886,0.5333371096091443,5.9360781711426114e-05
1730174730.334597,0.53336679,0.5333074292182886,0.5333371096091443,5.9360781711426114e-05
1730174731.338002,0.53336679,0.5333074292182886,0.5333371096091443,5.9360781711426114e-05
1730174732.3410869,0.53336679,0.5333074292182886,0.5333371096091443,5.9360781711426114e-05
1730174733.344212,0.53336679,0.5333074292182886,0.5333371096091443,5.9360781711426114e-05
1730174734.3476748,0.53336679,0.5333074292182886,0.5333371096091443,5.9360781711426114e-05
1730174735.35088,0.533388315,0.5333940518874833,0.5333911834437417,-5.736887483398512e-06
1730174736.3542001,0.533388315,0.5333940518874833,0.5333911834437417,-5.736887483398512e-06
1730174737.3575191,0.533388315,0.5333940518874833,0.5333911834437417,-5.736887483398512e-06
1730174738.360769,0.533388315,0.5333940518874833,0.5333911834437417,-5.736887483398512e-06
1730174739.3634298,0.533388315,0.5333940518874833,0.5333911834437417,-5.736887483398512e-06
1730174740.366602,0.533388315,0.5333940518874833,0.5333911834437417,-5.736887483398512e-06
1730174741.369823,0.533388315,0.5333940518874833,0.5333911834437417,-5.736887483398512e-06
1730174742.373012,0.533388315,0.5333940518874833,0.5333911834437417,-5.736887483398512e-06
1730174743.375822,0.533388315,0.5333940518874833,0.5333911834437417,-5.736887483398512e-06
1730174744.378997,0.53338832125,0.5334189268158863,0.5334036240329432,-3.0605565886299146e-05
1730174745.3820941,0.53338832125,0.5334189268158863,0.5334036240329432,-3.0605565886299146e-05
1730174746.3852632,0.53338832125,0.5334189268158863,0.5334036240329432,-3.0605565886299146e-05
1730174747.388085,0.53338832125,0.5334189268158863,0.5334036240329432,-3.0605565886299146e-05
1730174748.3897028,0.53338832125,0.5334189268158863,0.5334036240329432,-3.0605565886299146e-05
1730174749.39215,0.53338832125,0.5334189268158863,0.5334036240329432,-3.0605565886299146e-05
1730174750.3953862,0.53338832125,0.5334189268158863,0.5334036240329432,-3.0605565886299146e-05
1730174751.3985012,0.53338832125,0.5334189268158863,0.5334036240329432,-3.0605565886299146e-05
1730174752.401818,0.53338832125,0.5334189268158863,0.5334036240329432,-3.0605565886299146e-05
1730174753.405069,0.53338832125,0.5334189268158863,0.5334036240329432,-3.0605565886299146e-05
1730174754.407948,0.53338832125,0.5334189268158863,0.5334036240329432,-3.0605565886299146e-05
1730174755.411215,0.5334694050000001,0.5333861266876299,0.5334277658438149,8.327831237020522e-05
1730174756.414175,0.5334694050000001,0.5333861266876299,0.5334277658438149,8.327831237020522e-05
1730174757.415953,0.5334694050000001,0.5333861266876299,0.5334277658438149,8.327831237020522e-05
1730174758.419127,0.5334694050000001,0.5333861266876299,0.5334277658438149,8.327831237020522e-05
1730174759.422287,0.5334694050000001,0.5333861266876299,0.5334277658438149,8.327831237020522e-05
1730174760.425463,0.5334694050000001,0.5333861266876299,0.5334277658438149,8.327831237020522e-05
1730174761.428752,0.5334694050000001,0.533407698332265,0.5334385516661325,6.170666773508415e-05
1730174762.431863,0.5334694050000001,0.533407698332265,0.5334385516661325,6.170666773508415e-05
1730174763.434172,0.5334694050000001,0.533407698332265,0.5334385516661325,6.170666773508415e-05
1730174764.437477,0.5334694050000001,0.533407698332265,0.5334385516661325,6.170666773508415e-05
1730174765.440799,0.5334694050000001,0.533407698332265,0.5334385516661325,6.170666773508415e-05
1730174766.44353,0.5334694050000001,0.533407698332265,0.5334385516661325,6.170666773508415e-05
1730174767.445348,0.5334694050000001,0.533407698332265,0.5334385516661325,6.170666773508415e-05
1730174768.448787,0.5334694050000001,0.533407698332265,0.5334385516661325,6.170666773508415e-05
1730174769.451562,0.53343602125,0.533407698332265,0.5334218597911324,2.8322917735024156e-05
1730174770.454794,0.53343602125,0.533407698332265,0.5334218597911324,2.8322917735024156e-05
1730174771.4580202,0.53343602125,0.533407698332265,0.5334218597911324,2.8322917735024156e-05
1730174772.461223,0.53343602125,0.533407698332265,0.5334218597911324,2.8322917735024156e-05
1730174773.4645069,0.53343602125,0.533407698332265,0.5334218597911324,2.8322917735024156e-05
1730174774.467818,0.53343602125,0.533407698332265,0.5334218597911324,2.8322917735024156e-05
1730174775.4712949,0.53343602125,0.533407698332265,0.5334218597911324,2.8322917735024156e-05
1730174776.474468,0.53343602125,0.533407698332265,0.5334218597911324,2.8322917735024156e-05
1730174777.478221,0.53343602125,0.533407698332265,0.5334218597911324,2.8322917735024156e-05
1730174778.4815092,0.53343602125,0.533407698332265,0.5334218597911324,2.8322917735024156e-05
1730174779.4843252,0.53344225375,0.533407698332265,0.5334249760411325,3.455541773500492e-05
1730174780.4876852,0.53344225375,0.533407698332265,0.5334249760411325,3.455541773500492e-05
1730174781.490817,0.53344225375,0.533407698332265,0.5334249760411325,3.455541773500492e-05
1730174782.4939709,0.53344225375,0.533407698332265,0.5334249760411325,3.455541773500492e-05
1730174783.497333,0.53344225375,0.533407698332265,0.5334249760411325,3.455541773500492e-05
1730174784.500716,0.53344225375,0.533407698332265,0.5334249760411325,3.455541773500492e-05
1730174785.5040798,0.53361880875,0.5336160764087524,0.5336174425793763,2.7323412475910303e-06
1730174786.507432,0.53361880875,0.5336160764087524,0.5336174425793763,2.7323412475910303e-06
1730174787.510832,0.53361880875,0.5336160764087524,0.5336174425793763,2.7323412475910303e-06
1730174788.514059,0.53361880875,0.5336160764087524,0.5336174425793763,2.7323412475910303e-06
1730174789.516671,0.53361880875,0.5336160764087524,0.5336174425793763,2.7323412475910303e-06
1730174790.519992,0.53361880875,0.5336160764087524,0.5336174425793763,2.7323412475910303e-06
1730174791.52328,0.53361880875,0.5336160764087524,0.5336174425793763,2.7323412475910303e-06
1730174792.5265422,0.53361880875,0.5336160764087524,0.5336174425793763,2.7323412475910303e-06
1730174793.529145,0.53361880875,0.5336160764087524,0.5336174425793763,2.7323412475910303e-06
1730174794.532521,0.53361880875,0.5336160764087524,0.5336174425793763,2.7323412475910303e-06
1730174795.535577,0.53361880875,0.5336160764087524,0.5336174425793763,2.7323412475910303e-06
1730174796.538765,0.53361880875,0.5336160764087524,0.5336174425793763,2.7323412475910303e-06
1730174797.5419068,0.53361880875,0.5336160764087524,0.5336174425793763,2.7323412475910303e-06
1730174798.544928,0.53362715125,0.5336160764108203,0.5336216138304102,1.1074839179725515e-05
1730174799.5478451,0.53362715125,0.5336160764108203,0.5336216138304102,1.1074839179725515e-05
1730174800.5510762,0.53362715125,0.5336160764108203,0.5336216138304102,1.1074839179725515e-05
1730174801.554229,0.53362715125,0.5336160764108203,0.5336216138304102,1.1074839179725515e-05
1730174802.557487,0.53362715125,0.5336160764108203,0.5336216138304102,1.1074839179725515e-05
1730174803.5606358,0.53362715125,0.5336160764108203,0.5336216138304102,1.1074839179725515e-05
1730174804.563912,0.53362715125,0.5336160764108203,0.5336216138304102,1.1074839179725515e-05
1730174805.567255,0.53362715125,0.5336160764108203,0.5336216138304102,1.1074839179725515e-05
1730174806.5703459,0.53357949375,0.5336140446127235,0.5335967691813618,-3.455086272352581e-05
1730174807.5734122,0.53357949375,0.5336140446127235,0.5335967691813618,-3.455086272352581e-05
1730174808.576111,0.53357949375,0.5336140446127235,0.5335967691813618,-3.455086272352581e-05
1730174809.579029,0.53357949375,0.5336140446127235,0.5335967691813618,-3.455086272352581e-05
1730174810.582291,0.53357949375,0.5336140446127235,0.5335967691813618,-3.455086272352581e-05
1730174811.585676,0.53357949375,0.5336140446127235,0.5335967691813618,-3.455086272352581e-05
1730174812.588904,0.53357949375,0.5336140446127235,0.5335967691813618,-3.455086272352581e-05
1730174813.591789,0.533629275,0.5334923918878844,0.5335608334439422,0.00013688311211557114
1730174814.59508,0.533629275,0.5334923918878844,0.5335608334439422,0.00013688311211557114
1730174815.598479,0.533629275,0.5334923918878844,0.5335608334439422,0.00013688311211557114
1730174816.6015959,0.533629275,0.5334923918878844,0.5335608334439422,0.00013688311211557114
1730174817.604782,0.533629275,0.5334923918878844,0.5335608334439422,0.00013688311211557114
1730174818.607672,0.533629275,0.5334923918878844,0.5335608334439422,0.00013688311211557114
1730174819.610262,0.533629275,0.5334923918878844,0.5335608334439422,0.00013688311211557114
1730174820.613628,0.53389332625,0.5334821703083704,0.5336877482791852,0.0004111559416295485
1730174821.61681,0.53389332625,0.5334821703083704,0.5336877482791852,0.0004111559416295485
1730174822.620076,0.53389332625,0.5334821703083704,0.5336877482791852,0.0004111559416295485
1730174823.6228979,0.53389332625,0.5334821703083704,0.5336877482791852,0.0004111559416295485
1730174824.626116,0.53389332625,0.5334821703083704,0.5336877482791852,0.0004111559416295485
1730174825.629436,0.53423012875,0.5335355158573931,0.5338828223036965,0.0006946128926068607
1730174826.632575,0.53423012875,0.5335355158573931,0.5338828223036965,0.0006946128926068607
1730174827.635782,0.53423012875,0.5335355158573931,0.5338828223036965,0.0006946128926068607
1730174828.6389482,0.53423012875,0.5335355158573931,0.5338828223036965,0.0006946128926068607
1730174829.641477,0.53423012875,0.5335355158573931,0.5338828223036965,0.0006946128926068607
1730174830.644893,0.53423927,0.5335355158573968,0.5338873929286985,0.0007037541426032634
1730174831.648281,0.53423927,0.5335355158573968,0.5338873929286985,0.0007037541426032634
1730174832.651593,0.53423927,0.5335355158573968,0.5338873929286985,0.0007037541426032634
1730174833.654818,0.53423927,0.5335355158573968,0.5338873929286985,0.0007037541426032634
1730174834.657421,0.53423927,0.5335355158573968,0.5338873929286985,0.0007037541426032634
1730174835.6606,0.53423927,0.5335355158573968,0.5338873929286985,0.0007037541426032634
1730174836.663771,0.53423927,0.5335355158573968,0.5338873929286985,0.0007037541426032634
1730174837.666942,0.53423927,0.5335355158573968,0.5338873929286985,0.0007037541426032634
1730174838.670124,0.53423927,0.5335355158573968,0.5338873929286985,0.0007037541426032634
1730174839.6732428,0.534143895,0.5335824449387105,0.5338631699693552,0.0005614500612894924
1730174840.676866,0.534143895,0.5335824449387105,0.5338631699693552,0.0005614500612894924
1730174841.680099,0.534143895,0.5335824449387105,0.5338631699693552,0.0005614500612894924
1730174842.683389,0.534143895,0.5335824449387105,0.5338631699693552,0.0005614500612894924
1730174843.68677,0.534143895,0.5335824449387105,0.5338631699693552,0.0005614500612894924
1730174844.690026,0.534143895,0.5335824449387105,0.5338631699693552,0.0005614500612894924
1730174845.693215,0.53416825875,0.5335824449387444,0.5338753518443722,0.0005858138112555533
1730174846.696498,0.53416825875,0.5335824449387444,0.5338753518443722,0.0005858138112555533
1730174847.699619,0.53416825875,0.5335824449387444,0.5338753518443722,0.0005858138112555533
1730174848.702809,0.53416825875,0.5335824449387444,0.5338753518443722,0.0005858138112555533
1730174849.705853,0.5341068325,0.5335824449423022,0.5338446387211511,0.0005243875576977919
1730174850.709016,0.5341068325,0.5335824449423022,0.5338446387211511,0.0005243875576977919
1730174851.7122161,0.5341068325,0.5335824449423022,0.5338446387211511,0.0005243875576977919
1730174852.7156491,0.5341068325,0.5335824449423022,0.5338446387211511,0.0005243875576977919
1730174853.719119,0.5341068325,0.5335824449423022,0.5338446387211511,0.0005243875576977919
1730174854.7223701,0.5341068325,0.5335824449423022,0.5338446387211511,0.0005243875576977919
1730174855.725497,0.5341068325,0.5335824449423022,0.5338446387211511,0.0005243875576977919
1730174856.7287612,0.5341068325,0.5335824449423022,0.5338446387211511,0.0005243875576977919
1730174857.732089,0.5340608225,0.5336422229595613,0.5338515227297806,0.00041859954043865777
1730174858.7353861,0.5340608225,0.5336422229595613,0.5338515227297806,0.00041859954043865777
1730174859.738446,0.5340608225,0.5336422229595613,0.5338515227297806,0.00041859954043865777
1730174860.741607,0.5340608225,0.5336422229595613,0.5338515227297806,0.00041859954043865777
1730174861.744621,0.53399019875,0.533642222959494,0.5338162108547471,0.00034797579050593885
1730174862.747815,0.53399019875,0.533642222959494,0.5338162108547471,0.00034797579050593885
1730174863.751172,0.53399019875,0.533642222959494,0.5338162108547471,0.00034797579050593885
1730174864.754449,0.53399019875,0.533642222959494,0.5338162108547471,0.00034797579050593885
1730174865.757588,0.53399019875,0.533642222959494,0.5338162108547471,0.00034797579050593885
1730174866.7608051,0.53399019875,0.533642222959494,0.5338162108547471,0.00034797579050593885
1730174867.764019,0.53399019875,0.5336422229594693,0.5338162108547346,0.0003479757905306968
1730174868.767128,0.53399019875,0.5336422229594693,0.5338162108547346,0.0003479757905306968
1730174869.770147,0.53399019875,0.5336422229594693,0.5338162108547346,0.0003479757905306968
1730174870.773259,0.53399019875,0.5336422229594693,0.5338162108547346,0.0003479757905306968
1730174871.776384,0.53399019875,0.5336422229594693,0.5338162108547346,0.0003479757905306968
1730174872.779316,0.53399019875,0.5336422229594693,0.5338162108547346,0.0003479757905306968
1730174873.782799,0.53399019875,0.5336422229594693,0.5338162108547346,0.0003479757905306968
1730174874.7862232,0.5339551025,0.5336955845136933,0.5338253435068466,0.0002595179863067454
1730174875.789537,0.5339551025,0.5336955845136933,0.5338253435068466,0.0002595179863067454
1730174876.792855,0.5339551025,0.5336955845136933,0.5338253435068466,0.0002595179863067454
1730174877.796017,0.5339551025,0.5336955845136933,0.5338253435068466,0.0002595179863067454
1730174878.799094,0.5339551025,0.5336955845136933,0.5338253435068466,0.0002595179863067454
1730174879.802179,0.5339274475,0.5336955845135667,0.5338115160067833,0.0002318629864332955
1730174880.8054662,0.5339274475,0.5336955845135667,0.5338115160067833,0.0002318629864332955
1730174881.808809,0.5339274475,0.5336955845135667,0.5338115160067833,0.0002318629864332955
1730174882.811999,0.5339274475,0.5336955845135667,0.5338115160067833,0.0002318629864332955
1730174883.815354,0.5339274475,0.5336955845135667,0.5338115160067833,0.0002318629864332955
1730174884.818534,0.5339274475,0.5336955845135667,0.5338115160067833,0.0002318629864332955
1730174885.821873,0.5339274475,0.5336759933998627,0.5338017204499313,0.00025145410013727165
1730174886.8250282,0.5339274475,0.5336759933998627,0.5338017204499313,0.00025145410013727165
1730174887.8282838,0.5339274475,0.5336759933998627,0.5338017204499313,0.00025145410013727165
1730174888.8314931,0.5339274475,0.5336759933998627,0.5338017204499313,0.00025145410013727165
1730174889.83479,0.5339274475,0.5336759933998627,0.5338017204499313,0.00025145410013727165
1730174890.837985,0.5339274475,0.5336759933998627,0.5338017204499313,0.00025145410013727165
1730174891.841213,0.5339274475,0.5336759933998627,0.5338017204499313,0.00025145410013727165
1730174892.844351,0.5339274475,0.5336759933998627,0.5338017204499313,0.00025145410013727165
1730174893.847719,0.5339274475,0.5336759933998627,0.5338017204499313,0.00025145410013727165
1730174894.850999,0.53386113625,0.5336074320474283,0.5337342841487142,0.0002537042025716474
1730174895.854298,0.53386113625,0.5336074320474283,0.5337342841487142,0.0002537042025716474
1730174896.8576682,0.53386113625,0.5336074320474283,0.5337342841487142,0.0002537042025716474
1730174897.860836,0.53386113625,0.5336074320474283,0.5337342841487142,0.0002537042025716474
1730174898.864054,0.53386113625,0.5336074320474283,0.5337342841487142,0.0002537042025716474
1730174899.867094,0.53382338,0.5336401949121161,0.5337317874560581,0.00018318508788384147
1730174900.870259,0.53382338,0.5336401949121161,0.5337317874560581,0.00018318508788384147
1730174901.873371,0.53382338,0.5336401949121161,0.5337317874560581,0.00018318508788384147
1730174902.8765702,0.53382338,0.5336401949121161,0.5337317874560581,0.00018318508788384147
1730174903.8800151,0.53382338,0.5336401949121161,0.5337317874560581,0.00018318508788384147
1730174904.8831291,0.53382338,0.5336401949121161,0.5337317874560581,0.00018318508788384147
1730174905.886422,0.5338396525,0.5335849815351914,0.5337123170175957,0.00025467096480857876
1730174906.889659,0.5338396525,0.5335849815351914,0.5337123170175957,0.00025467096480857876
1730174907.892909,0.5338396525,0.5335849815351914,0.5337123170175957,0.00025467096480857876
1730174908.896224,0.5338396525,0.5335849815351914,0.5337123170175957,0.00025467096480857876
1730174909.899331,0.5338396525,0.5335849815351914,0.5337123170175957,0.00025467096480857876
1730174910.902547,0.5338396525,0.5335849815351914,0.5337123170175957,0.00025467096480857876
1730174911.905689,0.533853975,0.5335849815346354,0.5337194782673177,0.00026899346536457536
1730174912.908725,0.533853975,0.5335849815346354,0.5337194782673177,0.00026899346536457536
1730174913.912075,0.533853975,0.5335849815346354,0.5337194782673177,0.00026899346536457536
1730174914.914897,0.533853975,0.5335849815346354,0.5337194782673177,0.00026899346536457536
1730174915.91803,0.533853975,0.5335849815346354,0.5337194782673177,0.00026899346536457536
1730174916.921228,0.533827905,0.533584981535125,0.5337064432675624,0.00024292346487497785
1730174917.924484,0.533827905,0.533584981535125,0.5337064432675624,0.00024292346487497785
1730174918.9277859,0.533827905,0.533584981535125,0.5337064432675624,0.00024292346487497785
1730174919.931087,0.533827905,0.533584981535125,0.5337064432675624,0.00024292346487497785
1730174920.934539,0.533827905,0.533584981535125,0.5337064432675624,0.00024292346487497785
1730174921.937661,0.533827905,0.533584981535125,0.5337064432675624,0.00024292346487497785
1730174922.9410071,0.533827905,0.533584981535125,0.5337064432675624,0.00024292346487497785
1730174923.944513,0.533827905,0.533584981535125,0.5337064432675624,0.00024292346487497785
1730174924.947893,0.533827905,0.533584981535125,0.5337064432675624,0.00024292346487497785
1730174925.9512398,0.533827905,0.533584981535125,0.5337064432675624,0.00024292346487497785
1730174926.9543092,0.533827905,0.5336090707650861,0.5337184878825431,0.00021883423491386722
1730174927.957696,0.533827905,0.5336090707650861,0.5337184878825431,0.00021883423491386722
1730174928.960821,0.533827905,0.5336090707650861,0.5337184878825431,0.00021883423491386722
1730174929.964076,0.533827905,0.5336090707650861,0.5337184878825431,0.00021883423491386722
1730174930.967339,0.533827905,0.5336090707650861,0.5337184878825431,0.00021883423491386722
1730174931.9704828,0.533827905,0.5336090707650861,0.5337184878825431,0.00021883423491386722
1730174932.973695,0.533692845,0.5336624271971215,0.5336776360985608,3.041780287849072e-05
1730174933.976952,0.533692845,0.5336624271971215,0.5336776360985608,3.041780287849072e-05
1730174934.9803672,0.533692845,0.5336624271971215,0.5336776360985608,3.041780287849072e-05
1730174935.983336,0.533692845,0.5336624271971215,0.5336776360985608,3.041780287849072e-05
1730174936.986482,0.533692845,0.5336624271971215,0.5336776360985608,3.041780287849072e-05
1730174937.989812,0.533692845,0.5336624271971215,0.5336776360985608,3.041780287849072e-05
1730174938.9929678,0.533692845,0.5336624271971215,0.5336776360985608,3.041780287849072e-05
1730174939.9962711,0.533692845,0.5336624271971215,0.5336776360985608,3.041780287849072e-05
1730174940.9994931,0.533692845,0.5336624271971215,0.5336776360985608,3.041780287849072e-05
1730174942.002548,0.53376678125,0.533662427197277,0.5337146042236385,0.00010435405272302134
1730174943.00586,0.53376678125,0.533662427197277,0.5337146042236385,0.00010435405272302134
1730174944.009053,0.53376678125,0.533662427197277,0.5337146042236385,0.00010435405272302134
1730174945.0121999,0.53376678125,0.533662427197277,0.5337146042236385,0.00010435405272302134
1730174946.0154939,0.53376678125,0.533662427197277,0.5337146042236385,0.00010435405272302134
1730174947.018971,0.53376678125,0.533662427197277,0.5337146042236385,0.00010435405272302134
1730174948.0223842,0.53376678125,0.533662427197277,0.5337146042236385,0.00010435405272302134
1730174949.025534,0.5337924575,0.5336695241493105,0.5337309908246552,0.00012293335068958022
1730174950.0284438,0.5337924575,0.5336695241493105,0.5337309908246552,0.00012293335068958022
1730174951.0318668,0.5337924575,0.5336695241493105,0.5337309908246552,0.00012293335068958022
1730174952.035017,0.5337924575,0.5336695241493105,0.5337309908246552,0.00012293335068958022
1730174953.038195,0.5337924575,0.5336695241493105,0.5337309908246552,0.00012293335068958022
1730174954.041413,0.5337924575,0.5336695241493105,0.5337309908246552,0.00012293335068958022
1730174955.044428,0.5337924575,0.5336695241493105,0.5337309908246552,0.00012293335068958022
1730174956.0464718,0.5337924575,0.5336695241493105,0.5337309908246552,0.00012293335068958022
1730174957.049865,0.5337924575,0.5336695241493105,0.5337309908246552,0.00012293335068958022
1730174958.053076,0.5337924575,0.5336695241493105,0.5337309908246552,0.00012293335068958022
1730174959.0561962,0.5337924575,0.5336695241493105,0.5337309908246552,0.00012293335068958022
1730174960.058902,0.5337924575,0.5336695241493105,0.5337309908246552,0.00012293335068958022
1730174961.062284,0.5337924575,0.5336695241493105,0.5337309908246552,0.00012293335068958022
1730174962.0655282,0.5337541075,0.5337155251171319,0.533734816308566,3.858238286802429e-05
1730174963.0685198,0.5337541075,0.5337155251171319,0.533734816308566,3.858238286802429e-05
1730174964.071548,0.5337541075,0.5337155251171319,0.533734816308566,3.858238286802429e-05
1730174965.074549,0.5337541075,0.5337155251171319,0.533734816308566,3.858238286802429e-05
1730174966.0778801,0.5337541075,0.5337155251171319,0.533734816308566,3.858238286802429e-05
1730174967.081219,0.5337541075,0.5337155251171319,0.533734816308566,3.858238286802429e-05
1730174968.084689,0.5336829550000001,0.5336876565865438,0.533685305793272,-4.701586543753855e-06
1730174969.087988,0.5336829550000001,0.5336876565865438,0.533685305793272,-4.701586543753855e-06
1730174970.090812,0.5336829550000001,0.5336876565865438,0.533685305793272,-4.701586543753855e-06
1730174971.094016,0.5336829550000001,0.5336876565865438,0.533685305793272,-4.701586543753855e-06
1730174972.0971851,0.5336829550000001,0.5336876565865438,0.533685305793272,-4.701586543753855e-06
1730174973.100395,0.5336829550000001,0.5336876565865438,0.533685305793272,-4.701586543753855e-06
1730174974.103656,0.533696665,0.5336732956456262,0.5336849803228131,2.3369354373858897e-05
1730174975.106626,0.533696665,0.5336732956456262,0.5336849803228131,2.3369354373858897e-05
1730174976.1097631,0.533696665,0.5336732956456262,0.5336849803228131,2.3369354373858897e-05
1730174977.11316,0.533696665,0.5336732956456262,0.5336849803228131,2.3369354373858897e-05
1730174978.11663,0.533696665,0.5336732956456262,0.5336849803228131,2.3369354373858897e-05
1730174979.120045,0.533696665,0.5336732956456262,0.5336849803228131,2.3369354373858897e-05
1730174980.123422,0.533587315,0.5337024575428712,0.5336448862714356,-0.00011514254287114944
1730174981.1267252,0.533587315,0.5337024575428712,0.5336448862714356,-0.00011514254287114944
1730174982.129994,0.533587315,0.5337024575428712,0.5336448862714356,-0.00011514254287114944
1730174983.133145,0.533587315,0.5337024575428712,0.5336448862714356,-0.00011514254287114944
1730174984.1363149,0.533587315,0.5337024575428712,0.5336448862714356,-0.00011514254287114944
1730174985.139403,0.533587315,0.5337024575428712,0.5336448862714356,-0.00011514254287114944
1730174986.142584,0.533587315,0.5337024575428712,0.5336448862714356,-0.00011514254287114944
1730174987.145924,0.533587315,0.5337024575428712,0.5336448862714356,-0.00011514254287114944
1730174988.149127,0.533587315,0.5337024575428712,0.5336448862714356,-0.00011514254287114944
1730174989.152458,0.533587315,0.5337024575428712,0.5336448862714356,-0.00011514254287114944
1730174990.155461,0.533587315,0.5337024575428712,0.5336448862714356,-0.00011514254287114944
1730174991.158813,0.533587315,0.5337024575428712,0.5336448862714356,-0.00011514254287114944
1730174992.161916,0.533587315,0.5337024575428712,0.5336448862714356,-0.00011514254287114944
1730174993.165223,0.53357488625,0.5338188487111174,0.5336968674805587,-0.00024396246111735298
1730174994.168383,0.53357488625,0.5338188487111174,0.5336968674805587,-0.00024396246111735298
1730174995.171681,0.53357488625,0.5338188487111174,0.5336968674805587,-0.00024396246111735298
1730174996.1751392,0.53357488625,0.5338188487111174,0.5336968674805587,-0.00024396246111735298
1730174997.1784189,0.53357488625,0.5338188487111174,0.5336968674805587,-0.00024396246111735298
1730174998.18155,0.5335924599999999,0.5338573654707032,0.5337249127353516,-0.0002649054707032361
1730174999.184653,0.5335924599999999,0.5338573654707032,0.5337249127353516,-0.0002649054707032361
1730175000.187687,0.5335924599999999,0.5338573654707032,0.5337249127353516,-0.0002649054707032361
1730175001.191027,0.5335924599999999,0.5338573654707032,0.5337249127353516,-0.0002649054707032361
1730175002.194381,0.5335924599999999,0.5338573654707032,0.5337249127353516,-0.0002649054707032361
1730175003.197665,0.5335924599999999,0.5338573654707032,0.5337249127353516,-0.0002649054707032361
1730175004.200973,0.5335924587499999,0.5338472166791938,0.5337198377145969,-0.00025475792919382734
1730175005.2039402,0.5335924587499999,0.5338472166791938,0.5337198377145969,-0.00025475792919382734
1730175006.207166,0.5335924587499999,0.5338472166791938,0.5337198377145969,-0.00025475792919382734
1730175007.210581,0.5335924587499999,0.5338472166791938,0.5337198377145969,-0.00025475792919382734
1730175008.2139032,0.5335924587499999,0.5338472166791938,0.5337198377145969,-0.00025475792919382734
1730175009.2171829,0.5335924587499999,0.5338472166791938,0.5337198377145969,-0.00025475792919382734
1730175010.220339,0.5336221525,0.5338510952851514,0.5337366238925757,-0.0002289427851513981
1730175011.223584,0.5336221525,0.5338510952851514,0.5337366238925757,-0.0002289427851513981
1730175012.226835,0.5336221525,0.5338510952851514,0.5337366238925757,-0.0002289427851513981
1730175013.229855,0.5336221525,0.5338510952851514,0.5337366238925757,-0.0002289427851513981
1730175014.2332082,0.5336221525,0.5338510952851514,0.5337366238925757,-0.0002289427851513981
1730175015.2376902,0.5336221525,0.5338510952851514,0.5337366238925757,-0.0002289427851513981
1730175016.2408051,0.5336221525,0.5338510952851514,0.5337366238925757,-0.0002289427851513981
1730175017.244313,0.5336924574999999,0.5338894288412004,0.5337909431706002,-0.00019697134120044701
1730175018.247521,0.5336924574999999,0.5338894288412004,0.5337909431706002,-0.00019697134120044701
1730175019.250654,0.5336924574999999,0.5338894288412004,0.5337909431706002,-0.00019697134120044701
1730175020.2537658,0.5336924574999999,0.5338894288412004,0.5337909431706002,-0.00019697134120044701
1730175021.257132,0.5336924574999999,0.5338894288412004,0.5337909431706002,-0.00019697134120044701
1730175022.2602072,0.5336924574999999,0.5338894288412004,0.5337909431706002,-0.00019697134120044701
1730175023.263361,0.5336924574999999,0.5338864533839801,0.53378945544199,-0.0001939958839801692
1730175024.266728,0.5336924574999999,0.5338864533839801,0.53378945544199,-0.0001939958839801692
1730175025.2700129,0.5336924574999999,0.5338864533839801,0.53378945544199,-0.0001939958839801692
1730175026.273232,0.5336924574999999,0.5338864533839801,0.53378945544199,-0.0001939958839801692
1730175027.276345,0.5336924574999999,0.5338864533839801,0.53378945544199,-0.0001939958839801692
1730175028.279637,0.5336924574999999,0.5338770650604695,0.5337847612802347,-0.00018460756046956295
1730175029.282773,0.5336924574999999,0.5338770650604695,0.5337847612802347,-0.00018460756046956295
1730175030.285764,0.5336924574999999,0.5338770650604695,0.5337847612802347,-0.00018460756046956295
1730175031.288773,0.5336924574999999,0.5338770650604695,0.5337847612802347,-0.00018460756046956295
1730175032.292049,0.5336924574999999,0.5338770650604695,0.5337847612802347,-0.00018460756046956295
1730175033.295328,0.5336924574999999,0.5338770650604695,0.5337847612802347,-0.00018460756046956295
1730175034.2985501,0.5336924574999999,0.5338770650604695,0.5337847612802347,-0.00018460756046956295
1730175035.301705,0.5336924574999999,0.5338770650604695,0.5337847612802347,-0.00018460756046956295
1730175036.304799,0.5336924574999999,0.5338770650604695,0.5337847612802347,-0.00018460756046956295
1730175037.308165,0.53379245625,0.5338924251440669,0.5338424406970335,-9.996889406682641e-05
1730175038.311501,0.53379245625,0.5338924251440669,0.5338424406970335,-9.996889406682641e-05
1730175039.3147929,0.53379245625,0.5338924251440669,0.5338424406970335,-9.996889406682641e-05
1730175040.318143,0.53379245625,0.5338924251440669,0.5338424406970335,-9.996889406682641e-05
1730175041.3214898,0.53379245625,0.5338924251440669,0.5338424406970335,-9.996889406682641e-05
1730175042.325004,0.53379245625,0.5338924251440669,0.5338424406970335,-9.996889406682641e-05
1730175043.328316,0.53379245625,0.5338924251440669,0.5338424406970335,-9.996889406682641e-05
1730175044.3316312,0.5337924575,0.5338907219194,0.5338415897097,-9.826441939997377e-05
1730175045.334826,0.5337924575,0.5338907219194,0.5338415897097,-9.826441939997377e-05
1730175046.337743,0.5337924575,0.5338907219194,0.5338415897097,-9.826441939997377e-05
1730175047.3409028,0.5337924575,0.5338907219194,0.5338415897097,-9.826441939997377e-05
1730175048.343919,0.5337924575,0.5338907219194,0.5338415897097,-9.826441939997377e-05
1730175049.345879,0.5337924575,0.5338907219194,0.5338415897097,-9.826441939997377e-05
1730175050.348777,0.533892455,0.5339461469451471,0.5339193009725736,-5.369194514703857e-05
1730175051.352028,0.533892455,0.5339461469451471,0.5339193009725736,-5.369194514703857e-05
1730175052.3548648,0.533892455,0.5339461469451471,0.5339193009725736,-5.369194514703857e-05
1730175053.358065,0.533892455,0.5339461469451471,0.5339193009725736,-5.369194514703857e-05
1730175054.361444,0.533892455,0.5339461469451471,0.5339193009725736,-5.369194514703857e-05
1730175055.3648372,0.533892455,0.5339461469451471,0.5339193009725736,-5.369194514703857e-05
1730175056.368014,0.533892455,0.5339569531360707,0.5339247040680354,-6.449813607067867e-05
1730175057.3713448,0.533892455,0.5339569531360707,0.5339247040680354,-6.449813607067867e-05
1730175058.3741372,0.533892455,0.5339569531360707,0.5339247040680354,-6.449813607067867e-05
1730175059.375805,0.533892455,0.5339569531360707,0.5339247040680354,-6.449813607067867e-05
1730175060.378477,0.533892455,0.5339569531360707,0.5339247040680354,-6.449813607067867e-05
1730175061.381993,0.533892455,0.5339569531360707,0.5339247040680354,-6.449813607067867e-05
1730175062.385144,0.533892455,0.5339569531360707,0.5339247040680354,-6.449813607067867e-05
1730175063.3883588,0.5340924524999999,0.5340366465294722,0.534064549514736,5.5805970527678106e-05
1730175064.391262,0.5340924524999999,0.5340366465294722,0.534064549514736,5.5805970527678106e-05
1730175065.394475,0.5340924524999999,0.5340366465294722,0.534064549514736,5.5805970527678106e-05
1730175066.397662,0.5340924524999999,0.5340366465294722,0.534064549514736,5.5805970527678106e-05
1730175067.400885,0.5340924524999999,0.5340366465294722,0.534064549514736,5.5805970527678106e-05
1730175068.403956,0.53419245125,0.5340006623620023,0.5340965568060012,0.00019178888799775695
1730175069.4057012,0.53419245125,0.5340006623620023,0.5340965568060012,0.00019178888799775695
1730175070.408851,0.53419245125,0.5340006623620023,0.5340965568060012,0.00019178888799775695
1730175071.4122481,0.53419245125,0.5340006623620023,0.5340965568060012,0.00019178888799775695
1730175072.415534,0.53419245125,0.5340006623620023,0.5340965568060012,0.00019178888799775695
1730175073.418698,0.53419245125,0.5340006623620023,0.5340965568060012,0.00019178888799775695
1730175074.422028,0.53419245125,0.5340006623620023,0.5340965568060012,0.00019178888799775695
1730175075.425421,0.53419245125,0.5340006623620023,0.5340965568060012,0.00019178888799775695
1730175076.428585,0.5340924524999999,0.5342783668060347,0.5341854096530173,-0.00018591430603476233
1730175077.431701,0.5340924524999999,0.5342783668060347,0.5341854096530173,-0.00018591430603476233
1730175078.4364889,0.5340924524999999,0.5342783668060347,0.5341854096530173,-0.00018591430603476233
1730175079.439326,0.5340924524999999,0.5342783668060347,0.5341854096530173,-0.00018591430603476233
1730175080.441659,0.5340924524999999,0.5342783668060347,0.5341854096530173,-0.00018591430603476233
1730175081.4448352,0.5340924524999999,0.5342783668060347,0.5341854096530173,-0.00018591430603476233
1730175082.4480221,0.5340924524999999,0.5342783668060347,0.5341854096530173,-0.00018591430603476233
1730175083.451243,0.5340924524999999,0.5342783668060347,0.5341854096530173,-0.00018591430603476233
1730175084.454494,0.5342736462500001,0.5342940282210713,0.5342838372355356,-2.038197107123718e-05
1730175085.458581,0.5342736462500001,0.5342940282210713,0.5342838372355356,-2.038197107123718e-05
1730175086.463681,0.5342736462500001,0.5342940282210713,0.5342838372355356,-2.038197107123718e-05
1730175087.4668071,0.5342736462500001,0.5342940282210713,0.5342838372355356,-2.038197107123718e-05
1730175088.470048,0.5342736462500001,0.5342940282210713,0.5342838372355356,-2.038197107123718e-05
1730175089.4731038,0.5342736462500001,0.5342940282210713,0.5342838372355356,-2.038197107123718e-05
1730175090.476137,0.534221165,0.5342968274428097,0.5342589962214048,-7.566244280965417e-05
1730175091.479425,0.534221165,0.5342968274428097,0.5342589962214048,-7.566244280965417e-05
1730175092.4827409,0.534221165,0.5342968274428097,0.5342589962214048,-7.566244280965417e-05
1730175093.485279,0.534221165,0.5342968274428097,0.5342589962214048,-7.566244280965417e-05
1730175094.4886231,0.534221165,0.5342968274428097,0.5342589962214048,-7.566244280965417e-05
1730175095.4919791,0.534221165,0.5342968274428097,0.5342589962214048,-7.566244280965417e-05
1730175096.494608,0.534221165,0.5340549637749539,0.5341380643874769,0.00016620122504618084
1730175097.497795,0.534221165,0.5340549637749539,0.5341380643874769,0.00016620122504618084
1730175098.500937,0.534221165,0.5340549637749539,0.5341380643874769,0.00016620122504618084
1730175099.504103,0.534221165,0.5340549637749539,0.5341380643874769,0.00016620122504618084
1730175100.506708,0.534221165,0.5340549637749539,0.5341380643874769,0.00016620122504618084
1730175101.510769,0.534221165,0.5340549637749539,0.5341380643874769,0.00016620122504618084
1730175102.5137331,0.534221165,0.5340549637749539,0.5341380643874769,0.00016620122504618084
1730175103.5170639,0.534221165,0.5340549637749539,0.5341380643874769,0.00016620122504618084
1730175104.520409,0.53429183,0.5342678292986252,0.5342798296493125,2.4000701374871092e-05
1730175105.523592,0.53429183,0.5342678292986252,0.5342798296493125,2.4000701374871092e-05
1730175106.5267699,0.53429183,0.5342678292986252,0.5342798296493125,2.4000701374871092e-05
1730175107.5298939,0.53429183,0.5342678292986252,0.5342798296493125,2.4000701374871092e-05
1730175108.5328681,0.53429183,0.5342678292986252,0.5342798296493125,2.4000701374871092e-05
1730175109.5361102,0.53429183,0.5342678292986252,0.5342798296493125,2.4000701374871092e-05
1730175110.538729,0.53429183,0.5342678292986252,0.5342798296493125,2.4000701374871092e-05
1730175111.5420642,0.53429183,0.5342678292986252,0.5342798296493125,2.4000701374871092e-05
1730175112.545268,0.5341924487499999,0.5341875242567088,0.5341899865033544,4.924493291147414e-06
1730175113.548608,0.5341924487499999,0.5341875242567088,0.5341899865033544,4.924493291147414e-06
1730175114.552044,0.5341924487499999,0.5341875242567088,0.5341899865033544,4.924493291147414e-06
1730175115.555423,0.5341924487499999,0.5341875242567088,0.5341899865033544,4.924493291147414e-06
1730175116.558711,0.5341924487499999,0.5341875242567088,0.5341899865033544,4.924493291147414e-06
1730175117.5618298,0.5341924487499999,0.5341782876840964,0.5341853682170481,1.4161065903572911e-05
1730175118.5650702,0.5341924487499999,0.5341782876840964,0.5341853682170481,1.4161065903572911e-05
1730175119.568392,0.5341924487499999,0.5341782876840964,0.5341853682170481,1.4161065903572911e-05
1730175120.571388,0.5341924487499999,0.5341782876840964,0.5341853682170481,1.4161065903572911e-05
1730175121.574709,0.5341924487499999,0.5341782876840964,0.5341853682170481,1.4161065903572911e-05
1730175122.5779479,0.5341924487499999,0.5341782876840964,0.5341853682170481,1.4161065903572911e-05
1730175123.581432,0.5341924487499999,0.5341782876840964,0.5341853682170481,1.4161065903572911e-05
1730175124.5848472,0.5341924487499999,0.5341937939521362,0.534193121351068,-1.3452021362381217e-06
1730175125.588108,0.5341924487499999,0.5341937939521362,0.534193121351068,-1.3452021362381217e-06
1730175126.591139,0.5341924487499999,0.5341937939521362,0.534193121351068,-1.3452021362381217e-06
1730175127.594338,0.5341924487499999,0.5341937939521362,0.534193121351068,-1.3452021362381217e-06
1730175128.597517,0.5341924487499999,0.5341937939521362,0.534193121351068,-1.3452021362381217e-06
1730175129.600399,0.5341924487499999,0.5341960046402828,0.5341942266951414,-3.555890282891383e-06
1730175130.6036348,0.5341924487499999,0.5341960046402828,0.5341942266951414,-3.555890282891383e-06
1730175131.606785,0.5341924487499999,0.5341960046402828,0.5341942266951414,-3.555890282891383e-06
1730175132.6098912,0.5341924487499999,0.5341960046402828,0.5341942266951414,-3.555890282891383e-06
1730175133.613143,0.5341924487499999,0.5341960046402828,0.5341942266951414,-3.555890282891383e-06
1730175134.61632,0.5341924487499999,0.5341960046402828,0.5341942266951414,-3.555890282891383e-06
1730175135.619345,0.5341924487499999,0.5341960046402828,0.5341942266951414,-3.555890282891383e-06
1730175136.622507,0.5341924487499999,0.5342504648568773,0.5342214568034387,-5.8016106877389895e-05
1730175137.625704,0.5341924487499999,0.5342504648568773,0.5342214568034387,-5.8016106877389895e-05
1730175138.6288881,0.5341924487499999,0.5342504648568773,0.5342214568034387,-5.8016106877389895e-05
1730175139.6315699,0.5341924487499999,0.5342504648568773,0.5342214568034387,-5.8016106877389895e-05
1730175140.6344278,0.5341924487499999,0.5342504648568773,0.5342214568034387,-5.8016106877389895e-05
1730175141.638601,0.5341924487499999,0.5342504648568773,0.5342214568034387,-5.8016106877389895e-05
1730175142.641993,0.5341924487499999,0.5342504648568773,0.5342214568034387,-5.8016106877389895e-05
1730175143.6451771,0.5343048775,0.5343150877010369,0.5343099826005184,-1.021020103686432e-05
1730175144.648438,0.5343048775,0.5343150877010369,0.5343099826005184,-1.021020103686432e-05
1730175145.651855,0.5343048775,0.5343150877010369,0.5343099826005184,-1.021020103686432e-05
1730175146.655096,0.5343048775,0.5343150877010369,0.5343099826005184,-1.021020103686432e-05
1730175147.6583161,0.5343048775,0.5343150877010369,0.5343099826005184,-1.021020103686432e-05
1730175148.661536,0.5343048775,0.5343150877010369,0.5343099826005184,-1.021020103686432e-05
1730175149.664772,0.5343048775,0.5343150877010369,0.5343099826005184,-1.021020103686432e-05
1730175150.667819,0.5345924424999999,0.5343639507701473,0.5344781966350736,0.00022849172985262012
1730175151.670943,0.5345924424999999,0.5343639507701473,0.5344781966350736,0.00022849172985262012
1730175152.6740448,0.5345924424999999,0.5343639507701473,0.5344781966350736,0.00022849172985262012
1730175153.676812,0.5345924424999999,0.5343639507701473,0.5344781966350736,0.00022849172985262012
1730175154.679967,0.5345924424999999,0.5343639507701473,0.5344781966350736,0.00022849172985262012
1730175155.683327,0.5345924424999999,0.5343639507701473,0.5344781966350736,0.00022849172985262012
1730175156.686532,0.5345924424999999,0.5343639507701473,0.5344781966350736,0.00022849172985262012
1730175157.6897202,0.5345924424999999,0.5343639507701473,0.5344781966350736,0.00022849172985262012
1730175158.6928792,0.5345924424999999,0.5343639507701473,0.5344781966350736,0.00022849172985262012
1730175159.695796,0.5345924424999999,0.5343639507701473,0.5344781966350736,0.00022849172985262012
1730175160.698965,0.53449244375,0.5343605813363577,0.5344265125431789,0.00013186241364238072
1730175161.702189,0.53449244375,0.5343605813363577,0.5344265125431789,0.00013186241364238072
1730175162.705358,0.53449244375,0.5343605813363577,0.5344265125431789,0.00013186241364238072
1730175163.7086878,0.53449244375,0.5343605813363577,0.5344265125431789,0.00013186241364238072
1730175164.7121139,0.53449244375,0.5343605813363577,0.5344265125431789,0.00013186241364238072
1730175165.715641,0.53449244375,0.5343605813363577,0.5344265125431789,0.00013186241364238072
1730175166.719011,0.53449244375,0.5343605813363577,0.5344265125431789,0.00013186241364238072
1730175167.722392,0.53449244375,0.5343605813363577,0.5344265125431789,0.00013186241364238072
1730175168.725919,0.53449244375,0.5343605813363577,0.5344265125431789,0.00013186241364238072
1730175169.7292411,0.5342924475,0.534245868767517,0.5342691581337585,4.657873248303801e-05
1730175170.733036,0.5342924475,0.534245868767517,0.5342691581337585,4.657873248303801e-05
1730175171.736314,0.5342924475,0.534245868767517,0.5342691581337585,4.657873248303801e-05
1730175172.739539,0.5342924475,0.534245868767517,0.5342691581337585,4.657873248303801e-05
1730175173.742965,0.5342924475,0.534245868767517,0.5342691581337585,4.657873248303801e-05
1730175174.74629,0.5342924475,0.534245868767517,0.5342691581337585,4.657873248303801e-05
1730175175.74942,0.5342924475,0.534245868767517,0.5342691581337585,4.657873248303801e-05
1730175176.752845,0.5342924475,0.534245868767517,0.5342691581337585,4.657873248303801e-05
1730175177.756066,0.5342924475,0.534245868767517,0.5342691581337585,4.657873248303801e-05
1730175178.759176,0.5342924475,0.534245868767517,0.5342691581337585,4.657873248303801e-05
1730175179.7623072,0.5342924475,0.534245868767517,0.5342691581337585,4.657873248303801e-05
1730175180.765075,0.5342924475,0.5344380695453239,0.5343652585226619,-0.0001456220453238677
1730175181.768214,0.5342924475,0.5344380695453239,0.5343652585226619,-0.0001456220453238677
1730175182.7712052,0.5342924475,0.5344380695453239,0.5343652585226619,-0.0001456220453238677
1730175183.773393,0.5342924475,0.5344380695453239,0.5343652585226619,-0.0001456220453238677
1730175184.776751,0.5342924475,0.5344380695453239,0.5343652585226619,-0.0001456220453238677
1730175185.7799869,0.5342924475,0.5344380695453239,0.5343652585226619,-0.0001456220453238677
1730175186.78332,0.5343141687499999,0.5344183889574383,0.5343662788537191,-0.000104220207438388
1730175187.786471,0.5343141687499999,0.5344183889574383,0.5343662788537191,-0.000104220207438388
1730175188.78987,0.5343141687499999,0.5344183889574383,0.5343662788537191,-0.000104220207438388
1730175189.793021,0.5343141687499999,0.5344183889574383,0.5343662788537191,-0.000104220207438388
1730175190.7964668,0.5343141687499999,0.5344183889574383,0.5343662788537191,-0.000104220207438388
1730175191.8006542,0.5343141687499999,0.5344183889574383,0.5343662788537191,-0.000104220207438388
1730175192.804852,0.5343141687499999,0.5344183889574383,0.5343662788537191,-0.000104220207438388
1730175193.8089569,0.5343262825,0.53444599550201,0.534386139001005,-0.00011971300200996904
1730175194.813152,0.5343262825,0.53444599550201,0.534386139001005,-0.00011971300200996904
1730175195.817365,0.5343262825,0.53444599550201,0.534386139001005,-0.00011971300200996904
1730175196.821739,0.5343262825,0.53444599550201,0.534386139001005,-0.00011971300200996904
1730175197.824922,0.5343262825,0.53444599550201,0.534386139001005,-0.00011971300200996904
1730175198.828368,0.53439862375,0.5345681993020649,0.5344834115260324,-0.00016957555206487118
1730175199.8317199,0.53439862375,0.5345681993020649,0.5344834115260324,-0.00016957555206487118
1730175200.834986,0.53439862375,0.5345681993020649,0.5344834115260324,-0.00016957555206487118
1730175201.83821,0.53439862375,0.5345681993020649,0.5344834115260324,-0.00016957555206487118
1730175202.8412218,0.53439862375,0.5345681993020649,0.5344834115260324,-0.00016957555206487118
1730175203.8446112,0.53439862375,0.5345681993020649,0.5344834115260324,-0.00016957555206487118
1730175204.847857,0.53439862375,0.5345681993020649,0.5344834115260324,-0.00016957555206487118
1730175205.851079,0.53439862375,0.5345681993020649,0.5344834115260324,-0.00016957555206487118
1730175206.8541892,0.534492445,0.5345266262104986,0.5345095356052494,-3.4181210498585024e-05
1730175207.857537,0.534492445,0.5345266262104986,0.5345095356052494,-3.4181210498585024e-05
1730175208.860779,0.534492445,0.5345266262104986,0.5345095356052494,-3.4181210498585024e-05
1730175209.8639,0.534492445,0.5345266262104986,0.5345095356052494,-3.4181210498585024e-05
1730175210.86703,0.534492445,0.5345266262104986,0.5345095356052494,-3.4181210498585024e-05
1730175211.870239,0.53443556125,0.5345156758121031,0.5344756185310515,-8.01145621031063e-05
1730175212.873569,0.53443556125,0.5345156758121031,0.5344756185310515,-8.01145621031063e-05
1730175213.876906,0.53443556125,0.5345156758121031,0.5344756185310515,-8.01145621031063e-05
1730175214.880192,0.53443556125,0.5345156758121031,0.5344756185310515,-8.01145621031063e-05
1730175215.8834949,0.53443556125,0.5345156758121031,0.5344756185310515,-8.01145621031063e-05
1730175216.886742,0.53443556125,0.5345156758121031,0.5344756185310515,-8.01145621031063e-05
1730175217.890105,0.53443556125,0.5345156758121031,0.5344756185310515,-8.01145621031063e-05
1730175218.893331,0.53443558,0.5345373746820669,0.5344864773410334,-0.00010179468206683584
1730175219.896678,0.53443558,0.5345373746820669,0.5344864773410334,-0.00010179468206683584
1730175220.899622,0.53443558,0.5345373746820669,0.5344864773410334,-0.00010179468206683584
1730175221.9027562,0.53443558,0.5345373746820669,0.5344864773410334,-0.00010179468206683584
1730175222.9059808,0.53443558,0.5345373746820669,0.5344864773410334,-0.00010179468206683584
1730175223.9093702,0.5344784025,0.5345681993006759,0.534523300900338,-8.97968006758898e-05
1730175224.912705,0.5344784025,0.5345681993006759,0.534523300900338,-8.97968006758898e-05
1730175225.916082,0.5344784025,0.5345681993006759,0.534523300900338,-8.97968006758898e-05
1730175226.919223,0.5344784025,0.5345681993006759,0.534523300900338,-8.97968006758898e-05
1730175227.9223151,0.5344784025,0.5345681993006759,0.534523300900338,-8.97968006758898e-05
1730175228.924384,0.5344784025,0.5345681993006759,0.534523300900338,-8.97968006758898e-05
1730175229.9276538,0.5344924424999999,0.5345681993038395,0.5345303209019197,-7.575680383953287e-05
1730175230.930371,0.5344924424999999,0.5345681993038395,0.5345303209019197,-7.575680383953287e-05
1730175231.933743,0.5344924424999999,0.5345681993038395,0.5345303209019197,-7.575680383953287e-05
1730175232.93705,0.5344924424999999,0.5345681993038395,0.5345303209019197,-7.575680383953287e-05
1730175233.940243,0.5344924424999999,0.5345681993038395,0.5345303209019197,-7.575680383953287e-05
1730175234.943578,0.53453768,0.5345349126922426,0.5345362963461213,2.7673077573897586e-06
1730175235.947084,0.53453768,0.5345349126922426,0.5345362963461213,2.7673077573897586e-06
1730175236.9505439,0.53453768,0.5345349126922426,0.5345362963461213,2.7673077573897586e-06
1730175237.953675,0.53453768,0.5345349126922426,0.5345362963461213,2.7673077573897586e-06
1730175238.9565172,0.53453768,0.5345349126922426,0.5345362963461213,2.7673077573897586e-06
1730175239.959724,0.53453768,0.5345349126922426,0.5345362963461213,2.7673077573897586e-06
1730175240.962877,0.53453768,0.5345349126922426,0.5345362963461213,2.7673077573897586e-06
1730175241.966352,0.53447973875,0.5345343840156256,0.5345070613828128,-5.4645265625596906e-05
1730175242.969728,0.53447973875,0.5345343840156256,0.5345070613828128,-5.4645265625596906e-05
1730175243.973013,0.53447973875,0.5345343840156256,0.5345070613828128,-5.4645265625596906e-05
1730175244.976313,0.53447973875,0.5345343840156256,0.5345070613828128,-5.4645265625596906e-05
1730175245.979598,0.53447973875,0.5345343840156256,0.5345070613828128,-5.4645265625596906e-05
1730175246.983049,0.53447973875,0.5345343840156256,0.5345070613828128,-5.4645265625596906e-05
1730175247.9864378,0.53447973875,0.534553883284293,0.5345168110171465,-7.414453429299694e-05
1730175248.9888902,0.53447973875,0.534553883284293,0.5345168110171465,-7.414453429299694e-05
1730175249.9921548,0.53447973875,0.534553883284293,0.5345168110171465,-7.414453429299694e-05
1730175250.995393,0.53447973875,0.534553883284293,0.5345168110171465,-7.414453429299694e-05
1730175251.9988291,0.53447973875,0.534553883284293,0.5345168110171465,-7.414453429299694e-05
1730175253.002012,0.53447973875,0.534553883284293,0.5345168110171465,-7.414453429299694e-05
1730175254.004527,0.53447973875,0.534553883284293,0.5345168110171465,-7.414453429299694e-05
1730175255.007843,0.53447973875,0.534553883284293,0.5345168110171465,-7.414453429299694e-05
1730175256.011256,0.53451592125,0.534542517362987,0.5345292193064934,-2.6596112986942977e-05
1730175257.0146492,0.53451592125,0.534542517362987,0.5345292193064934,-2.6596112986942977e-05
1730175258.018016,0.53451592125,0.534542517362987,0.5345292193064934,-2.6596112986942977e-05
1730175259.0213661,0.53451592125,0.534542517362987,0.5345292193064934,-2.6596112986942977e-05
1730175260.0244942,0.53451592125,0.534542517362987,0.5345292193064934,-2.6596112986942977e-05
1730175261.026956,0.53451592125,0.534542517362987,0.5345292193064934,-2.6596112986942977e-05
1730175262.0301282,0.5345196175,0.5345542816151959,0.534536949557598,-3.466411519592594e-05
1730175263.033304,0.5345196175,0.5345542816151959,0.534536949557598,-3.466411519592594e-05
1730175264.036565,0.5345196175,0.5345542816151959,0.534536949557598,-3.466411519592594e-05
1730175265.039489,0.5345196175,0.5345542816151959,0.534536949557598,-3.466411519592594e-05
1730175266.042721,0.5345196175,0.5345542816151959,0.534536949557598,-3.466411519592594e-05
1730175267.045592,0.5345196175,0.5345542816151959,0.534536949557598,-3.466411519592594e-05
1730175268.048962,0.5345196175,0.5345558903329204,0.5345377539164602,-3.6272832920403175e-05
1730175269.051821,0.5345196175,0.5345558903329204,0.5345377539164602,-3.6272832920403175e-05
1730175270.054092,0.5345196175,0.5345558903329204,0.5345377539164602,-3.6272832920403175e-05
1730175271.0566342,0.5345196175,0.5345558903329204,0.5345377539164602,-3.6272832920403175e-05
1730175272.058995,0.5345196175,0.5345558903329204,0.5345377539164602,-3.6272832920403175e-05
1730175273.0615191,0.5345196175,0.5345558903329204,0.5345377539164602,-3.6272832920403175e-05
1730175274.0650492,0.5345196175,0.5345558903329204,0.5345377539164602,-3.6272832920403175e-05
1730175275.0681338,0.5345196175,0.5345558903329204,0.5345377539164602,-3.6272832920403175e-05
1730175276.0715258,0.53450872875,0.5345556093738832,0.5345321690619416,-4.688062388324976e-05
1730175277.07477,0.53450872875,0.5345556093738832,0.5345321690619416,-4.688062388324976e-05
1730175278.0782661,0.53450872875,0.5345556093738832,0.5345321690619416,-4.688062388324976e-05
1730175279.08172,0.53450872875,0.5345556093738832,0.5345321690619416,-4.688062388324976e-05
1730175280.084085,0.53450872875,0.5345556093738832,0.5345321690619416,-4.688062388324976e-05
1730175281.086693,0.53450872875,0.5345556093738832,0.5345321690619416,-4.688062388324976e-05
1730175282.089194,0.53450872875,0.5345556093738832,0.5345321690619416,-4.688062388324976e-05
1730175283.091926,0.53450872875,0.5345556093738832,0.5345321690619416,-4.688062388324976e-05
1730175284.094363,0.53439706375,0.5345807240137814,0.5344888938818907,-0.00018366026378147104
1730175285.096722,0.53439706375,0.5345807240137814,0.5344888938818907,-0.00018366026378147104
1730175286.099384,0.53439706375,0.5345807240137814,0.5344888938818907,-0.00018366026378147104
1730175287.102046,0.53439706375,0.5345807240137814,0.5344888938818907,-0.00018366026378147104
1730175288.104823,0.53439706375,0.5345807240137814,0.5344888938818907,-0.00018366026378147104
1730175289.108337,0.53439706375,0.5345807240137814,0.5344888938818907,-0.00018366026378147104
1730175290.111506,0.53439706375,0.5345807240137814,0.5344888938818907,-0.00018366026378147104
1730175291.1143749,0.53439706375,0.5345807240137814,0.5344888938818907,-0.00018366026378147104
1730175292.117248,0.53443258625,0.5345550753242945,0.5344938307871472,-0.00012248907429446287
1730175293.11921,0.53443258625,0.5345550753242945,0.5344938307871472,-0.00012248907429446287
1730175294.122463,0.53443258625,0.5345550753242945,0.5344938307871472,-0.00012248907429446287
1730175295.1254961,0.53443258625,0.5345550753242945,0.5344938307871472,-0.00012248907429446287
1730175296.1284108,0.53443258625,0.5345550753242945,0.5344938307871472,-0.00012248907429446287
1730175297.13183,0.53443258625,0.5345550753242945,0.5344938307871472,-0.00012248907429446287
1730175298.135259,0.53443258625,0.5345550753242945,0.5344938307871472,-0.00012248907429446287
1730175299.1386518,0.53443258625,0.5345550753242945,0.5344938307871472,-0.00012248907429446287
1730175300.141022,0.53443258625,0.5345550753242945,0.5344938307871472,-0.00012248907429446287
1730175301.1429088,0.53443258625,0.5345550753242945,0.5344938307871472,-0.00012248907429446287
1730175302.1456482,0.53438678875,0.5345550753242945,0.5344709320371472,-0.0001682865742944628
1730175303.148872,0.53438678875,0.5345550753242945,0.5344709320371472,-0.0001682865742944628
1730175304.152406,0.53438678875,0.5345550753242945,0.5344709320371472,-0.0001682865742944628
1730175305.155793,0.53438678875,0.5345550753242945,0.5344709320371472,-0.0001682865742944628
1730175306.15921,0.53438678875,0.5345550753242945,0.5344709320371472,-0.0001682865742944628
1730175307.162733,0.53438678875,0.5345550753242945,0.5344709320371472,-0.0001682865742944628
1730175308.1662688,0.53438678875,0.5345550753242945,0.5344709320371472,-0.0001682865742944628
1730175309.1700711,0.534437915,0.5345550753242945,0.5344964951621473,-0.00011716032429442969
1730175310.173514,0.534437915,0.5345550753242945,0.5344964951621473,-0.00011716032429442969
1730175311.1758552,0.534437915,0.5345550753242945,0.5344964951621473,-0.00011716032429442969
1730175312.179104,0.534437915,0.5345550753242945,0.5344964951621473,-0.00011716032429442969
1730175313.182131,0.534437915,0.5345550753242945,0.5344964951621473,-0.00011716032429442969
1730175314.185107,0.534437915,0.5345550753242945,0.5344964951621473,-0.00011716032429442969
1730175315.1883361,0.534437915,0.5345550753242945,0.5344964951621473,-0.00011716032429442969
1730175316.191454,0.534437915,0.5345550753242945,0.5344964951621473,-0.00011716032429442969
1730175317.194824,0.534437915,0.5345550753242945,0.5344964951621473,-0.00011716032429442969
1730175318.1980748,0.534437915,0.5345550753242945,0.5344964951621473,-0.00011716032429442969
1730175319.201445,0.534437915,0.5345550753242945,0.5344964951621473,-0.00011716032429442969
1730175320.204193,0.534437915,0.5345550753242945,0.5344964951621473,-0.00011716032429442969
1730175321.205834,0.534437915,0.5345550753242945,0.5344964951621473,-0.00011716032429442969
1730175322.208904,0.534437915,0.5345550753242945,0.5344964951621473,-0.00011716032429442969
1730175323.212049,0.534437915,0.5345550753242945,0.5344964951621473,-0.00011716032429442969
1730175324.214921,0.5345403525,0.5345550753242945,0.5345477139121473,-1.4722824294488568e-05
1730175325.218143,0.5345403525,0.5345550753242945,0.5345477139121473,-1.4722824294488568e-05
1730175326.221514,0.5345403525,0.5345550753242945,0.5345477139121473,-1.4722824294488568e-05
1730175327.224702,0.5345403525,0.5345550753242945,0.5345477139121473,-1.4722824294488568e-05
1730175328.2281358,0.5345403525,0.5345550753242945,0.5345477139121473,-1.4722824294488568e-05
1730175329.231029,0.5345403525,0.5345550753242945,0.5345477139121473,-1.4722824294488568e-05
1730175330.235121,0.5345403525,0.5345550753242945,0.5345477139121473,-1.4722824294488568e-05
1730175331.2380211,0.53457955125,0.5345550753242945,0.5345673132871472,2.4475925705536028e-05
1730175332.24096,0.53457955125,0.5345550753242945,0.5345673132871472,2.4475925705536028e-05
1730175333.244174,0.53457955125,0.5345550753242945,0.5345673132871472,2.4475925705536028e-05
1730175334.246919,0.53457955125,0.5345550753242945,0.5345673132871472,2.4475925705536028e-05
1730175335.250079,0.53457955125,0.5345550753242945,0.5345673132871472,2.4475925705536028e-05
1730175336.253375,0.53457955125,0.5345550753242945,0.5345673132871472,2.4475925705536028e-05
1730175337.2567282,0.53457955125,0.5345550753242945,0.5345673132871472,2.4475925705536028e-05
1730175338.260031,0.5344174887500001,0.534538890528643,0.5344781896393216,-0.00012140177864294888
1730175339.263327,0.5344174887500001,0.534538890528643,0.5344781896393216,-0.00012140177864294888
1730175340.2665758,0.5344174887500001,0.534538890528643,0.5344781896393216,-0.00012140177864294888
1730175341.26994,0.5344174887500001,0.534538890528643,0.5344781896393216,-0.00012140177864294888
1730175342.273354,0.5344174887500001,0.534538890528643,0.5344781896393216,-0.00012140177864294888
1730175343.276665,0.5343562125,0.5345550753242945,0.5344556439121473,-0.00019886282429448787
1730175344.280159,0.5343562125,0.5345550753242945,0.5344556439121473,-0.00019886282429448787
1730175345.283347,0.5343562125,0.5345550753242945,0.5344556439121473,-0.00019886282429448787
1730175346.286423,0.5343562125,0.5345550753242945,0.5344556439121473,-0.00019886282429448787
1730175347.2894878,0.5343562125,0.5345550753242945,0.5344556439121473,-0.00019886282429448787
1730175348.292663,0.5343562125,0.5345550753242945,0.5344556439121473,-0.00019886282429448787
1730175349.295778,0.53439706375,0.534522046400468,0.534459555075234,-0.0001249826504680085
1730175350.2986429,0.53439706375,0.534522046400468,0.534459555075234,-0.0001249826504680085
1730175351.3015108,0.53439706375,0.534522046400468,0.534459555075234,-0.0001249826504680085
1730175352.304568,0.53439706375,0.534522046400468,0.534459555075234,-0.0001249826504680085
1730175353.30753,0.53439706375,0.534522046400468,0.534459555075234,-0.0001249826504680085
1730175354.30998,0.53439706375,0.534522046400468,0.534459555075234,-0.0001249826504680085
1730175355.313269,0.53439706375,0.534522046400468,0.534459555075234,-0.0001249826504680085
1730175356.316452,0.53439706375,0.534522046400468,0.534459555075234,-0.0001249826504680085
1730175357.319245,0.53441137625,0.5345550753242945,0.5344832257871472,-0.0001436990742944566
1730175358.3225129,0.53441137625,0.5345550753242945,0.5344832257871472,-0.0001436990742944566
1730175359.3258848,0.53441137625,0.5345550753242945,0.5344832257871472,-0.0001436990742944566
1730175360.329015,0.53441137625,0.5345550753242945,0.5344832257871472,-0.0001436990742944566
1730175361.332042,0.53441137625,0.5345550753242945,0.5344832257871472,-0.0001436990742944566
1730175362.3351412,0.53441137625,0.5345550753242945,0.5344832257871472,-0.0001436990742944566
1730175363.338208,0.534437915,0.5345550753242945,0.5344964951621473,-0.00011716032429442969
1730175364.341598,0.534437915,0.5345550753242945,0.5344964951621473,-0.00011716032429442969
1730175365.3448021,0.534437915,0.5345550753242945,0.5344964951621473,-0.00011716032429442969
1730175366.3478138,0.534437915,0.5345550753242945,0.5344964951621473,-0.00011716032429442969
1730175367.350292,0.534437915,0.5345550753242945,0.5344964951621473,-0.00011716032429442969
1730175368.352764,0.534437915,0.5345550753242945,0.5344964951621473,-0.00011716032429442969
1730175369.3559601,0.534437915,0.5345550753242945,0.5344964951621473,-0.00011716032429442969
1730175370.3587909,0.53447876625,0.5345550753242945,0.5345169207871472,-7.63090742944561e-05
1730175371.3611069,0.53447876625,0.5345550753242945,0.5345169207871472,-7.63090742944561e-05
1730175372.364196,0.53447876625,0.5345550753242945,0.5345169207871472,-7.63090742944561e-05
1730175373.366956,0.53447876625,0.5345550753242945,0.5345169207871472,-7.63090742944561e-05
1730175374.370332,0.53447876625,0.5345550753242945,0.5345169207871472,-7.63090742944561e-05
1730175375.373564,0.53447876625,0.5345550753242945,0.5345169207871472,-7.63090742944561e-05
1730175376.376959,0.53447876625,0.5345348040367515,0.5345067851433758,-5.603778675145055e-05
1730175377.380269,0.53447876625,0.5345348040367515,0.5345067851433758,-5.603778675145055e-05
1730175378.38348,0.53447876625,0.5345348040367515,0.5345067851433758,-5.603778675145055e-05
1730175379.3867571,0.53447876625,0.5345348040367515,0.5345067851433758,-5.603778675145055e-05
1730175380.389599,0.53447876625,0.5345348040367515,0.5345067851433758,-5.603778675145055e-05
1730175381.392822,0.53447876625,0.5345348040367515,0.5345067851433758,-5.603778675145055e-05
1730175382.396162,0.5344991925,0.5345217681679464,0.5345104803339732,-2.2575667946389544e-05
1730175383.399477,0.5344991925,0.5345217681679464,0.5345104803339732,-2.2575667946389544e-05
1730175384.402547,0.5344991925,0.5345217681679464,0.5345104803339732,-2.2575667946389544e-05
1730175385.4058921,0.5344991925,0.5345217681679464,0.5345104803339732,-2.2575667946389544e-05
1730175386.408749,0.5344991925,0.5345217681679464,0.5345104803339732,-2.2575667946389544e-05
1730175387.4119182,0.5344991925,0.5344074469686326,0.5344533197343163,9.174553136737096e-05
1730175388.414999,0.5344991925,0.5344074469686326,0.5344533197343163,9.174553136737096e-05
1730175389.418545,0.5344991925,0.5344074469686326,0.5344533197343163,9.174553136737096e-05
1730175390.421757,0.5344991925,0.5344074469686326,0.5344533197343163,9.174553136737096e-05
1730175391.4248981,0.5344991925,0.5344074469686326,0.5344533197343163,9.174553136737096e-05
1730175392.428121,0.5343866225,0.5342800990309079,0.5343333607654539,0.00010652346909212351
1730175393.430458,0.5343866225,0.5342800990309079,0.5343333607654539,0.00010652346909212351
1730175394.433706,0.5343866225,0.5342800990309079,0.5343333607654539,0.00010652346909212351
1730175395.436875,0.5343866225,0.5342800990309079,0.5343333607654539,0.00010652346909212351
1730175396.4401731,0.5343866225,0.5342800990309079,0.5343333607654539,0.00010652346909212351
1730175397.4436622,0.5343866225,0.5342800990309079,0.5343333607654539,0.00010652346909212351
1730175398.446986,0.5343866225,0.5342800990309079,0.5343333607654539,0.00010652346909212351
1730175399.450439,0.5343866225,0.5342800990309079,0.5343333607654539,0.00010652346909212351
1730175400.4537642,0.5343866225,0.5342800990309079,0.5343333607654539,0.00010652346909212351
1730175401.456624,0.534339425,0.5342633902752069,0.5343014076376034,7.603472479311701e-05
1730175402.458913,0.534339425,0.5342633902752069,0.5343014076376034,7.603472479311701e-05
1730175403.462236,0.534339425,0.5342633902752069,0.5343014076376034,7.603472479311701e-05
1730175404.465627,0.534339425,0.5342633902752069,0.5343014076376034,7.603472479311701e-05
1730175405.4690628,0.534339425,0.5342633902752069,0.5343014076376034,7.603472479311701e-05
1730175406.472445,0.534339425,0.5342633902752069,0.5343014076376034,7.603472479311701e-05
1730175407.475769,0.5342849875,0.5341537412581531,0.5342193643790765,0.00013124624184690514
1730175408.478893,0.5342849875,0.5341537412581531,0.5342193643790765,0.00013124624184690514
1730175409.481514,0.5342849875,0.5341537412581531,0.5342193643790765,0.00013124624184690514
1730175410.484742,0.5342849875,0.5341537412581531,0.5342193643790765,0.00013124624184690514
1730175411.487099,0.5342849875,0.5341537412581531,0.5342193643790765,0.00013124624184690514
1730175412.4897852,0.53426074,0.5341705546162402,0.5342156473081201,9.01853837598221e-05
1730175413.4931579,0.53426074,0.5341705546162402,0.5342156473081201,9.01853837598221e-05
1730175414.4965959,0.53426074,0.5341705546162402,0.5342156473081201,9.01853837598221e-05
1730175415.500083,0.53426074,0.5341705546162402,0.5342156473081201,9.01853837598221e-05
1730175416.503339,0.53426074,0.5341705546162402,0.5342156473081201,9.01853837598221e-05
1730175417.5064478,0.53426074,0.5341705546162402,0.5342156473081201,9.01853837598221e-05
1730175418.509821,0.53426074,0.5341705546162402,0.5342156473081201,9.01853837598221e-05
1730175419.513163,0.53429627625,0.5342074453940957,0.5342518608220479,8.883085590427608e-05
1730175420.516345,0.53429627625,0.5342074453940957,0.5342518608220479,8.883085590427608e-05
1730175421.519568,0.53429627625,0.5342074453940957,0.5342518608220479,8.883085590427608e-05
1730175422.523255,0.53429627625,0.5342074453940957,0.5342518608220479,8.883085590427608e-05
1730175423.526342,0.53429627625,0.5342074453940957,0.5342518608220479,8.883085590427608e-05
1730175424.529793,0.53429627625,0.5342074453940957,0.5342518608220479,8.883085590427608e-05
1730175425.533184,0.53429627625,0.5342074453940957,0.5342518608220479,8.883085590427608e-05
1730175426.536631,0.53433509375,0.5342074458698302,0.534271269809915,0.00012764788016983442
1730175427.539986,0.53433509375,0.5342074458698302,0.534271269809915,0.00012764788016983442
1730175428.5431309,0.53433509375,0.5342074458698302,0.534271269809915,0.00012764788016983442
1730175429.5462132,0.53433509375,0.5342074458698302,0.534271269809915,0.00012764788016983442
1730175430.549483,0.53433509375,0.5342074458698302,0.534271269809915,0.00012764788016983442
1730175431.552116,0.53433509375,0.5342074458698302,0.534271269809915,0.00012764788016983442
1730175432.5560472,0.53433509375,0.5342074458698302,0.534271269809915,0.00012764788016983442
1730175433.559244,0.5343055600000001,0.5341244626745946,0.5342150113372973,0.00018109732540549928
1730175434.5624661,0.5343055600000001,0.5341244626745946,0.5342150113372973,0.00018109732540549928
1730175435.5660942,0.5343055600000001,0.5341244626745946,0.5342150113372973,0.00018109732540549928
1730175436.5693161,0.5343055600000001,0.5341244626745946,0.5342150113372973,0.00018109732540549928
1730175437.5726469,0.5343055600000001,0.5341244626745946,0.5342150113372973,0.00018109732540549928
1730175438.5759392,0.5343055600000001,0.5341244626745946,0.5342150113372973,0.00018109732540549928
1730175439.579366,0.5343055600000001,0.5341332219812859,0.534219390990643,0.00017233801871419097
1730175440.582586,0.5343055600000001,0.5341332219812859,0.534219390990643,0.00017233801871419097
1730175441.585911,0.5343055600000001,0.5341332219812859,0.534219390990643,0.00017233801871419097
1730175442.589269,0.5343055600000001,0.5341332219812859,0.534219390990643,0.00017233801871419097
1730175443.592601,0.5343055600000001,0.5341332219812859,0.534219390990643,0.00017233801871419097
1730175444.595843,0.53430545875,0.5341242387470414,0.5342148487485208,0.0001812200029586153
1730175445.599057,0.53430545875,0.5341242387470414,0.5342148487485208,0.0001812200029586153
1730175446.602328,0.53430545875,0.5341242387470414,0.5342148487485208,0.0001812200029586153
1730175447.60573,0.53430545875,0.5341242387470414,0.5342148487485208,0.0001812200029586153
1730175448.6091409,0.53430545875,0.5341242387470414,0.5342148487485208,0.0001812200029586153
1730175449.612436,0.53430545875,0.5341242387470414,0.5342148487485208,0.0001812200029586153
1730175450.6156318,0.53430545875,0.5341242387470414,0.5342148487485208,0.0001812200029586153
1730175451.618753,0.5342562675,0.5342074456033128,0.5342318565516564,4.882189668720116e-05
1730175452.6220438,0.5342562675,0.5342074456033128,0.5342318565516564,4.882189668720116e-05
1730175453.6254568,0.5342562675,0.5342074456033128,0.5342318565516564,4.882189668720116e-05
1730175454.628727,0.5342562675,0.5342074456033128,0.5342318565516564,4.882189668720116e-05
1730175455.631935,0.5342562675,0.5342074456033128,0.5342318565516564,4.882189668720116e-05
1730175456.635247,0.5342562675,0.5342074456033128,0.5342318565516564,4.882189668720116e-05
1730175457.638564,0.5342562675,0.5342074456033128,0.5342318565516564,4.882189668720116e-05
1730175458.641713,0.5342562675,0.5342074456033128,0.5342318565516564,4.882189668720116e-05
1730175459.64506,0.5342561462500001,0.5341520636454824,0.5342041049477413,0.00010408260451766349
1730175460.6483982,0.5342561462500001,0.5341520636454824,0.5342041049477413,0.00010408260451766349
1730175461.6513689,0.5342561462500001,0.5341520636454824,0.5342041049477413,0.00010408260451766349
1730175462.654597,0.5342561462500001,0.5341520636454824,0.5342041049477413,0.00010408260451766349
1730175463.657965,0.5342561462500001,0.5341520636454824,0.5342041049477413,0.00010408260451766349
1730175464.661149,0.5342561462500001,0.5341520636454824,0.5342041049477413,0.00010408260451766349
1730175465.664415,0.5342561462500001,0.5341520636454824,0.5342041049477413,0.00010408260451766349
1730175466.667878,0.5342561462500001,0.5341520636454824,0.5342041049477413,0.00010408260451766349
1730175467.671386,0.5342404275,0.5341222123486363,0.5341813199243182,0.00011821515136367644
1730175468.674643,0.5342404275,0.5341222123486363,0.5341813199243182,0.00011821515136367644
1730175469.67766,0.5342404275,0.5341222123486363,0.5341813199243182,0.00011821515136367644
1730175470.680903,0.5342404275,0.5341222123486363,0.5341813199243182,0.00011821515136367644
1730175471.684026,0.5342404275,0.5341222123486363,0.5341813199243182,0.00011821515136367644
1730175472.6872802,0.5342404275,0.5341222123486363,0.5341813199243182,0.00011821515136367644
1730175473.690517,0.5342404275,0.5341222123486363,0.5341813199243182,0.00011821515136367644
1730175474.693565,0.5342404275,0.5341222123486363,0.5341813199243182,0.00011821515136367644
1730175475.696588,0.5342404275,0.5341222123486363,0.5341813199243182,0.00011821515136367644
1730175476.699877,0.5342404275,0.5341222123486363,0.5341813199243182,0.00011821515136367644
1730175477.703268,0.5342402712500001,0.5340897462833312,0.5341650087666656,0.0001505249666688968
1730175478.7065458,0.5342402712500001,0.5340897462833312,0.5341650087666656,0.0001505249666688968
1730175479.709858,0.5342402712500001,0.5340897462833312,0.5341650087666656,0.0001505249666688968
1730175480.71283,0.5342402712500001,0.5340897462833312,0.5341650087666656,0.0001505249666688968
1730175481.716219,0.5342402712500001,0.5340897462833312,0.5341650087666656,0.0001505249666688968
1730175482.719578,0.5342402712500001,0.5340897462833312,0.5341650087666656,0.0001505249666688968
1730175483.722912,0.5342404925,0.5340966366095543,0.5341685645547771,0.0001438558904457432
1730175484.7263758,0.5342404925,0.5340966366095543,0.5341685645547771,0.0001438558904457432
1730175485.729936,0.5342404925,0.5340966366095543,0.5341685645547771,0.0001438558904457432
1730175486.7332559,0.5342404925,0.5340966366095543,0.5341685645547771,0.0001438558904457432
1730175487.736585,0.5342404925,0.5340966366095543,0.5341685645547771,0.0001438558904457432
1730175488.7398841,0.5342404925,0.5340966366095543,0.5341685645547771,0.0001438558904457432
1730175489.743204,0.5342404925,0.5340966366095543,0.5341685645547771,0.0001438558904457432
1730175490.746387,0.5342404925,0.5340966366095543,0.5341685645547771,0.0001438558904457432
1730175491.749156,0.5341947650000001,0.534053064898719,0.5341239149493595,0.00014170010128111699
1730175492.752429,0.5341947650000001,0.534053064898719,0.5341239149493595,0.00014170010128111699
1730175493.755548,0.5341947650000001,0.534053064898719,0.5341239149493595,0.00014170010128111699
1730175494.7589152,0.5341947650000001,0.534053064898719,0.5341239149493595,0.00014170010128111699
1730175495.762298,0.5341947650000001,0.534053064898719,0.5341239149493595,0.00014170010128111699
1730175496.7656791,0.5341947650000001,0.534053064898719,0.5341239149493595,0.00014170010128111699
1730175497.769247,0.5341947650000001,0.534053064898719,0.5341239149493595,0.00014170010128111699
1730175498.772609,0.5341947650000001,0.534053064898719,0.5341239149493595,0.00014170010128111699
1730175499.775869,0.5341947650000001,0.534053064898719,0.5341239149493595,0.00014170010128111699
1730175500.7791748,0.534048825,0.5340644595300026,0.5340566422650013,-1.563453000263948e-05
1730175501.782089,0.534048825,0.5340644595300026,0.5340566422650013,-1.563453000263948e-05
1730175502.785026,0.534048825,0.5340644595300026,0.5340566422650013,-1.563453000263948e-05
1730175503.7870688,0.534048825,0.5340644595300026,0.5340566422650013,-1.563453000263948e-05
1730175504.790103,0.534048825,0.5340644595300026,0.5340566422650013,-1.563453000263948e-05
1730175505.7935228,0.53405000875,0.5341074454074345,0.5340787270787173,-5.7436657434517535e-05
1730175506.7967901,0.53405000875,0.5341074454074345,0.5340787270787173,-5.7436657434517535e-05
1730175507.7999759,0.53405000875,0.5341074454074345,0.5340787270787173,-5.7436657434517535e-05
1730175508.8032389,0.53405000875,0.5341074454074345,0.5340787270787173,-5.7436657434517535e-05
1730175509.806517,0.53405000875,0.5341074454074345,0.5340787270787173,-5.7436657434517535e-05
1730175510.809618,0.53405000875,0.5341074454074345,0.5340787270787173,-5.7436657434517535e-05
1730175511.812615,0.53405009625,0.5341338822743175,0.5340919892621587,-8.378602431746707e-05
1730175512.814796,0.53405009625,0.5341338822743175,0.5340919892621587,-8.378602431746707e-05
1730175513.817579,0.53405009625,0.5341338822743175,0.5340919892621587,-8.378602431746707e-05
1730175514.820891,0.53405009625,0.5341338822743175,0.5340919892621587,-8.378602431746707e-05
1730175515.824276,0.53405009625,0.5341338822743175,0.5340919892621587,-8.378602431746707e-05
1730175516.827507,0.53405009625,0.5341338822743175,0.5340919892621587,-8.378602431746707e-05
1730175517.830962,0.53405009625,0.5341338822743175,0.5340919892621587,-8.378602431746707e-05
1730175518.834293,0.53405009625,0.5341338822743175,0.5340919892621587,-8.378602431746707e-05
1730175519.837336,0.5340789325,0.5341338822743175,0.5341064073871588,-5.4949774317414324e-05
1730175520.840672,0.5340789325,0.5341338822743175,0.5341064073871588,-5.4949774317414324e-05
1730175521.8436391,0.5340789325,0.5341338822743175,0.5341064073871588,-5.4949774317414324e-05
1730175522.845289,0.5340789325,0.5341338822743175,0.5341064073871588,-5.4949774317414324e-05
1730175523.848352,0.5340789325,0.5341338822743175,0.5341064073871588,-5.4949774317414324e-05
1730175524.851617,0.5340789325,0.5341338822743175,0.5341064073871588,-5.4949774317414324e-05
1730175525.8548539,0.5341882425,0.5341338822743175,0.5341610623871587,5.436022568250376e-05
1730175526.858127,0.5341882425,0.5341338822743175,0.5341610623871587,5.436022568250376e-05
1730175527.861454,0.5341882425,0.5341338822743175,0.5341610623871587,5.436022568250376e-05
1730175528.864749,0.5341882425,0.5341338822743175,0.5341610623871587,5.436022568250376e-05
1730175529.8680341,0.5341882425,0.5341338822743175,0.5341610623871587,5.436022568250376e-05
1730175530.871208,0.5341882425,0.5341338822743175,0.5341610623871587,5.436022568250376e-05
1730175531.8755882,0.5341882425,0.5341338822743175,0.5341610623871587,5.436022568250376e-05
1730175532.877163,0.5341882425,0.5341338822743175,0.5341610623871587,5.436022568250376e-05
1730175533.88038,0.5341882425,0.5341338822743175,0.5341610623871587,5.436022568250376e-05
1730175534.883405,0.5341882425,0.5341338822743175,0.5341610623871587,5.436022568250376e-05
1730175535.886785,0.53411053625,0.534107445349369,0.5341089907996845,3.090900630997595e-06
1730175536.8899572,0.53411053625,0.534107445349369,0.5341089907996845,3.090900630997595e-06
1730175537.8929229,0.53411053625,0.534107445349369,0.5341089907996845,3.090900630997595e-06
1730175538.896547,0.53411053625,0.534107445349369,0.5341089907996845,3.090900630997595e-06
1730175539.9000661,0.53411053625,0.534107445349369,0.5341089907996845,3.090900630997595e-06
1730175540.903497,0.53411053625,0.534107445349369,0.5341089907996845,3.090900630997595e-06
1730175541.9081118,0.53411053625,0.534107445349369,0.5341089907996845,3.090900630997595e-06
1730175542.911413,0.53411053625,0.534107445349369,0.5341089907996845,3.090900630997595e-06
1730175543.9146051,0.53411053625,0.534107445349369,0.5341089907996845,3.090900630997595e-06
1730175544.9178638,0.53404710125,0.534064729307306,0.534055915278653,-1.7628057305985045e-05
1730175545.921043,0.53404710125,0.534064729307306,0.534055915278653,-1.7628057305985045e-05
1730175546.924439,0.53404710125,0.534064729307306,0.534055915278653,-1.7628057305985045e-05
1730175547.92767,0.53404710125,0.534064729307306,0.534055915278653,-1.7628057305985045e-05
1730175548.931054,0.53404710125,0.534064729307306,0.534055915278653,-1.7628057305985045e-05
1730175549.934488,0.53404710125,0.534064729307306,0.534055915278653,-1.7628057305985045e-05
1730175550.937852,0.53404710125,0.534064729307306,0.534055915278653,-1.7628057305985045e-05
1730175551.9410079,0.53404710125,0.534064729307306,0.534055915278653,-1.7628057305985045e-05
1730175552.943476,0.5340503025000001,0.5341338822743175,0.5340920923871588,-8.357977431738828e-05
1730175553.945913,0.5340503025000001,0.5341338822743175,0.5340920923871588,-8.357977431738828e-05
1730175554.9491048,0.5340503025000001,0.5341338822743175,0.5340920923871588,-8.357977431738828e-05
1730175555.951929,0.5340503025000001,0.5341338822743175,0.5340920923871588,-8.357977431738828e-05
1730175556.9550238,0.5340503025000001,0.5341338822743175,0.5340920923871588,-8.357977431738828e-05
1730175557.958262,0.5340503025000001,0.5341338822743175,0.5340920923871588,-8.357977431738828e-05
1730175558.961664,0.5340503025000001,0.5341338822743175,0.5340920923871588,-8.357977431738828e-05
1730175559.965046,0.53405029875,0.5341338822743175,0.5340920905121587,-8.358352431747651e-05
1730175560.968006,0.53405029875,0.5341338822743175,0.5340920905121587,-8.358352431747651e-05
1730175561.971201,0.53405029875,0.5341338822743175,0.5340920905121587,-8.358352431747651e-05
1730175562.974526,0.53405029875,0.5341338822743175,0.5340920905121587,-8.358352431747651e-05
1730175563.978026,0.53405029875,0.5341338822743175,0.5340920905121587,-8.358352431747651e-05
1730175564.981577,0.53405029875,0.5341338822743175,0.5340920905121587,-8.358352431747651e-05
1730175565.985028,0.53405832875,0.534107445349369,0.5340828870496845,-4.911659936901458e-05
1730175566.9881961,0.53405832875,0.534107445349369,0.5340828870496845,-4.911659936901458e-05
1730175567.991626,0.53405832875,0.534107445349369,0.5340828870496845,-4.911659936901458e-05
1730175568.994646,0.53405832875,0.534107445349369,0.5340828870496845,-4.911659936901458e-05
1730175569.997974,0.53405832875,0.534107445349369,0.5340828870496845,-4.911659936901458e-05
1730175571.001305,0.53405832875,0.534107445349369,0.5340828870496845,-4.911659936901458e-05
1730175572.0044951,0.53405832625,0.5341113231935792,0.5340848247217896,-5.2996943579186606e-05
1730175573.007777,0.53405832625,0.5341113231935792,0.5340848247217896,-5.2996943579186606e-05
1730175574.011224,0.53405832625,0.5341113231935792,0.5340848247217896,-5.2996943579186606e-05
1730175575.0144372,0.53405832625,0.5341113231935792,0.5340848247217896,-5.2996943579186606e-05
1730175576.01772,0.53405832625,0.5341113231935792,0.5340848247217896,-5.2996943579186606e-05
1730175577.0209641,0.53405832625,0.5341113231935792,0.5340848247217896,-5.2996943579186606e-05
1730175578.024288,0.5340583325,0.5341338822743175,0.5340961073871587,-7.554977431745158e-05
1730175579.0276322,0.5340583325,0.5341338822743175,0.5340961073871587,-7.554977431745158e-05
1730175580.0310771,0.5340583325,0.5341338822743175,0.5340961073871587,-7.554977431745158e-05
1730175581.0345001,0.5340583325,0.5341338822743175,0.5340961073871587,-7.554977431745158e-05
1730175582.037814,0.5340583325,0.5341338822743175,0.5340961073871587,-7.554977431745158e-05
1730175583.041019,0.5340583325,0.5341338822743175,0.5340961073871587,-7.554977431745158e-05
1730175584.04446,0.5340583325,0.5342074460295984,0.5341328892647992,-0.00014911352959834367
1730175585.047059,0.5340583325,0.5342074460295984,0.5341328892647992,-0.00014911352959834367
1730175586.050563,0.5340583325,0.5342074460295984,0.5341328892647992,-0.00014911352959834367
1730175587.053925,0.5340583325,0.5342074460295984,0.5341328892647992,-0.00014911352959834367
1730175588.0571818,0.5340583325,0.5342074460295984,0.5341328892647992,-0.00014911352959834367
1730175589.06045,0.534136645,0.5342346013163843,0.5341856231581922,-9.795631638431779e-05
1730175590.06362,0.534136645,0.5342346013163843,0.5341856231581922,-9.795631638431779e-05
1730175591.066725,0.534136645,0.5342346013163843,0.5341856231581922,-9.795631638431779e-05
1730175592.069537,0.534136645,0.5342346013163843,0.5341856231581922,-9.795631638431779e-05
1730175593.07263,0.534136645,0.5342346013163843,0.5341856231581922,-9.795631638431779e-05
1730175594.07568,0.534136645,0.5342346013163843,0.5341856231581922,-9.795631638431779e-05
1730175595.0791008,0.534136645,0.5342346013163843,0.5341856231581922,-9.795631638431779e-05
1730175596.082339,0.534136645,0.5342346013163843,0.5341856231581922,-9.795631638431779e-05
1730175597.085529,0.534220085,0.5342197442568506,0.5342199146284252,3.4074314936294314e-07
1730175598.0892851,0.534220085,0.5342197442568506,0.5342199146284252,3.4074314936294314e-07
1730175599.092504,0.534220085,0.5342197442568506,0.5342199146284252,3.4074314936294314e-07
1730175600.09592,0.534220085,0.5342197442568506,0.5342199146284252,3.4074314936294314e-07
1730175601.099346,0.534220085,0.5342197442568506,0.5342199146284252,3.4074314936294314e-07
1730175602.102557,0.53428447125,0.5342197442568506,0.5342521077534252,6.4726993149411e-05
1730175603.105767,0.53428447125,0.5342197442568506,0.5342521077534252,6.4726993149411e-05
1730175604.1089332,0.53428447125,0.5342197442568506,0.5342521077534252,6.4726993149411e-05
1730175605.1122859,0.53428447125,0.5342197442568506,0.5342521077534252,6.4726993149411e-05
1730175606.1156201,0.53428447125,0.5342197442568506,0.5342521077534252,6.4726993149411e-05
1730175607.1188748,0.53428447125,0.5342197442568506,0.5342521077534252,6.4726993149411e-05
1730175608.1219141,0.53428447125,0.5342197442568506,0.5342521077534252,6.4726993149411e-05
1730175609.125053,0.53428447125,0.5342197442568506,0.5342521077534252,6.4726993149411e-05
1730175610.128638,0.53428447125,0.5342197442568506,0.5342521077534252,6.4726993149411e-05
1730175611.132021,0.53425861625,0.5342074460295984,0.5342330311397991,5.117022040168617e-05
1730175612.136987,0.53425861625,0.5342074460295984,0.5342330311397991,5.117022040168617e-05
1730175613.140658,0.53425861625,0.5342074460295984,0.5342330311397991,5.117022040168617e-05
1730175614.143931,0.53425861625,0.5342074460295984,0.5342330311397991,5.117022040168617e-05
1730175615.147192,0.53425861625,0.5342074460295984,0.5342330311397991,5.117022040168617e-05
1730175616.150555,0.53425861625,0.5342074460295984,0.5342330311397991,5.117022040168617e-05
1730175617.154026,0.5343068,0.5342340822633531,0.5342704411316765,7.271773664685455e-05
1730175618.157362,0.5343068,0.5342340822633531,0.5342704411316765,7.271773664685455e-05
1730175619.16049,0.5343068,0.5342340822633531,0.5342704411316765,7.271773664685455e-05
1730175620.163709,0.5343068,0.5342340822633531,0.5342704411316765,7.271773664685455e-05
1730175621.166678,0.5343068,0.5342340822633531,0.5342704411316765,7.271773664685455e-05
1730175622.169881,0.5343068,0.5342340822633531,0.5342704411316765,7.271773664685455e-05
1730175623.173002,0.5343068,0.5342340822633531,0.5342704411316765,7.271773664685455e-05
1730175624.176291,0.53445828125,0.534367315371455,0.5344127983107274,9.096587854495741e-05
1730175625.178826,0.53445828125,0.534367315371455,0.5344127983107274,9.096587854495741e-05
1730175626.182157,0.53445828125,0.534367315371455,0.5344127983107274,9.096587854495741e-05
1730175627.185355,0.53445828125,0.534367315371455,0.5344127983107274,9.096587854495741e-05
1730175628.188544,0.53445828125,0.534367315371455,0.5344127983107274,9.096587854495741e-05
1730175629.1914089,0.53445828125,0.534367315371455,0.5344127983107274,9.096587854495741e-05
1730175630.194755,0.53445828125,0.534367315371455,0.5344127983107274,9.096587854495741e-05
1730175631.1979241,0.53445828125,0.534367315371455,0.5344127983107274,9.096587854495741e-05
1730175632.200507,0.53450304375,0.534367315371455,0.5344351795607275,0.00013572837854503028
1730175633.2038221,0.53450304375,0.534367315371455,0.5344351795607275,0.00013572837854503028
1730175634.207154,0.53450304375,0.534367315371455,0.5344351795607275,0.00013572837854503028
1730175635.210452,0.53450304375,0.534367315371455,0.5344351795607275,0.00013572837854503028
1730175636.213804,0.53450304375,0.534367315371455,0.5344351795607275,0.00013572837854503028
1730175637.217163,0.53450304375,0.534367315371455,0.5344351795607275,0.00013572837854503028
1730175638.2205,0.53450304375,0.534367315371455,0.5344351795607275,0.00013572837854503028
1730175639.223609,0.53450304375,0.534367315371455,0.5344351795607275,0.00013572837854503028
1730175640.226721,0.53450304375,0.534367315371455,0.5344351795607275,0.00013572837854503028
1730175641.229642,0.53450304375,0.534367315371455,0.5344351795607275,0.00013572837854503028
1730175642.2329102,0.53450167625,0.5343631386125762,0.5344324074312881,0.00013853763742377456
1730175643.236331,0.53450167625,0.5343631386125762,0.5344324074312881,0.00013853763742377456
1730175644.2399309,0.53450167625,0.5343631386125762,0.5344324074312881,0.00013853763742377456
1730175645.24315,0.53450167625,0.5343631386125762,0.5344324074312881,0.00013853763742377456
1730175646.2465248,0.53450167625,0.5343631386125762,0.5344324074312881,0.00013853763742377456
1730175647.2499158,0.53450167625,0.5343631386125762,0.5344324074312881,0.00013853763742377456
1730175648.2531462,0.53450167625,0.5343631386125762,0.5344324074312881,0.00013853763742377456
1730175649.2564301,0.5343219087500001,0.5342074506676344,0.5342646797088173,0.0001144580823656538
1730175650.25966,0.5343219087500001,0.5342074506676344,0.5342646797088173,0.0001144580823656538
1730175651.262909,0.5343219087500001,0.5342074506676344,0.5342646797088173,0.0001144580823656538
1730175652.2660348,0.5343219087500001,0.5342074506676344,0.5342646797088173,0.0001144580823656538
1730175653.269282,0.5343219087500001,0.5342074506676344,0.5342646797088173,0.0001144580823656538
1730175654.272635,0.5343219087500001,0.5342074506676344,0.5342646797088173,0.0001144580823656538
1730175655.275697,0.5343219087500001,0.5342074506676344,0.5342646797088173,0.0001144580823656538
1730175656.2790048,0.5343219087500001,0.5342074506676344,0.5342646797088173,0.0001144580823656538
1730175657.282476,0.5343219087500001,0.5342074506676344,0.5342646797088173,0.0001144580823656538
1730175658.285627,0.53432113375,0.5342074505319246,0.5342642921409624,0.00011368321807536663
1730175659.2889931,0.53432113375,0.5342074505319246,0.5342642921409624,0.00011368321807536663
1730175660.292127,0.53432113375,0.5342074505319246,0.5342642921409624,0.00011368321807536663
1730175661.29514,0.53432113375,0.5342074505319246,0.5342642921409624,0.00011368321807536663
1730175662.298091,0.53432113375,0.5342074505319246,0.5342642921409624,0.00011368321807536663
1730175663.301478,0.53432113375,0.5342074505319246,0.5342642921409624,0.00011368321807536663
1730175664.30481,0.53432113375,0.5342074505319246,0.5342642921409624,0.00011368321807536663
1730175665.308226,0.53424768125,0.5342074505319246,0.5342275658909623,4.023071807535139e-05
1730175666.31148,0.53424768125,0.5342074505319246,0.5342275658909623,4.023071807535139e-05
1730175667.314757,0.53424768125,0.5342074505319246,0.5342275658909623,4.023071807535139e-05
1730175668.3181329,0.53424768125,0.5342074505319246,0.5342275658909623,4.023071807535139e-05
1730175669.321472,0.53424768125,0.5342074505319246,0.5342275658909623,4.023071807535139e-05
1730175670.324518,0.53424768125,0.5342074505319246,0.5342275658909623,4.023071807535139e-05
1730175671.327929,0.53426118375,0.5343253687923613,0.5342932762711806,-6.418504236127553e-05
1730175672.331093,0.53426118375,0.5343253687923613,0.5342932762711806,-6.418504236127553e-05
1730175673.334443,0.53426118375,0.5343253687923613,0.5342932762711806,-6.418504236127553e-05
1730175674.3377311,0.53426118375,0.5343253687923613,0.5342932762711806,-6.418504236127553e-05
1730175675.3410869,0.53426118375,0.5343253687923613,0.5342932762711806,-6.418504236127553e-05
1730175676.344498,0.53426118375,0.5343253687923613,0.5342932762711806,-6.418504236127553e-05
1730175677.347917,0.53426118375,0.5343253687923613,0.5342932762711806,-6.418504236127553e-05
1730175678.35142,0.53428856125,0.5344624662808434,0.5343755137654217,-0.00017390503084335762
1730175679.354624,0.53428856125,0.5344624662808434,0.5343755137654217,-0.00017390503084335762
1730175680.357965,0.53428856125,0.5344624662808434,0.5343755137654217,-0.00017390503084335762
1730175681.361183,0.53428856125,0.5344624662808434,0.5343755137654217,-0.00017390503084335762
1730175682.364303,0.53428856125,0.5344624662808434,0.5343755137654217,-0.00017390503084335762
1730175683.367428,0.53428856125,0.5344624662808434,0.5343755137654217,-0.00017390503084335762
1730175684.3706949,0.53429494,0.5344563935683906,0.5343756667841952,-0.00016145356839059044
1730175685.375148,0.53429494,0.5344563935683906,0.5343756667841952,-0.00016145356839059044
1730175686.3787148,0.53429494,0.5344563935683906,0.5343756667841952,-0.00016145356839059044
1730175687.3820522,0.53429494,0.5344563935683906,0.5343756667841952,-0.00016145356839059044
1730175688.385356,0.53429494,0.5344563935683906,0.5343756667841952,-0.00016145356839059044
1730175689.3884952,0.53429494,0.5344563935683906,0.5343756667841952,-0.00016145356839059044
1730175690.3917708,0.53429494,0.5344563935683906,0.5343756667841952,-0.00016145356839059044
1730175691.395034,0.53429494,0.5344563935683906,0.5343756667841952,-0.00016145356839059044
1730175692.398168,0.53429494,0.5344563935683906,0.5343756667841952,-0.00016145356839059044
1730175693.4003131,0.5342233075,0.5342839980848412,0.5342536527924207,-6.0690584841149864e-05
1730175694.403541,0.5342233075,0.5342839980848412,0.5342536527924207,-6.0690584841149864e-05
1730175695.4067829,0.5342233075,0.5342839980848412,0.5342536527924207,-6.0690584841149864e-05
1730175696.4100192,0.5342233075,0.5342839980848412,0.5342536527924207,-6.0690584841149864e-05
1730175697.413277,0.5342233075,0.5342839980848412,0.5342536527924207,-6.0690584841149864e-05
1730175698.4166028,0.5342233075,0.5342839980848412,0.5342536527924207,-6.0690584841149864e-05
1730175699.419766,0.53421062,0.5343074514423227,0.5342590357211614,-9.683144232275342e-05
1730175700.4230149,0.53421062,0.5343074514423227,0.5342590357211614,-9.683144232275342e-05
1730175701.4264052,0.53421062,0.5343074514423227,0.5342590357211614,-9.683144232275342e-05
1730175702.429663,0.53421062,0.5343074514423227,0.5342590357211614,-9.683144232275342e-05
1730175703.4327848,0.53421051375,0.5343074514423227,0.5342589825961613,-9.693769232277383e-05
1730175704.436021,0.53421051375,0.5343074514423227,0.5342589825961613,-9.693769232277383e-05
1730175705.439162,0.53421051375,0.5343074514423227,0.5342589825961613,-9.693769232277383e-05
1730175706.442249,0.53421051375,0.5343074514423227,0.5342589825961613,-9.693769232277383e-05
1730175707.445528,0.53421051375,0.5343074514423227,0.5342589825961613,-9.693769232277383e-05
1730175708.448541,0.53421051375,0.5343074514423227,0.5342589825961613,-9.693769232277383e-05
1730175709.450596,0.53421051375,0.5343074514423227,0.5342589825961613,-9.693769232277383e-05
1730175710.453651,0.53421051375,0.5343074514423227,0.5342589825961613,-9.693769232277383e-05
1730175711.456835,0.5342525650000001,0.5343074514423227,0.5342800082211614,-5.4886442322654716e-05
1730175712.460043,0.5342525650000001,0.5343074514423227,0.5342800082211614,-5.4886442322654716e-05
1730175713.4629781,0.5342525650000001,0.5343074514423227,0.5342800082211614,-5.4886442322654716e-05
1730175714.464928,0.5342525650000001,0.5343074514423227,0.5342800082211614,-5.4886442322654716e-05
1730175715.468408,0.5342525650000001,0.5343074514423227,0.5342800082211614,-5.4886442322654716e-05
1730175716.472075,0.5341002,0.5341074498633966,0.5341038249316983,-7.2498633966189274e-06
1730175717.47548,0.5341002,0.5341074498633966,0.5341038249316983,-7.2498633966189274e-06
1730175718.479213,0.5341002,0.5341074498633966,0.5341038249316983,-7.2498633966189274e-06
1730175719.482403,0.5341002,0.5341074498633966,0.5341038249316983,-7.2498633966189274e-06
1730175720.485759,0.5341002,0.5341074498633966,0.5341038249316983,-7.2498633966189274e-06
1730175721.488874,0.5341002,0.5341074498633966,0.5341038249316983,-7.2498633966189274e-06
1730175722.492312,0.5341002,0.5341074498633966,0.5341038249316983,-7.2498633966189274e-06
1730175723.4955862,0.53410114125,0.5341074498633966,0.5341042955566984,-6.3086133966772096e-06
1730175724.497348,0.53410114125,0.5341074498633966,0.5341042955566984,-6.3086133966772096e-06
1730175725.500602,0.53410114125,0.5341074498633966,0.5341042955566984,-6.3086133966772096e-06
1730175726.5038521,0.53410114125,0.5341074498633966,0.5341042955566984,-6.3086133966772096e-06
1730175727.507366,0.53410114125,0.5341074498633966,0.5341042955566984,-6.3086133966772096e-06
1730175728.510769,0.53410114125,0.5341074498633966,0.5341042955566984,-6.3086133966772096e-06
1730175729.5142589,0.5341068875,0.5341074498633966,0.5341071686816983,-5.623633966278518e-07
1730175730.517598,0.5341068875,0.5341074498633966,0.5341071686816983,-5.623633966278518e-07
1730175731.520944,0.5341068875,0.5341074498633966,0.5341071686816983,-5.623633966278518e-07
1730175732.523584,0.5341068875,0.5341074498633966,0.5341071686816983,-5.623633966278518e-07
1730175733.530248,0.5341068875,0.5341074498633966,0.5341071686816983,-5.623633966278518e-07
1730175734.5324621,0.5341068875,0.5341074498633966,0.5341071686816983,-5.623633966278518e-07
1730175735.5357509,0.5341068875,0.5341074498633966,0.5341071686816983,-5.623633966278518e-07
1730175736.539149,0.53405368,0.5340074488866492,0.5340305644433245,4.6231113350780895e-05
1730175737.54256,0.53405368,0.5340074488866492,0.5340305644433245,4.6231113350780895e-05
1730175738.546133,0.53405368,0.5340074488866492,0.5340305644433245,4.6231113350780895e-05
1730175739.549647,0.53405368,0.5340074488866492,0.5340305644433245,4.6231113350780895e-05
1730175740.5529542,0.53405368,0.5340074488866492,0.5340305644433245,4.6231113350780895e-05
1730175741.556227,0.5340483725,0.5339992442248981,0.5340238083624491,4.9128275101950614e-05
1730175742.559119,0.5340483725,0.5339992442248981,0.5340238083624491,4.9128275101950614e-05
1730175743.56233,0.5340483725,0.5339992442248981,0.5340238083624491,4.9128275101950614e-05
1730175744.565501,0.5340483725,0.5339992442248981,0.5340238083624491,4.9128275101950614e-05
1730175745.5686579,0.5340483725,0.5339992442248981,0.5340238083624491,4.9128275101950614e-05
1730175746.571702,0.5340483725,0.5339992442248981,0.5340238083624491,4.9128275101950614e-05
1730175747.574044,0.53403906,0.5340074488866492,0.5340232544433245,3.161111335081568e-05
1730175748.576907,0.53403906,0.5340074488866492,0.5340232544433245,3.161111335081568e-05
1730175749.579436,0.53403906,0.5340074488866492,0.5340232544433245,3.161111335081568e-05
1730175750.5824692,0.53403906,0.5340074488866492,0.5340232544433245,3.161111335081568e-05
1730175751.585186,0.53403906,0.5340074488866492,0.5340232544433245,3.161111335081568e-05
1730175752.588237,0.53403906,0.5340074488866492,0.5340232544433245,3.161111335081568e-05
1730175753.591226,0.53403906,0.5340074488866492,0.5340232544433245,3.161111335081568e-05
1730175754.594553,0.53403906,0.5340074488866492,0.5340232544433245,3.161111335081568e-05
1730175755.597922,0.53403906,0.5340074488866492,0.5340232544433245,3.161111335081568e-05
1730175756.601324,0.53401035625,0.533907448096687,0.5339589021733435,0.0001029081533130416
1730175757.604726,0.53401035625,0.533907448096687,0.5339589021733435,0.0001029081533130416
1730175758.607761,0.53401035625,0.533907448096687,0.5339589021733435,0.0001029081533130416
1730175759.611014,0.53401035625,0.533907448096687,0.5339589021733435,0.0001029081533130416
1730175760.6142771,0.53401035625,0.533907448096687,0.5339589021733435,0.0001029081533130416
1730175761.617394,0.53401035625,0.533907448096687,0.5339589021733435,0.0001029081533130416
1730175762.620075,0.53404390625,0.5339835294385078,0.5340137178442539,6.037681149217988e-05
1730175763.623473,0.53404390625,0.5339835294385078,0.5340137178442539,6.037681149217988e-05
1730175764.626842,0.53404390625,0.5339835294385078,0.5340137178442539,6.037681149217988e-05
1730175765.630209,0.53404390625,0.5339835294385078,0.5340137178442539,6.037681149217988e-05
1730175766.633417,0.53404390625,0.5339835294385078,0.5340137178442539,6.037681149217988e-05
1730175767.636576,0.53404390625,0.5339835294385078,0.5340137178442539,6.037681149217988e-05
1730175768.639749,0.534026035,0.5340635698200822,0.534044802410041,-3.753482008217457e-05
1730175769.6429598,0.534026035,0.5340635698200822,0.534044802410041,-3.753482008217457e-05
1730175770.646262,0.534026035,0.5340635698200822,0.534044802410041,-3.753482008217457e-05
1730175771.6496892,0.534026035,0.5340635698200822,0.534044802410041,-3.753482008217457e-05
1730175772.6537988,0.534026035,0.5340635698200822,0.534044802410041,-3.753482008217457e-05
1730175773.657268,0.534026035,0.5340635698200822,0.534044802410041,-3.753482008217457e-05
1730175774.660705,0.53402678875,0.5340635698200822,0.5340451792850411,-3.678107008220355e-05
1730175775.664014,0.53402678875,0.5340635698200822,0.5340451792850411,-3.678107008220355e-05
1730175776.6673431,0.53402678875,0.5340635698200822,0.5340451792850411,-3.678107008220355e-05
1730175777.670558,0.53402678875,0.5340635698200822,0.5340451792850411,-3.678107008220355e-05
1730175778.673772,0.53402678875,0.5340635698200822,0.5340451792850411,-3.678107008220355e-05
1730175779.677925,0.53391369125,0.5340635698200822,0.5339886305350411,-0.00014987857008219585
1730175780.6810958,0.53391369125,0.5340635698200822,0.5339886305350411,-0.00014987857008219585
1730175781.68451,0.53391369125,0.5340635698200822,0.5339886305350411,-0.00014987857008219585
1730175782.687603,0.53391369125,0.5340635698200822,0.5339886305350411,-0.00014987857008219585
1730175783.690908,0.53391369125,0.5340635698200822,0.5339886305350411,-0.00014987857008219585
1730175784.6941109,0.53391369125,0.5340635698200822,0.5339886305350411,-0.00014987857008219585
1730175785.6973162,0.5339262875,0.5340635698200822,0.5339949286600412,-0.0001372823200821438
1730175786.700464,0.5339262875,0.5340635698200822,0.5339949286600412,-0.0001372823200821438
1730175787.703764,0.5339262875,0.5340635698200822,0.5339949286600412,-0.0001372823200821438
1730175788.706964,0.5339262875,0.5340635698200822,0.5339949286600412,-0.0001372823200821438
1730175789.710353,0.5339262875,0.5340635698200822,0.5339949286600412,-0.0001372823200821438
1730175790.7136269,0.5339262850000001,0.5340074491373699,0.533966867068685,-8.116413736980466e-05
1730175791.775588,0.5339262850000001,0.5340074491373699,0.533966867068685,-8.116413736980466e-05
1730175792.778054,0.5339262850000001,0.5340074491373699,0.533966867068685,-8.116413736980466e-05
1730175793.7807732,0.5339262850000001,0.5340074491373699,0.533966867068685,-8.116413736980466e-05
1730175794.784168,0.5339262850000001,0.5340074491373699,0.533966867068685,-8.116413736980466e-05
1730175795.787201,0.5339262850000001,0.5340074491373699,0.533966867068685,-8.116413736980466e-05
1730175796.790457,0.53392625875,0.5340074491373699,0.5339668539436849,-8.119038736986717e-05
1730175797.793827,0.53392625875,0.5340074491373699,0.5339668539436849,-8.119038736986717e-05
1730175798.797143,0.53392625875,0.5340074491373699,0.5339668539436849,-8.119038736986717e-05
1730175799.800559,0.53392625875,0.5340074491373699,0.5339668539436849,-8.119038736986717e-05
1730175800.803966,0.53392625875,0.5340074491373699,0.5339668539436849,-8.119038736986717e-05
1730175801.8069649,0.53392625875,0.5340074491373699,0.5339668539436849,-8.119038736986717e-05
1730175802.809531,0.53392625875,0.5340074491373699,0.5339668539436849,-8.119038736986717e-05
1730175803.81262,0.53392628,0.5340074491373699,0.5339668645686849,-8.116913736988529e-05
1730175804.815962,0.53392628,0.5340074491373699,0.5339668645686849,-8.116913736988529e-05
1730175805.819343,0.53392628,0.5340074491373699,0.5339668645686849,-8.116913736988529e-05
1730175806.822518,0.53392628,0.5340074491373699,0.5339668645686849,-8.116913736988529e-05
1730175807.8258402,0.53392628,0.5340074491373699,0.5339668645686849,-8.116913736988529e-05
1730175808.8288808,0.53392628,0.5340074491373699,0.5339668645686849,-8.116913736988529e-05
1730175809.832273,0.53392631875,0.5340074491373699,0.5339668839436849,-8.113038736989875e-05
1730175810.835595,0.53392631875,0.5340074491373699,0.5339668839436849,-8.113038736989875e-05
1730175811.8388338,0.53392631875,0.5340074491373699,0.5339668839436849,-8.113038736989875e-05
1730175812.841908,0.53392631875,0.5340074491373699,0.5339668839436849,-8.113038736989875e-05
1730175813.845102,0.53392631875,0.5340074491373699,0.5339668839436849,-8.113038736989875e-05
1730175814.848445,0.5339263025000001,0.5340378115376454,0.5339820570188227,-0.00011150903764534092
1730175815.851865,0.5339263025000001,0.5340378115376454,0.5339820570188227,-0.00011150903764534092
1730175816.855128,0.5339263025000001,0.5340378115376454,0.5339820570188227,-0.00011150903764534092
1730175817.858596,0.5339263025000001,0.5340378115376454,0.5339820570188227,-0.00011150903764534092
1730175818.861876,0.5339263025000001,0.5340378115376454,0.5339820570188227,-0.00011150903764534092
1730175819.865132,0.5339263025000001,0.5340378115376454,0.5339820570188227,-0.00011150903764534092
1730175820.8677068,0.5339263025000001,0.5340378115376454,0.5339820570188227,-0.00011150903764534092
1730175821.87092,0.5339263025000001,0.5340378115376454,0.5339820570188227,-0.00011150903764534092
1730175822.8742762,0.5339263025000001,0.5340378115376454,0.5339820570188227,-0.00011150903764534092
1730175823.8774211,0.5339263025000001,0.5340378115376454,0.5339820570188227,-0.00011150903764534092
