timestamp,ask_price,bid_price,midpoint,spread
1730276435.5703611,0.5511197875,0.5507204384693701,0.550920112984685,0.0003993490306298808
1730276436.576061,0.55107326625,0.5505227155886828,0.5507979909193415,0.0005505506613171507
1730276437.578604,0.55107326625,0.5505227155886828,0.5507979909193415,0.0005505506613171507
1730276438.581571,0.55107326625,0.5505227155886828,0.5507979909193415,0.0005505506613171507
1730276439.5845902,0.55107326625,0.5505227155886828,0.5507979909193415,0.0005505506613171507
1730276440.5877728,0.55107326625,0.5505227155886828,0.5507979909193415,0.0005505506613171507
1730276441.591467,0.55107326625,0.5505227155886828,0.5507979909193415,0.0005505506613171507
1730276442.5950541,0.55107326625,0.5505227155886828,0.5507979909193415,0.0005505506613171507
1730276443.598009,0.55107326625,0.5505227155886828,0.5507979909193415,0.0005505506613171507
1730276444.601165,0.5509846887500001,0.550504747433604,0.550744718091802,0.00047994131639605975
1730276445.604789,0.5509846887500001,0.550504747433604,0.550744718091802,0.00047994131639605975
1730276446.6084092,0.5509846887500001,0.550504747433604,0.550744718091802,0.00047994131639605975
1730276447.6314812,0.5509846887500001,0.550504747433604,0.550744718091802,0.00047994131639605975
1730276448.633323,0.5509846887500001,0.550504747433604,0.550744718091802,0.00047994131639605975
1730276449.636318,0.5509846887500001,0.550504747433604,0.550744718091802,0.00047994131639605975
1730276450.6397078,0.5509846887500001,0.550504747433604,0.550744718091802,0.00047994131639605975
1730276451.6627982,0.5509846887500001,0.550504747433604,0.550744718091802,0.00047994131639605975
1730276452.744967,0.5509846887500001,0.550504747433604,0.550744718091802,0.00047994131639605975
1730276453.746678,0.5509846887500001,0.550504747433604,0.550744718091802,0.00047994131639605975
1730276454.750311,0.5509846887500001,0.550504747433604,0.550744718091802,0.00047994131639605975
1730276455.753458,0.5509846887500001,0.550504747433604,0.550744718091802,0.00047994131639605975
1730276456.756796,0.55095519875,0.5507553999904955,0.5508552993702478,0.0001997987595044881
1730276457.7599308,0.55095519875,0.5507553999904955,0.5508552993702478,0.0001997987595044881
1730276458.763315,0.55095519875,0.5507553999904955,0.5508552993702478,0.0001997987595044881
1730276459.766782,0.55095519875,0.5507553999904955,0.5508552993702478,0.0001997987595044881
1730276460.770175,0.55095519875,0.5507553999904955,0.5508552993702478,0.0001997987595044881
1730276461.773387,0.55095519875,0.5507553999904955,0.5508552993702478,0.0001997987595044881
1730276462.776931,0.55097622875,0.5506254534090171,0.5508008410795086,0.0003507753409828229
1730276463.78049,0.55097622875,0.5506254534090171,0.5508008410795086,0.0003507753409828229
1730276464.7838342,0.55097622875,0.5506254534090171,0.5508008410795086,0.0003507753409828229
1730276465.7863739,0.55097622875,0.5506254534090171,0.5508008410795086,0.0003507753409828229
1730276466.7895749,0.55097622875,0.5506254534090171,0.5508008410795086,0.0003507753409828229
1730276467.792128,0.55097622875,0.5506254534090171,0.5508008410795086,0.0003507753409828229
1730276468.7952452,0.55097622875,0.5506254534090171,0.5508008410795086,0.0003507753409828229
1730276469.798723,0.5509817975,0.5504680776505089,0.5507249375752544,0.0005137198494911122
1730276470.802283,0.5509817975,0.5504680776505089,0.5507249375752544,0.0005137198494911122
1730276471.805962,0.5509817975,0.5504680776505089,0.5507249375752544,0.0005137198494911122
1730276472.80958,0.5509817975,0.5504680776505089,0.5507249375752544,0.0005137198494911122
1730276473.8128488,0.5509817975,0.5504680776505089,0.5507249375752544,0.0005137198494911122
1730276474.816262,0.5509817975,0.5504680776505089,0.5507249375752544,0.0005137198494911122
1730276475.819061,0.55090274625,0.5503762075555231,0.5506394769027616,0.0005265386944769412
1730276476.821387,0.55090274625,0.5503762075555231,0.5506394769027616,0.0005265386944769412
1730276477.824692,0.55090274625,0.5503762075555231,0.5506394769027616,0.0005265386944769412
1730276478.8280041,0.55090274625,0.5503762075555231,0.5506394769027616,0.0005265386944769412
1730276479.83153,0.55090274625,0.5503762075555231,0.5506394769027616,0.0005265386944769412
1730276480.8351061,0.55090274625,0.5503762075555231,0.5506394769027616,0.0005265386944769412
1730276481.8385081,0.55090274625,0.5503762075555231,0.5506394769027616,0.0005265386944769412
1730276482.841107,0.55078455625,0.5503536334018222,0.5505690948259111,0.000430922848177806
1730276483.844435,0.55078455625,0.5503536334018222,0.5505690948259111,0.000430922848177806
1730276484.84754,0.55078455625,0.5503536334018222,0.5505690948259111,0.000430922848177806
1730276485.849996,0.55078455625,0.5503536334018222,0.5505690948259111,0.000430922848177806
1730276486.853249,0.55078455625,0.5503536334018222,0.5505690948259111,0.000430922848177806
1730276487.856637,0.55078455625,0.5503536334018222,0.5505690948259111,0.000430922848177806
1730276488.859689,0.55078455625,0.5503536334018222,0.5505690948259111,0.000430922848177806
1730276489.8628669,0.55078455625,0.5503536334018222,0.5505690948259111,0.000430922848177806
1730276490.866397,0.55078455625,0.5503536334018222,0.5505690948259111,0.000430922848177806
1730276491.869934,0.55073217875,0.5503064435529123,0.5505193111514561,0.0004257351970877732
1730276492.873479,0.55073217875,0.5503064435529123,0.5505193111514561,0.0004257351970877732
1730276493.876826,0.55073217875,0.5503064435529123,0.5505193111514561,0.0004257351970877732
1730276494.879918,0.55073217875,0.5503064435529123,0.5505193111514561,0.0004257351970877732
1730276495.883414,0.55073217875,0.5503064435529123,0.5505193111514561,0.0004257351970877732
1730276496.886909,0.55073217875,0.5503064435529123,0.5505193111514561,0.0004257351970877732
1730276497.890364,0.55073217875,0.5503064435529123,0.5505193111514561,0.0004257351970877732
1730276498.8936388,0.55054018,0.550304511407841,0.5504223457039206,0.00023566859215906621
1730276499.8968709,0.55054018,0.550304511407841,0.5504223457039206,0.00023566859215906621
1730276500.9005,0.55054018,0.550304511407841,0.5504223457039206,0.00023566859215906621
1730276501.904141,0.55054018,0.550304511407841,0.5504223457039206,0.00023566859215906621
1730276502.9074838,0.55054018,0.550304511407841,0.5504223457039206,0.00023566859215906621
1730276503.909576,0.55066226,0.5503208291717916,0.5504915445858958,0.0003414308282083667
1730276504.91217,0.55066226,0.5503208291717916,0.5504915445858958,0.0003414308282083667
1730276505.915597,0.55066226,0.5503208291717916,0.5504915445858958,0.0003414308282083667
1730276506.918957,0.55066226,0.5503208291717916,0.5504915445858958,0.0003414308282083667
1730276507.9224389,0.55066226,0.5503208291717916,0.5504915445858958,0.0003414308282083667
1730276508.92571,0.55066226,0.5503208291717916,0.5504915445858958,0.0003414308282083667
1730276509.928808,0.55066226,0.5503208291717916,0.5504915445858958,0.0003414308282083667
1730276510.932353,0.55066226,0.5503208291717916,0.5504915445858958,0.0003414308282083667
1730276511.93596,0.55066226,0.5503208291717916,0.5504915445858958,0.0003414308282083667
1730276512.939451,0.55066226,0.5503208291717916,0.5504915445858958,0.0003414308282083667
1730276513.9430232,0.55065859875,0.5503087690661369,0.5504836839080685,0.000349829683863101
1730276514.946285,0.55065859875,0.5503087690661369,0.5504836839080685,0.000349829683863101
1730276515.949663,0.55065859875,0.5503087690661369,0.5504836839080685,0.000349829683863101
1730276516.953229,0.55065859875,0.5503087690661369,0.5504836839080685,0.000349829683863101
1730276517.956762,0.55065859875,0.5503087690661369,0.5504836839080685,0.000349829683863101
1730276518.9599319,0.55065859875,0.5503087690661369,0.5504836839080685,0.000349829683863101
1730276519.9630358,0.55065859875,0.5503087690661369,0.5504836839080685,0.000349829683863101
1730276520.966423,0.55065859875,0.5503087690661369,0.5504836839080685,0.000349829683863101
1730276521.9697359,0.55065859875,0.5503087690661369,0.5504836839080685,0.000349829683863101
1730276522.9731462,0.550661245,0.5503110640777042,0.5504861545388522,0.000350180922295773
1730276523.9767308,0.550661245,0.5503110640777042,0.5504861545388522,0.000350180922295773
1730276524.980088,0.550661245,0.5503110640777042,0.5504861545388522,0.000350180922295773
1730276525.983608,0.550661245,0.5503110640777042,0.5504861545388522,0.000350180922295773
1730276526.987359,0.550661245,0.5503110640777042,0.5504861545388522,0.000350180922295773
1730276527.991057,0.5505642375,0.5503094209422792,0.5504368292211397,0.00025481655772086054
1730276528.994486,0.5505642375,0.5503094209422792,0.5504368292211397,0.00025481655772086054
1730276529.9977589,0.5505642375,0.5503094209422792,0.5504368292211397,0.00025481655772086054
1730276531.001085,0.5505642375,0.5503094209422792,0.5504368292211397,0.00025481655772086054
1730276532.004555,0.5505642375,0.5503094209422792,0.5504368292211397,0.00025481655772086054
1730276533.007879,0.5505642375,0.5503094209422792,0.5504368292211397,0.00025481655772086054
1730276534.011172,0.5505642375,0.5503094209422792,0.5504368292211397,0.00025481655772086054
1730276535.014383,0.5505642375,0.5503094209422792,0.5504368292211397,0.00025481655772086054
1730276536.017088,0.5504733762499999,0.5502509188010036,0.5503621475255018,0.00022245744899629383
1730276537.020611,0.5504733762499999,0.5502509188010036,0.5503621475255018,0.00022245744899629383
1730276538.024658,0.5504733762499999,0.5502509188010036,0.5503621475255018,0.00022245744899629383
1730276539.0282362,0.5504733762499999,0.5502509188010036,0.5503621475255018,0.00022245744899629383
1730276540.031601,0.5504733762499999,0.5502509188010036,0.5503621475255018,0.00022245744899629383
1730276541.035039,0.55047369125,0.5505076838934134,0.5504906875717067,-3.3992643413416346e-05
1730276542.038461,0.55047369125,0.5505076838934134,0.5504906875717067,-3.3992643413416346e-05
1730276543.041405,0.55047369125,0.5505076838934134,0.5504906875717067,-3.3992643413416346e-05
1730276544.044692,0.55047369125,0.5505076838934134,0.5504906875717067,-3.3992643413416346e-05
1730276545.048188,0.55047369125,0.5505076838934134,0.5504906875717067,-3.3992643413416346e-05
1730276546.051894,0.55047369125,0.5505076838934134,0.5504906875717067,-3.3992643413416346e-05
1730276547.055603,0.5503939987500001,0.5505166235114016,0.5504553111307009,-0.00012262476140156853
1730276548.059312,0.5503939987500001,0.5505166235114016,0.5504553111307009,-0.00012262476140156853
1730276549.062634,0.5503939987500001,0.5505166235114016,0.5504553111307009,-0.00012262476140156853
1730276550.066077,0.5503939987500001,0.5505166235114016,0.5504553111307009,-0.00012262476140156853
1730276551.069551,0.5503939987500001,0.5505166235114016,0.5504553111307009,-0.00012262476140156853
1730276552.073022,0.5503939987500001,0.5505166235114016,0.5504553111307009,-0.00012262476140156853
1730276553.076279,0.55039211,0.5505587958820702,0.5504754529410352,-0.00016668588207024992
1730276554.079625,0.55039211,0.5505587958820702,0.5504754529410352,-0.00016668588207024992
1730276555.083104,0.55039211,0.5505587958820702,0.5504754529410352,-0.00016668588207024992
1730276556.085841,0.55039211,0.5505587958820702,0.5504754529410352,-0.00016668588207024992
1730276557.0892859,0.55039211,0.5505587958820702,0.5504754529410352,-0.00016668588207024992
1730276558.0928068,0.55039211,0.5505587958820702,0.5504754529410352,-0.00016668588207024992
1730276559.095994,0.55045820625,0.5507285407728613,0.5505933735114306,-0.000270334522861293
1730276560.099377,0.55045820625,0.5507285407728613,0.5505933735114306,-0.000270334522861293
1730276561.102848,0.55045820625,0.5507285407728613,0.5505933735114306,-0.000270334522861293
1730276562.106206,0.55045820625,0.5507285407728613,0.5505933735114306,-0.000270334522861293
1730276563.1094441,0.55045820625,0.5507285407728613,0.5505933735114306,-0.000270334522861293
1730276564.11267,0.55045820625,0.5507285407728613,0.5505933735114306,-0.000270334522861293
1730276565.11615,0.55045820625,0.5507285407728613,0.5505933735114306,-0.000270334522861293
1730276566.118829,0.55045820625,0.5507285407728613,0.5505933735114306,-0.000270334522861293
1730276567.122399,0.55045820625,0.5507285407728613,0.5505933735114306,-0.000270334522861293
1730276568.125555,0.55049210875,0.5507120369120628,0.5506020728310315,-0.0002199281620628435
1730276569.128893,0.55049210875,0.5507120369120628,0.5506020728310315,-0.0002199281620628435
1730276570.132241,0.55049210875,0.5507120369120628,0.5506020728310315,-0.0002199281620628435
1730276571.135488,0.55049210875,0.5507120369120628,0.5506020728310315,-0.0002199281620628435
1730276572.138883,0.55049210875,0.5507120369120628,0.5506020728310315,-0.0002199281620628435
1730276573.142122,0.55049210875,0.5507120369120628,0.5506020728310315,-0.0002199281620628435
1730276574.145795,0.55049210875,0.5507120369120628,0.5506020728310315,-0.0002199281620628435
1730276575.149622,0.55049210875,0.5506761780056717,0.5505841433778358,-0.00018406925567171495
1730276576.15336,0.55049210875,0.5506761780056717,0.5505841433778358,-0.00018406925567171495
1730276577.156916,0.55049210875,0.5506761780056717,0.5505841433778358,-0.00018406925567171495
1730276578.160404,0.55049210875,0.5506761780056717,0.5505841433778358,-0.00018406925567171495
1730276579.1635299,0.55049210875,0.5506761780056717,0.5505841433778358,-0.00018406925567171495
1730276580.166943,0.55049210875,0.5506761780056717,0.5505841433778358,-0.00018406925567171495
1730276581.170469,0.55049210875,0.5506553307512118,0.5505737197506059,-0.00016322200121177133
1730276582.173867,0.55049210875,0.5506553307512118,0.5505737197506059,-0.00016322200121177133
1730276583.17716,0.55049210875,0.5506553307512118,0.5505737197506059,-0.00016322200121177133
1730276584.180164,0.55049210875,0.5506553307512118,0.5505737197506059,-0.00016322200121177133
1730276585.183671,0.55049210875,0.5506553307512118,0.5505737197506059,-0.00016322200121177133
1730276586.186563,0.55049210875,0.5506553307512118,0.5505737197506059,-0.00016322200121177133
1730276587.189955,0.55049210875,0.5506553307512118,0.5505737197506059,-0.00016322200121177133
1730276588.193656,0.55049210875,0.5506553307512118,0.5505737197506059,-0.00016322200121177133
1730276589.1969469,0.55049210875,0.5506553307512118,0.5505737197506059,-0.00016322200121177133
1730276590.200511,0.55049210875,0.5506553307512118,0.5505737197506059,-0.00016322200121177133
1730276591.204153,0.55049210875,0.5505426422760806,0.5505173755130404,-5.0533526080642766e-05
1730276592.206697,0.55049210875,0.5505426422760806,0.5505173755130404,-5.0533526080642766e-05
1730276593.209866,0.55049210875,0.5505426422760806,0.5505173755130404,-5.0533526080642766e-05
1730276594.212759,0.55049210875,0.5505426422760806,0.5505173755130404,-5.0533526080642766e-05
1730276595.215935,0.55049210875,0.5505426422760806,0.5505173755130404,-5.0533526080642766e-05
1730276596.219091,0.55049210875,0.5505426422760806,0.5505173755130404,-5.0533526080642766e-05
1730276597.222285,0.55049210875,0.5505426422760806,0.5505173755130404,-5.0533526080642766e-05
1730276598.225848,0.5503969225,0.5505882819479168,0.5504926022239585,-0.00019135944791670578
1730276599.229134,0.5503969225,0.5505882819479168,0.5504926022239585,-0.00019135944791670578
1730276600.2325509,0.5503969225,0.5505882819479168,0.5504926022239585,-0.00019135944791670578
1730276601.2364302,0.5503969225,0.5505882819479168,0.5504926022239585,-0.00019135944791670578
1730276602.2399209,0.5503969225,0.5505882819479168,0.5504926022239585,-0.00019135944791670578
1730276603.2431731,0.5503969225,0.5505882819479168,0.5504926022239585,-0.00019135944791670578
1730276604.246359,0.5503969225,0.5505882819479168,0.5504926022239585,-0.00019135944791670578
1730276605.24985,0.5503969225,0.5505882819479168,0.5504926022239585,-0.00019135944791670578
1730276606.253365,0.5503969225,0.5505882819479168,0.5504926022239585,-0.00019135944791670578
1730276607.257123,0.55041214625,0.5506302311628269,0.5505211887064134,-0.00021808491282693243
1730276608.26089,0.55041214625,0.5506302311628269,0.5505211887064134,-0.00021808491282693243
1730276609.264267,0.55041214625,0.5506302311628269,0.5505211887064134,-0.00021808491282693243
1730276610.267782,0.55041214625,0.5506302311628269,0.5505211887064134,-0.00021808491282693243
1730276611.2712479,0.55041214625,0.5506302311628269,0.5505211887064134,-0.00021808491282693243
1730276612.274739,0.55041214625,0.5506302311628269,0.5505211887064134,-0.00021808491282693243
1730276613.278024,0.55041214625,0.5506302311628269,0.5505211887064134,-0.00021808491282693243
1730276614.281322,0.55041214625,0.5506302311628269,0.5505211887064134,-0.00021808491282693243
1730276615.284887,0.55041214625,0.5506302311628269,0.5505211887064134,-0.00021808491282693243
1730276616.288466,0.55041214625,0.5506302311628269,0.5505211887064134,-0.00021808491282693243
1730276617.292237,0.55041214625,0.5506302311628269,0.5505211887064134,-0.00021808491282693243
1730276618.295617,0.55041214625,0.5506302311628269,0.5505211887064134,-0.00021808491282693243
1730276619.298988,0.55041214625,0.5506302311628269,0.5505211887064134,-0.00021808491282693243
1730276620.302442,0.55041214625,0.5506302311628269,0.5505211887064134,-0.00021808491282693243
1730276621.3061209,0.55049210875,0.5506913150123619,0.550591711881181,-0.0001992062623619173
1730276622.309388,0.55049210875,0.5506913150123619,0.550591711881181,-0.0001992062623619173
1730276623.312844,0.55049210875,0.5506913150123619,0.550591711881181,-0.0001992062623619173
1730276624.316138,0.55049210875,0.5506913150123619,0.550591711881181,-0.0001992062623619173
1730276625.3195362,0.55049210875,0.5506913150123619,0.550591711881181,-0.0001992062623619173
1730276626.322436,0.55049210875,0.5506913150123619,0.550591711881181,-0.0001992062623619173
1730276627.3261209,0.55049210875,0.5506913150123619,0.550591711881181,-0.0001992062623619173
1730276628.3294442,0.55049210875,0.5506913150123619,0.550591711881181,-0.0001992062623619173
1730276629.332921,0.55049210875,0.5506913150123619,0.550591711881181,-0.0001992062623619173
1730276630.33642,0.55049210875,0.5506913150123619,0.550591711881181,-0.0001992062623619173
1730276631.3398778,0.55049210875,0.5506913150123619,0.550591711881181,-0.0001992062623619173
1730276632.343072,0.55049210875,0.5506913150123619,0.550591711881181,-0.0001992062623619173
1730276633.346283,0.55069210625,0.5505072510984408,0.5505996786742204,0.0001848551515591934
1730276634.349791,0.55069210625,0.5505072510984408,0.5505996786742204,0.0001848551515591934
1730276635.3535008,0.55069210625,0.5505072510984408,0.5505996786742204,0.0001848551515591934
1730276636.357273,0.55069210625,0.5505072510984408,0.5505996786742204,0.0001848551515591934
1730276637.360922,0.55069210625,0.5505072510984408,0.5505996786742204,0.0001848551515591934
1730276638.364081,0.55069210625,0.5505072510984408,0.5505996786742204,0.0001848551515591934
1730276639.367554,0.55054351,0.5505688986668791,0.5505562043334395,-2.5388666879067046e-05
1730276640.371037,0.55054351,0.5505688986668791,0.5505562043334395,-2.5388666879067046e-05
1730276641.374666,0.55054351,0.5505688986668791,0.5505562043334395,-2.5388666879067046e-05
1730276642.3779898,0.55054351,0.5505688986668791,0.5505562043334395,-2.5388666879067046e-05
1730276643.380898,0.55054351,0.5505688986668791,0.5505562043334395,-2.5388666879067046e-05
1730276644.384386,0.55054351,0.5505688986668791,0.5505562043334395,-2.5388666879067046e-05
1730276645.38781,0.55054351,0.5505688986668791,0.5505562043334395,-2.5388666879067046e-05
1730276646.3912199,0.55054351,0.5505954224715024,0.5505694662357512,-5.1912471502379987e-05
1730276647.394636,0.55054351,0.5505954224715024,0.5505694662357512,-5.1912471502379987e-05
1730276648.397994,0.55054351,0.5505954224715024,0.5505694662357512,-5.1912471502379987e-05
1730276649.400827,0.55054351,0.5505954224715024,0.5505694662357512,-5.1912471502379987e-05
1730276650.404326,0.55054351,0.5505954224715024,0.5505694662357512,-5.1912471502379987e-05
1730276651.4074082,0.55054351,0.5505954224715024,0.5505694662357512,-5.1912471502379987e-05
1730276652.410909,0.55054351,0.5505834500968175,0.5505634800484087,-3.9940096817514537e-05
1730276653.41419,0.55054351,0.5505834500968175,0.5505634800484087,-3.9940096817514537e-05
1730276654.4174762,0.55054351,0.5505834500968175,0.5505634800484087,-3.9940096817514537e-05
1730276655.420779,0.55054351,0.5505834500968175,0.5505634800484087,-3.9940096817514537e-05
1730276656.4235232,0.55054351,0.5505834500968175,0.5505634800484087,-3.9940096817514537e-05
1730276657.42702,0.55068937,0.5507855245522654,0.5507374472761326,-9.615455226541503e-05
1730276658.430424,0.55068937,0.5507855245522654,0.5507374472761326,-9.615455226541503e-05
1730276659.4338298,0.55068937,0.5507855245522654,0.5507374472761326,-9.615455226541503e-05
1730276660.437216,0.55068937,0.5507855245522654,0.5507374472761326,-9.615455226541503e-05
1730276661.440649,0.55068937,0.5507855245522654,0.5507374472761326,-9.615455226541503e-05
1730276662.4441972,0.55072141375,0.5506886442728588,0.5507050290114295,3.2769477141258996e-05
1730276663.447741,0.55072141375,0.5506886442728588,0.5507050290114295,3.2769477141258996e-05
1730276664.4512699,0.55072141375,0.5506886442728588,0.5507050290114295,3.2769477141258996e-05
1730276665.4548311,0.55072141375,0.5506886442728588,0.5507050290114295,3.2769477141258996e-05
1730276666.458194,0.55072141375,0.5506886442728588,0.5507050290114295,3.2769477141258996e-05
1730276667.4615622,0.55072141375,0.5506886442728588,0.5507050290114295,3.2769477141258996e-05
1730276668.464961,0.55072141375,0.5506886442728588,0.5507050290114295,3.2769477141258996e-05
1730276669.468283,0.55072141375,0.5506119565380244,0.5506666851440123,0.00010945721197563874
1730276670.471903,0.55072141375,0.5506119565380244,0.5506666851440123,0.00010945721197563874
1730276671.4754071,0.55072141375,0.5506119565380244,0.5506666851440123,0.00010945721197563874
1730276672.478878,0.55072141375,0.5506119565380244,0.5506666851440123,0.00010945721197563874
1730276673.482503,0.55072141375,0.5506119565380244,0.5506666851440123,0.00010945721197563874
1730276674.485793,0.55063439375,0.5507572636192744,0.5506958286846372,-0.00012286986927434462
1730276675.4893498,0.55063439375,0.5507572636192744,0.5506958286846372,-0.00012286986927434462
1730276676.492901,0.55063439375,0.5507572636192744,0.5506958286846372,-0.00012286986927434462
1730276677.4963279,0.55063439375,0.5507572636192744,0.5506958286846372,-0.00012286986927434462
1730276678.499805,0.55063439375,0.5507572636192744,0.5506958286846372,-0.00012286986927434462
1730276679.5031402,0.55063439375,0.5507572636192744,0.5506958286846372,-0.00012286986927434462
1730276680.5066009,0.5506755837499999,0.5507028499335594,0.5506892168417796,-2.7266183559526702e-05
1730276681.510256,0.5506755837499999,0.5507028499335594,0.5506892168417796,-2.7266183559526702e-05
1730276682.51391,0.5506755837499999,0.5507028499335594,0.5506892168417796,-2.7266183559526702e-05
1730276683.517407,0.5506755837499999,0.5507028499335594,0.5506892168417796,-2.7266183559526702e-05
1730276684.5210109,0.5506755837499999,0.5507028499335594,0.5506892168417796,-2.7266183559526702e-05
1730276685.524522,0.5506755837499999,0.5507028499335594,0.5506892168417796,-2.7266183559526702e-05
1730276686.528081,0.550695555,0.550506977857069,0.5506012664285345,0.00018857714293096794
1730276687.53164,0.550695555,0.550506977857069,0.5506012664285345,0.00018857714293096794
1730276688.535008,0.550695555,0.550506977857069,0.5506012664285345,0.00018857714293096794
1730276689.538364,0.550695555,0.550506977857069,0.5506012664285345,0.00018857714293096794
1730276690.541795,0.550695555,0.550506977857069,0.5506012664285345,0.00018857714293096794
1730276691.54529,0.550695555,0.550506977857069,0.5506012664285345,0.00018857714293096794
1730276692.548845,0.55060458125,0.5503955563013146,0.5505000687756574,0.0002090249486853546
1730276693.552215,0.55060458125,0.5503955563013146,0.5505000687756574,0.0002090249486853546
1730276694.555818,0.55060458125,0.5503955563013146,0.5505000687756574,0.0002090249486853546
1730276695.559243,0.55060458125,0.5503955563013146,0.5505000687756574,0.0002090249486853546
1730276696.5627909,0.55060458125,0.5503955563013146,0.5505000687756574,0.0002090249486853546
1730276697.5663412,0.55060458125,0.5503955563013146,0.5505000687756574,0.0002090249486853546
1730276698.5697951,0.55060458125,0.5503955563013146,0.5505000687756574,0.0002090249486853546
1730276699.573419,0.5505708324999999,0.5503866038983201,0.5504787181991599,0.0001842286016798811
1730276700.576811,0.5505708324999999,0.5503866038983201,0.5504787181991599,0.0001842286016798811
1730276701.580375,0.5505708324999999,0.5503866038983201,0.5504787181991599,0.0001842286016798811
1730276702.5840058,0.5505708324999999,0.5503866038983201,0.5504787181991599,0.0001842286016798811
1730276703.587507,0.5505708324999999,0.5503866038983201,0.5504787181991599,0.0001842286016798811
1730276704.590993,0.5505708324999999,0.5503866038983201,0.5504787181991599,0.0001842286016798811
1730276705.5944178,0.5505708324999999,0.5503866038983201,0.5504787181991599,0.0001842286016798811
1730276706.597949,0.5505891125,0.5504952074341788,0.5505421599670894,9.390506582118707e-05
1730276707.601424,0.5505891125,0.5504952074341788,0.5505421599670894,9.390506582118707e-05
1730276708.6048388,0.5505891125,0.5504952074341788,0.5505421599670894,9.390506582118707e-05
1730276709.608278,0.5505891125,0.5504952074341788,0.5505421599670894,9.390506582118707e-05
1730276710.611287,0.5505891125,0.5504952074341788,0.5505421599670894,9.390506582118707e-05
1730276711.614799,0.550546755,0.5504952074341788,0.5505209812170895,5.154756582126385e-05
1730276712.6182048,0.550546755,0.5504952074341788,0.5505209812170895,5.154756582126385e-05
1730276713.6217332,0.550546755,0.5504952074341788,0.5505209812170895,5.154756582126385e-05
1730276714.625232,0.550546755,0.5504952074341788,0.5505209812170895,5.154756582126385e-05
1730276715.628674,0.550546755,0.5504952074341788,0.5505209812170895,5.154756582126385e-05
1730276716.6321611,0.550546755,0.5504952074341788,0.5505209812170895,5.154756582126385e-05
1730276717.635703,0.550546755,0.5504952074341788,0.5505209812170895,5.154756582126385e-05
1730276718.639374,0.550546755,0.5504952074341788,0.5505209812170895,5.154756582126385e-05
1730276719.642869,0.5505581575,0.5501068967735906,0.5503325271367954,0.0004512607264094415
1730276720.646427,0.5505581575,0.5501068967735906,0.5503325271367954,0.0004512607264094415
1730276721.649821,0.5505581575,0.5501068967735906,0.5503325271367954,0.0004512607264094415
1730276722.652721,0.5505581575,0.5501068967735906,0.5503325271367954,0.0004512607264094415
1730276723.656248,0.5505581575,0.5501068967735906,0.5503325271367954,0.0004512607264094415
1730276724.659808,0.5505581575,0.5501068967735906,0.5503325271367954,0.0004512607264094415
1730276725.663002,0.5505581575,0.5501068967735906,0.5503325271367954,0.0004512607264094415
1730276726.6665852,0.5502236475,0.5498929114103978,0.5500582794551989,0.0003307360896022127
1730276727.670228,0.5502236475,0.5498929114103978,0.5500582794551989,0.0003307360896022127
1730276728.673753,0.5502236475,0.5498929114103978,0.5500582794551989,0.0003307360896022127
1730276729.677245,0.5502236475,0.5498929114103978,0.5500582794551989,0.0003307360896022127
1730276730.680917,0.5502236475,0.5498929114103978,0.5500582794551989,0.0003307360896022127
1730276731.684459,0.5502236475,0.5498929114103978,0.5500582794551989,0.0003307360896022127
1730276732.687896,0.5502236475,0.5498929114103978,0.5500582794551989,0.0003307360896022127
1730276733.6911008,0.5502236475,0.5498929114103978,0.5500582794551989,0.0003307360896022127
1730276734.694579,0.55022364625,0.549907385847692,0.550065516048846,0.00031626040230792185
1730276735.697907,0.55022364625,0.549907385847692,0.550065516048846,0.00031626040230792185
1730276736.701287,0.55022364625,0.549907385847692,0.550065516048846,0.00031626040230792185
1730276737.70432,0.55022364625,0.549907385847692,0.550065516048846,0.00031626040230792185
1730276738.7076921,0.55022364625,0.549907385847692,0.550065516048846,0.00031626040230792185
1730276739.7111301,0.5501747,0.5499070693815294,0.5500408846907647,0.00026763061847057124
1730276740.714581,0.5501747,0.5499070693815294,0.5500408846907647,0.00026763061847057124
1730276741.7180412,0.5501747,0.5499070693815294,0.5500408846907647,0.00026763061847057124
1730276742.721511,0.5501747,0.5499070693815294,0.5500408846907647,0.00026763061847057124
1730276743.724877,0.5501747,0.5499070693815294,0.5500408846907647,0.00026763061847057124
1730276744.728364,0.5501831912499999,0.5498852452008044,0.5500342182254021,0.0002979460491955299
1730276745.731675,0.5501831912499999,0.5498852452008044,0.5500342182254021,0.0002979460491955299
1730276746.734741,0.5501831912499999,0.5498852452008044,0.5500342182254021,0.0002979460491955299
1730276747.738206,0.5501831912499999,0.5498852452008044,0.5500342182254021,0.0002979460491955299
1730276748.741615,0.5501831912499999,0.5498852452008044,0.5500342182254021,0.0002979460491955299
1730276749.744755,0.5501831912499999,0.5498852452008044,0.5500342182254021,0.0002979460491955299
1730276750.748082,0.5501831912499999,0.5498852452008044,0.5500342182254021,0.0002979460491955299
1730276751.7515578,0.5501177899999999,0.5498994280540166,0.5500086090270082,0.00021836194598334746
1730276752.7550669,0.5501177899999999,0.5498994280540166,0.5500086090270082,0.00021836194598334746
1730276753.758034,0.5501177899999999,0.5498994280540166,0.5500086090270082,0.00021836194598334746
1730276754.761389,0.5501177899999999,0.5498994280540166,0.5500086090270082,0.00021836194598334746
1730276755.764508,0.5501177899999999,0.5498994280540166,0.5500086090270082,0.00021836194598334746
1730276756.7678661,0.5501177899999999,0.5498994280540166,0.5500086090270082,0.00021836194598334746
1730276757.771343,0.55012289625,0.5497952382940956,0.5499590672720478,0.0003276579559043924
1730276758.774774,0.55012289625,0.5497952382940956,0.5499590672720478,0.0003276579559043924
1730276759.778215,0.55012289625,0.5497952382940956,0.5499590672720478,0.0003276579559043924
1730276760.7815711,0.55012289625,0.5497952382940956,0.5499590672720478,0.0003276579559043924
1730276761.7847621,0.55012289625,0.5497952382940956,0.5499590672720478,0.0003276579559043924
1730276762.788265,0.55012289625,0.5497952382940956,0.5499590672720478,0.0003276579559043924
1730276763.791754,0.55012289625,0.5497952382940956,0.5499590672720478,0.0003276579559043924
1730276764.795985,0.55012289625,0.5497952382940956,0.5499590672720478,0.0003276579559043924
1730276765.799665,0.55012289625,0.5497952382940956,0.5499590672720478,0.0003276579559043924
1730276766.8030238,0.5501129487499999,0.5498346316936762,0.549973790221838,0.00027831705632375137
1730276767.806586,0.5501129487499999,0.5498346316936762,0.549973790221838,0.00027831705632375137
1730276768.809958,0.5501129487499999,0.5498346316936762,0.549973790221838,0.00027831705632375137
1730276769.813323,0.5501129487499999,0.5498346316936762,0.549973790221838,0.00027831705632375137
1730276770.81666,0.5501129487499999,0.5498346316936762,0.549973790221838,0.00027831705632375137
1730276771.8201358,0.5501129487499999,0.5498346316936762,0.549973790221838,0.00027831705632375137
1730276772.823797,0.5501452637500001,0.5499076783746232,0.5500264710623116,0.00023758537537688085
1730276773.826973,0.5501452637500001,0.5499076783746232,0.5500264710623116,0.00023758537537688085
1730276774.830453,0.5501452637500001,0.5499076783746232,0.5500264710623116,0.00023758537537688085
1730276775.8338711,0.5501452637500001,0.5499076783746232,0.5500264710623116,0.00023758537537688085
1730276776.837316,0.5501452637500001,0.5499076783746232,0.5500264710623116,0.00023758537537688085
1730276777.8407092,0.5501452637500001,0.5499076783746232,0.5500264710623116,0.00023758537537688085
1730276778.844439,0.5501452637500001,0.5499076783746232,0.5500264710623116,0.00023758537537688085
1730276779.847958,0.5501452637500001,0.5499076783746232,0.5500264710623116,0.00023758537537688085
1730276780.851358,0.5501205662499999,0.5499034323684155,0.5500119993092077,0.00021713388158439706
1730276781.8549278,0.5501205662499999,0.5499034323684155,0.5500119993092077,0.00021713388158439706
1730276782.8579142,0.5501205662499999,0.5499034323684155,0.5500119993092077,0.00021713388158439706
1730276783.8612869,0.5501205662499999,0.5499034323684155,0.5500119993092077,0.00021713388158439706
1730276784.864822,0.5501205662499999,0.5499034323684155,0.5500119993092077,0.00021713388158439706
1730276785.868383,0.5501205662499999,0.5499034323684155,0.5500119993092077,0.00021713388158439706
1730276786.871892,0.5500893437500001,0.5497500587634017,0.5499197012567009,0.00033928498659840933
1730276787.875287,0.5500893437500001,0.5497500587634017,0.5499197012567009,0.00033928498659840933
1730276788.8787022,0.5500893437500001,0.5497500587634017,0.5499197012567009,0.00033928498659840933
1730276789.882127,0.5500893437500001,0.5497500587634017,0.5499197012567009,0.00033928498659840933
1730276790.885771,0.5500893437500001,0.5497500587634017,0.5499197012567009,0.00033928498659840933
1730276791.8896158,0.5500893437500001,0.5497500587634017,0.5499197012567009,0.00033928498659840933
1730276792.89308,0.5500893437500001,0.5497500587634017,0.5499197012567009,0.00033928498659840933
1730276793.896698,0.5500893437500001,0.5497500587634017,0.5499197012567009,0.00033928498659840933
1730276794.8992488,0.5500759399999999,0.5497808213310444,0.5499283806655222,0.0002951186689554852
1730276795.902566,0.5500759399999999,0.5497808213310444,0.5499283806655222,0.0002951186689554852
1730276796.905774,0.5500759399999999,0.5497808213310444,0.5499283806655222,0.0002951186689554852
1730276797.909098,0.5500759399999999,0.5497808213310444,0.5499283806655222,0.0002951186689554852
1730276798.913125,0.5500759399999999,0.5497808213310444,0.5499283806655222,0.0002951186689554852
1730276799.916896,0.5500759399999999,0.5497808213310444,0.5499283806655222,0.0002951186689554852
1730276800.920516,0.5500759399999999,0.5497808213310444,0.5499283806655222,0.0002951186689554852
1730276801.924077,0.5500759399999999,0.5497808213310444,0.5499283806655222,0.0002951186689554852
1730276802.927839,0.55002103,0.5498224068543024,0.5499217184271512,0.0001986231456976295
1730276803.9312031,0.55002103,0.5498224068543024,0.5499217184271512,0.0001986231456976295
1730276804.933367,0.55002103,0.5498224068543024,0.5499217184271512,0.0001986231456976295
1730276805.936867,0.55002103,0.5498224068543024,0.5499217184271512,0.0001986231456976295
1730276806.940414,0.55002103,0.5498224068543024,0.5499217184271512,0.0001986231456976295
1730276807.943855,0.55002103,0.5498224068543024,0.5499217184271512,0.0001986231456976295
1730276808.9472268,0.5500334225,0.549825243008308,0.549929332754154,0.00020817949169193994
1730276809.950766,0.5500334225,0.549825243008308,0.549929332754154,0.00020817949169193994
1730276810.954329,0.5500334225,0.549825243008308,0.549929332754154,0.00020817949169193994
1730276811.9577951,0.5500334225,0.549825243008308,0.549929332754154,0.00020817949169193994
1730276812.961459,0.5500334225,0.549825243008308,0.549929332754154,0.00020817949169193994
1730276813.965101,0.5500334225,0.549825243008308,0.549929332754154,0.00020817949169193994
1730276814.968113,0.55002837125,0.5498202686239959,0.549924319936998,0.0002081026260041252
1730276815.9714382,0.55002837125,0.5498202686239959,0.549924319936998,0.0002081026260041252
1730276816.9746811,0.55002837125,0.5498202686239959,0.549924319936998,0.0002081026260041252
1730276817.977897,0.55002837125,0.5498202686239959,0.549924319936998,0.0002081026260041252
1730276818.981226,0.55002837125,0.5498202686239959,0.549924319936998,0.0002081026260041252
1730276819.984867,0.55002837125,0.5498202686239959,0.549924319936998,0.0002081026260041252
1730276820.98825,0.54998719375,0.5497618720273664,0.5498745328886832,0.00022532172263367567
1730276821.990463,0.54998719375,0.5497618720273664,0.5498745328886832,0.00022532172263367567
1730276822.993846,0.54998719375,0.5497618720273664,0.5498745328886832,0.00022532172263367567
1730276823.997225,0.54998719375,0.5497618720273664,0.5498745328886832,0.00022532172263367567
1730276825.0005682,0.54998719375,0.5497618720273664,0.5498745328886832,0.00022532172263367567
1730276826.004365,0.549970045,0.5495437473006551,0.5497568961503276,0.0004262976993448797
1730276827.007909,0.549970045,0.5495437473006551,0.5497568961503276,0.0004262976993448797
1730276828.011313,0.549970045,0.5495437473006551,0.5497568961503276,0.0004262976993448797
1730276829.01465,0.549970045,0.5495437473006551,0.5497568961503276,0.0004262976993448797
1730276830.018069,0.549970045,0.5495437473006551,0.5497568961503276,0.0004262976993448797
1730276831.0216398,0.549970045,0.5495437473006551,0.5497568961503276,0.0004262976993448797
1730276832.025289,0.549970045,0.5495437473006551,0.5497568961503276,0.0004262976993448797
1730276833.028885,0.5498769375,0.5495217408776497,0.5496993391888249,0.0003551966223502845
1730276834.0324612,0.5498769375,0.5495217408776497,0.5496993391888249,0.0003551966223502845
1730276835.03598,0.5498769375,0.5495217408776497,0.5496993391888249,0.0003551966223502845
1730276836.039487,0.5498769375,0.5495217408776497,0.5496993391888249,0.0003551966223502845
1730276837.0424588,0.5498769375,0.5495217408776497,0.5496993391888249,0.0003551966223502845
1730276838.0460742,0.5498769375,0.5495217408776497,0.5496993391888249,0.0003551966223502845
1730276839.049561,0.5498769375,0.5495217408776497,0.5496993391888249,0.0003551966223502845
1730276840.053178,0.5498769375,0.5495217408776497,0.5496993391888249,0.0003551966223502845
1730276841.0566669,0.5498769375,0.5495217408776497,0.5496993391888249,0.0003551966223502845
1730276842.059932,0.54977220375,0.5495826167279951,0.5496774102389976,0.00018958702200488897
1730276843.0633018,0.54977220375,0.5495826167279951,0.5496774102389976,0.00018958702200488897
1730276844.1521,0.54977220375,0.5495826167279951,0.5496774102389976,0.00018958702200488897
1730276845.153053,0.54977220375,0.5495826167279951,0.5496774102389976,0.00018958702200488897
1730276846.1546292,0.54977220375,0.5495826167279951,0.5496774102389976,0.00018958702200488897
1730276847.158122,0.54977087125,0.54956599006778,0.5496684306588899,0.00020488118222006246
1730276848.161194,0.54977087125,0.54956599006778,0.5496684306588899,0.00020488118222006246
1730276849.1646788,0.54977087125,0.54956599006778,0.5496684306588899,0.00020488118222006246
1730276850.1680682,0.54977087125,0.54956599006778,0.5496684306588899,0.00020488118222006246
1730276851.1713111,0.54977087125,0.54956599006778,0.5496684306588899,0.00020488118222006246
1730276852.174672,0.54977087125,0.54956599006778,0.5496684306588899,0.00020488118222006246
1730276853.1781278,0.54977224125,0.5495052450509463,0.5496387431504732,0.00026699619905368177
1730276854.18175,0.54977224125,0.5495052450509463,0.5496387431504732,0.00026699619905368177
1730276855.1854038,0.54977224125,0.5495052450509463,0.5496387431504732,0.00026699619905368177
1730276856.188926,0.54977224125,0.5495052450509463,0.5496387431504732,0.00026699619905368177
1730276857.192192,0.54977224125,0.5495052450509463,0.5496387431504732,0.00026699619905368177
1730276858.195866,0.54977224125,0.5495052450509463,0.5496387431504732,0.00026699619905368177
1730276859.199244,0.54977224125,0.5495052450509463,0.5496387431504732,0.00026699619905368177
1730276860.2027578,0.5497680625,0.5495289524426562,0.5496485074713281,0.0002391100573437832
1730276861.20619,0.5497680625,0.5495289524426562,0.5496485074713281,0.0002391100573437832
1730276862.2081568,0.5497680625,0.5495289524426562,0.5496485074713281,0.0002391100573437832
1730276863.2112682,0.5497680625,0.5495289524426562,0.5496485074713281,0.0002391100573437832
1730276864.2146618,0.5497680625,0.5495289524426562,0.5496485074713281,0.0002391100573437832
1730276865.2181919,0.5497804162500001,0.5495191123607859,0.549649764305393,0.0002613038892141928
1730276866.221588,0.5497804162500001,0.5495191123607859,0.549649764305393,0.0002613038892141928
1730276867.225106,0.5497804162500001,0.5495191123607859,0.549649764305393,0.0002613038892141928
1730276868.228468,0.5497804162500001,0.5495191123607859,0.549649764305393,0.0002613038892141928
1730276869.232023,0.5497804162500001,0.5495191123607859,0.549649764305393,0.0002613038892141928
1730276870.2354481,0.5497804162500001,0.5495191123607859,0.549649764305393,0.0002613038892141928
1730276871.2389572,0.5497804162500001,0.5495191123607859,0.549649764305393,0.0002613038892141928
1730276872.242513,0.54973725625,0.5495153210339496,0.5496262886419748,0.00022193521605040623
1730276873.246068,0.54973725625,0.5495153210339496,0.5496262886419748,0.00022193521605040623
1730276874.24952,0.54973725625,0.5495153210339496,0.5496262886419748,0.00022193521605040623
1730276875.2530549,0.54973725625,0.5495153210339496,0.5496262886419748,0.00022193521605040623
1730276876.257518,0.54973725625,0.5495153210339496,0.5496262886419748,0.00022193521605040623
1730276877.260999,0.54973725625,0.5495153210339496,0.5496262886419748,0.00022193521605040623
1730276878.264607,0.54973725625,0.5495153210339496,0.5496262886419748,0.00022193521605040623
1730276879.268149,0.54973705625,0.5495453855284244,0.5496412208892122,0.00019167072157566523
1730276880.271208,0.54973705625,0.5495453855284244,0.5496412208892122,0.00019167072157566523
1730276881.27476,0.54973705625,0.5495453855284244,0.5496412208892122,0.00019167072157566523
1730276882.278334,0.54973705625,0.5495453855284244,0.5496412208892122,0.00019167072157566523
1730276883.281652,0.54973705625,0.5495453855284244,0.5496412208892122,0.00019167072157566523
1730276884.285312,0.54973705625,0.5495453855284244,0.5496412208892122,0.00019167072157566523
1730276885.2888398,0.54966724,0.5496438764103353,0.5496555582051676,2.336358966470442e-05
1730276886.2921119,0.54966724,0.5496438764103353,0.5496555582051676,2.336358966470442e-05
1730276887.295653,0.54966724,0.5496438764103353,0.5496555582051676,2.336358966470442e-05
1730276888.29916,0.54966724,0.5496438764103353,0.5496555582051676,2.336358966470442e-05
1730276889.302639,0.54966724,0.5496438764103353,0.5496555582051676,2.336358966470442e-05
1730276890.3062289,0.54966724,0.5496438764103353,0.5496555582051676,2.336358966470442e-05
1730276891.309579,0.54966724,0.5496438764103353,0.5496555582051676,2.336358966470442e-05
1730276892.312931,0.54966724,0.5496438764103353,0.5496555582051676,2.336358966470442e-05
1730276893.316318,0.54966724,0.5496438764103353,0.5496555582051676,2.336358966470442e-05
1730276894.319099,0.54966724,0.5496438764103353,0.5496555582051676,2.336358966470442e-05
1730276895.3227022,0.549666645,0.5497973415832966,0.5497319932916482,-0.00013069658329667444
1730276896.3261728,0.549666645,0.5497973415832966,0.5497319932916482,-0.00013069658329667444
1730276897.329099,0.549666645,0.5497973415832966,0.5497319932916482,-0.00013069658329667444
1730276898.332531,0.549666645,0.5497973415832966,0.5497319932916482,-0.00013069658329667444
1730276899.335962,0.549666645,0.5497973415832966,0.5497319932916482,-0.00013069658329667444
1730276900.339516,0.549666645,0.5497973415832966,0.5497319932916482,-0.00013069658329667444
1730276901.3430169,0.549666645,0.5497973415832966,0.5497319932916482,-0.00013069658329667444
1730276902.346355,0.549666645,0.5497973415832966,0.5497319932916482,-0.00013069658329667444
1730276903.349762,0.5497358025,0.5497051073013502,0.5497204549006751,3.06951986497328e-05
1730276904.353297,0.5497358025,0.5497051073013502,0.5497204549006751,3.06951986497328e-05
1730276905.356701,0.5497358025,0.5497051073013502,0.5497204549006751,3.06951986497328e-05
1730276906.360148,0.5497358025,0.5497051073013502,0.5497204549006751,3.06951986497328e-05
1730276907.3633652,0.5497358025,0.5497051073013502,0.5497204549006751,3.06951986497328e-05
1730276908.3669188,0.5497358025,0.5497051073013502,0.5497204549006751,3.06951986497328e-05
1730276909.369623,0.5498125524999999,0.5496850205640245,0.5497487865320122,0.00012753193597547785
1730276910.3728452,0.5498125524999999,0.5496850205640245,0.5497487865320122,0.00012753193597547785
1730276911.376339,0.5498125524999999,0.5496850205640245,0.5497487865320122,0.00012753193597547785
1730276912.3799329,0.5498125524999999,0.5496850205640245,0.5497487865320122,0.00012753193597547785
1730276913.383423,0.5498125524999999,0.5496850205640245,0.5497487865320122,0.00012753193597547785
1730276914.3869681,0.5498125524999999,0.5496850205640245,0.5497487865320122,0.00012753193597547785
1730276915.390696,0.5498125725,0.5497343040528185,0.5497734382764092,7.82684471815065e-05
1730276916.394303,0.5498125725,0.5497343040528185,0.5497734382764092,7.82684471815065e-05
1730276917.397532,0.5498125725,0.5497343040528185,0.5497734382764092,7.82684471815065e-05
1730276918.401102,0.5498125725,0.5497343040528185,0.5497734382764092,7.82684471815065e-05
1730276919.40449,0.5498125725,0.5497343040528185,0.5497734382764092,7.82684471815065e-05
1730276920.408043,0.5498125725,0.5497343040528185,0.5497734382764092,7.82684471815065e-05
1730276921.4114828,0.5498125725,0.5497343040528185,0.5497734382764092,7.82684471815065e-05
1730276922.414884,0.5498301649999999,0.5498043334089185,0.5498172492044593,2.583159108138222e-05
1730276923.418306,0.5498301649999999,0.5498043334089185,0.5498172492044593,2.583159108138222e-05
1730276924.4219148,0.5498301649999999,0.5498043334089185,0.5498172492044593,2.583159108138222e-05
1730276925.4249501,0.5498301649999999,0.5498043334089185,0.5498172492044593,2.583159108138222e-05
1730276926.4283142,0.5498301649999999,0.5498043334089185,0.5498172492044593,2.583159108138222e-05
1730276927.431852,0.54976913625,0.549798502631149,0.5497838194405745,-2.9366381149031895e-05
1730276928.435327,0.54976913625,0.549798502631149,0.5497838194405745,-2.9366381149031895e-05
1730276929.438804,0.54976913625,0.549798502631149,0.5497838194405745,-2.9366381149031895e-05
1730276930.442365,0.54976913625,0.549798502631149,0.5497838194405745,-2.9366381149031895e-05
1730276931.4459252,0.54976913625,0.549798502631149,0.5497838194405745,-2.9366381149031895e-05
1730276932.449537,0.549692125,0.5497967515917807,0.5497444382958903,-0.00010462659178067657
1730276933.453123,0.549692125,0.5497967515917807,0.5497444382958903,-0.00010462659178067657
1730276934.456657,0.549692125,0.5497967515917807,0.5497444382958903,-0.00010462659178067657
1730276935.460223,0.549692125,0.5497967515917807,0.5497444382958903,-0.00010462659178067657
1730276936.463656,0.549692125,0.5497967515917807,0.5497444382958903,-0.00010462659178067657
1730276937.467157,0.549692125,0.5497967515917807,0.5497444382958903,-0.00010462659178067657
1730276938.470518,0.549692125,0.5498243832496429,0.5497582541248214,-0.00013225824964291366
1730276939.4739351,0.549692125,0.5498243832496429,0.5497582541248214,-0.00013225824964291366
1730276940.4774568,0.549692125,0.5498243832496429,0.5497582541248214,-0.00013225824964291366
1730276941.480883,0.549692125,0.5498243832496429,0.5497582541248214,-0.00013225824964291366
1730276942.4844139,0.549692125,0.5498243832496429,0.5497582541248214,-0.00013225824964291366
1730276943.4878788,0.549692125,0.5498243832496429,0.5497582541248214,-0.00013225824964291366
1730276944.491227,0.549692125,0.5498243832496429,0.5497582541248214,-0.00013225824964291366
1730276945.494761,0.549692125,0.5498243832496429,0.5497582541248214,-0.00013225824964291366
1730276946.498196,0.549692125,0.5498254693772379,0.5497587971886189,-0.00013334437723788728
1730276947.501667,0.549692125,0.5498254693772379,0.5497587971886189,-0.00013334437723788728
1730276948.505064,0.549692125,0.5498254693772379,0.5497587971886189,-0.00013334437723788728
1730276949.508447,0.549692125,0.5498254693772379,0.5497587971886189,-0.00013334437723788728
1730276950.511915,0.549692125,0.5498254693772379,0.5497587971886189,-0.00013334437723788728
1730276951.515255,0.549692125,0.5498254693772379,0.5497587971886189,-0.00013334437723788728
1730276952.518736,0.549692125,0.5498254693772379,0.5497587971886189,-0.00013334437723788728
1730276953.5221171,0.549692125,0.5498254693772379,0.5497587971886189,-0.00013334437723788728
1730276954.525766,0.549692125,0.5497842913636258,0.549738208181813,-9.216636362585628e-05
1730276955.529233,0.549692125,0.5497842913636258,0.549738208181813,-9.216636362585628e-05
1730276956.532693,0.549692125,0.5497842913636258,0.549738208181813,-9.216636362585628e-05
1730276957.53617,0.549692125,0.5497842913636258,0.549738208181813,-9.216636362585628e-05
1730276958.539812,0.549692125,0.5497842913636258,0.549738208181813,-9.216636362585628e-05
1730276959.543273,0.549692125,0.5497842913636258,0.549738208181813,-9.216636362585628e-05
1730276960.546912,0.549692125,0.5497842913636258,0.549738208181813,-9.216636362585628e-05
1730276961.5505521,0.549692125,0.5497842913636258,0.549738208181813,-9.216636362585628e-05
1730276962.5540009,0.5496141237500001,0.5497076721426879,0.549660897946344,-9.354839268782555e-05
1730276963.5576582,0.5496141237500001,0.5497076721426879,0.549660897946344,-9.354839268782555e-05
1730276964.561238,0.5496141237500001,0.5497076721426879,0.549660897946344,-9.354839268782555e-05
1730276965.5646331,0.5496141237500001,0.5497076721426879,0.549660897946344,-9.354839268782555e-05
1730276966.568588,0.5496141237500001,0.5497076721426879,0.549660897946344,-9.354839268782555e-05
1730276967.571926,0.5496141237500001,0.5497076721426879,0.549660897946344,-9.354839268782555e-05
1730276968.5753531,0.5496141237500001,0.5497076721426879,0.549660897946344,-9.354839268782555e-05
1730276969.578531,0.5496141237500001,0.5497076721426879,0.549660897946344,-9.354839268782555e-05
1730276970.5819259,0.54959212625,0.5497743681344885,0.5496832471922443,-0.00018224188448856538
1730276971.585435,0.54959212625,0.5497743681344885,0.5496832471922443,-0.00018224188448856538
1730276972.588843,0.54959212625,0.5497743681344885,0.5496832471922443,-0.00018224188448856538
1730276973.59231,0.54959212625,0.5497743681344885,0.5496832471922443,-0.00018224188448856538
1730276974.595861,0.54959212625,0.5497743681344885,0.5496832471922443,-0.00018224188448856538
1730276975.599502,0.54959212625,0.5497743681344885,0.5496832471922443,-0.00018224188448856538
1730276976.603212,0.54959212625,0.5497743681344885,0.5496832471922443,-0.00018224188448856538
1730276977.6067588,0.54959212625,0.5497743681344885,0.5496832471922443,-0.00018224188448856538
1730276978.610443,0.54959212625,0.5497132393590006,0.5496526828045003,-0.00012111310900064787
1730276979.613906,0.54959212625,0.5497132393590006,0.5496526828045003,-0.00012111310900064787
1730276980.617354,0.54959212625,0.5497132393590006,0.5496526828045003,-0.00012111310900064787
1730276981.6208189,0.54959212625,0.5497132393590006,0.5496526828045003,-0.00012111310900064787
1730276982.6242719,0.54959212625,0.5497132393590006,0.5496526828045003,-0.00012111310900064787
1730276983.627719,0.54959212625,0.5497132393590006,0.5496526828045003,-0.00012111310900064787
1730276984.631217,0.54959212625,0.5497216983176758,0.549656912283838,-0.00012957206767583163
1730276985.634657,0.54959212625,0.5497216983176758,0.549656912283838,-0.00012957206767583163
1730276986.637999,0.54959212625,0.5497216983176758,0.549656912283838,-0.00012957206767583163
1730276987.641376,0.54959212625,0.5497216983176758,0.549656912283838,-0.00012957206767583163
1730276988.644644,0.54959212625,0.5497216983176758,0.549656912283838,-0.00012957206767583163
1730276989.648057,0.54959212625,0.5497216983176758,0.549656912283838,-0.00012957206767583163
1730276990.651624,0.54959212625,0.5497216983176758,0.549656912283838,-0.00012957206767583163
1730276991.655112,0.54959212625,0.5497150997703678,0.5496536130101839,-0.0001229735203678306
1730276992.6585028,0.54959212625,0.5497150997703678,0.5496536130101839,-0.0001229735203678306
1730276993.6617758,0.54959212625,0.5497150997703678,0.5496536130101839,-0.0001229735203678306
1730276994.665302,0.54959212625,0.5497150997703678,0.5496536130101839,-0.0001229735203678306
1730276995.669079,0.54959212625,0.5497150997703678,0.5496536130101839,-0.0001229735203678306
1730276996.672775,0.54959212625,0.5497150997703678,0.5496536130101839,-0.0001229735203678306
1730276997.676252,0.54959212625,0.5497150997703678,0.5496536130101839,-0.0001229735203678306
1730276998.679745,0.54959212625,0.5497150997703678,0.5496536130101839,-0.0001229735203678306
1730276999.683116,0.54959212625,0.5497150997703678,0.5496536130101839,-0.0001229735203678306
1730277000.68643,0.54959212625,0.5497150997703678,0.5496536130101839,-0.0001229735203678306
1730277001.689892,0.54965456125,0.5497076722957385,0.5496811167728692,-5.311104573846315e-05
1730277002.693336,0.54965456125,0.5497076722957385,0.5496811167728692,-5.311104573846315e-05
1730277003.696992,0.54965456125,0.5497076722957385,0.5496811167728692,-5.311104573846315e-05
1730277004.7005508,0.54965456125,0.5497076722957385,0.5496811167728692,-5.311104573846315e-05
1730277005.704143,0.54965456125,0.5497076722957385,0.5496811167728692,-5.311104573846315e-05
1730277006.7074618,0.54965456125,0.5497076722957385,0.5496811167728692,-5.311104573846315e-05
1730277007.710937,0.54965456125,0.5497076722957385,0.5496811167728692,-5.311104573846315e-05
1730277008.7144718,0.5496905000000001,0.5497664602537377,0.5497284801268689,-7.596025373757254e-05
1730277009.7178109,0.5496905000000001,0.5497664602537377,0.5497284801268689,-7.596025373757254e-05
1730277010.721225,0.5496905000000001,0.5497664602537377,0.5497284801268689,-7.596025373757254e-05
1730277011.7246962,0.5496905000000001,0.5497664602537377,0.5497284801268689,-7.596025373757254e-05
1730277012.728168,0.5496905000000001,0.5497664602537377,0.5497284801268689,-7.596025373757254e-05
1730277013.73177,0.5498434562500001,0.5496853297438302,0.5497643929969152,0.00015812650616986446
1730277014.735187,0.5498434562500001,0.5496853297438302,0.5497643929969152,0.00015812650616986446
1730277015.7387562,0.5498434562500001,0.5496853297438302,0.5497643929969152,0.00015812650616986446
1730277016.742302,0.5498434562500001,0.5496853297438302,0.5497643929969152,0.00015812650616986446
1730277017.745815,0.5498434562500001,0.5496853297438302,0.5497643929969152,0.00015812650616986446
1730277018.749315,0.5498434562500001,0.5496849182668763,0.5497641872584382,0.00015853798312381873
1730277019.7527628,0.5498434562500001,0.5496849182668763,0.5497641872584382,0.00015853798312381873
1730277020.7562082,0.5498434562500001,0.5496849182668763,0.5497641872584382,0.00015853798312381873
1730277021.759758,0.5498434562500001,0.5496849182668763,0.5497641872584382,0.00015853798312381873
1730277022.763217,0.5498434562500001,0.5496849182668763,0.5497641872584382,0.00015853798312381873
1730277023.766737,0.5498434562500001,0.5496849182668763,0.5497641872584382,0.00015853798312381873
1730277024.7703922,0.5498434562500001,0.5496849182668763,0.5497641872584382,0.00015853798312381873
1730277025.77388,0.54989979625,0.5496852844805967,0.5497925403652983,0.00021451176940323613
1730277026.777419,0.54989979625,0.5496852844805967,0.5497925403652983,0.00021451176940323613
1730277027.781016,0.54989979625,0.5496852844805967,0.5497925403652983,0.00021451176940323613
1730277028.784427,0.54989979625,0.5496852844805967,0.5497925403652983,0.00021451176940323613
1730277029.787835,0.54989979625,0.5496852844805967,0.5497925403652983,0.00021451176940323613
1730277030.7912571,0.54972557375,0.5496663356843232,0.5496959547171616,5.923806567675882e-05
1730277031.794711,0.54972557375,0.5496663356843232,0.5496959547171616,5.923806567675882e-05
1730277032.798132,0.54972557375,0.5496663356843232,0.5496959547171616,5.923806567675882e-05
1730277033.801594,0.54972557375,0.5496663356843232,0.5496959547171616,5.923806567675882e-05
1730277034.805016,0.54972557375,0.5496663356843232,0.5496959547171616,5.923806567675882e-05
1730277035.808546,0.54972557375,0.5496663356843232,0.5496959547171616,5.923806567675882e-05
1730277036.812063,0.54974059,0.5496617164587423,0.5497011532293712,7.887354125768464e-05
1730277037.8155131,0.54974059,0.5496617164587423,0.5497011532293712,7.887354125768464e-05
1730277038.8190038,0.54974059,0.5496617164587423,0.5497011532293712,7.887354125768464e-05
1730277039.8224409,0.54974059,0.5496617164587423,0.5497011532293712,7.887354125768464e-05
1730277040.8259761,0.54974059,0.5496617164587423,0.5497011532293712,7.887354125768464e-05
1730277041.8295062,0.5498033499999999,0.549690484871783,0.5497469174358914,0.0001128651282169546
1730277042.832889,0.5498033499999999,0.549690484871783,0.5497469174358914,0.0001128651282169546
1730277043.836432,0.5498033499999999,0.549690484871783,0.5497469174358914,0.0001128651282169546
1730277044.8398342,0.5498033499999999,0.549690484871783,0.5497469174358914,0.0001128651282169546
1730277045.8433979,0.5498033499999999,0.549690484871783,0.5497469174358914,0.0001128651282169546
1730277046.846721,0.5498033499999999,0.549690484871783,0.5497469174358914,0.0001128651282169546
1730277047.849521,0.5498033499999999,0.549690484871783,0.5497469174358914,0.0001128651282169546
1730277048.852936,0.54977142875,0.5496903500062912,0.5497308893781456,8.107874370877344e-05
1730277049.856493,0.54977142875,0.5496903500062912,0.5497308893781456,8.107874370877344e-05
1730277050.860117,0.54977142875,0.5496903500062912,0.5497308893781456,8.107874370877344e-05
1730277051.863588,0.54977142875,0.5496903500062912,0.5497308893781456,8.107874370877344e-05
1730277052.866698,0.54977142875,0.5496903500062912,0.5497308893781456,8.107874370877344e-05
1730277053.87008,0.54977142875,0.5496903500062912,0.5497308893781456,8.107874370877344e-05
1730277054.873644,0.54977142875,0.5496903500062912,0.5497308893781456,8.107874370877344e-05
1730277055.877019,0.54977465125,0.5496708271160904,0.5497227391830453,0.00010382413390963574
1730277056.880536,0.54977465125,0.5496708271160904,0.5497227391830453,0.00010382413390963574
1730277057.88405,0.54977465125,0.5496708271160904,0.5497227391830453,0.00010382413390963574
1730277058.887645,0.54977465125,0.5496708271160904,0.5497227391830453,0.00010382413390963574
1730277059.891157,0.54977465125,0.5496708271160904,0.5497227391830453,0.00010382413390963574
1730277060.8947608,0.54977465125,0.5496708271160904,0.5497227391830453,0.00010382413390963574
1730277061.898301,0.5497106075,0.5494665780013498,0.549588592750675,0.00024402949865021117
1730277062.9016519,0.5497106075,0.5494665780013498,0.549588592750675,0.00024402949865021117
1730277063.905005,0.5497106075,0.5494665780013498,0.549588592750675,0.00024402949865021117
1730277064.907777,0.5497106075,0.5494665780013498,0.549588592750675,0.00024402949865021117
1730277065.911246,0.5497106075,0.5494665780013498,0.549588592750675,0.00024402949865021117
1730277066.9147289,0.5497106075,0.5494665780013498,0.549588592750675,0.00024402949865021117
1730277067.918286,0.5496628837499999,0.5494076707284535,0.5495352772392268,0.0002552130215464077
1730277068.9216928,0.5496628837499999,0.5494076707284535,0.5495352772392268,0.0002552130215464077
1730277069.9249878,0.5496628837499999,0.5494076707284535,0.5495352772392268,0.0002552130215464077
1730277070.9284549,0.5496628837499999,0.5494076707284535,0.5495352772392268,0.0002552130215464077
1730277071.931896,0.5496628837499999,0.5494076707284535,0.5495352772392268,0.0002552130215464077
1730277072.9353979,0.5496628837499999,0.5494076707284535,0.5495352772392268,0.0002552130215464077
1730277073.9389088,0.54963889,0.5495107548045097,0.5495748224022549,0.0001281351954902643
1730277074.9423301,0.54963889,0.5495107548045097,0.5495748224022549,0.0001281351954902643
1730277075.945875,0.54963889,0.5495107548045097,0.5495748224022549,0.0001281351954902643
1730277076.949475,0.54963889,0.5495107548045097,0.5495748224022549,0.0001281351954902643
1730277077.9528792,0.54963889,0.5495107548045097,0.5495748224022549,0.0001281351954902643
1730277078.956418,0.54963889,0.5495107548045097,0.5495748224022549,0.0001281351954902643
1730277079.959991,0.54963889,0.5495107548045097,0.5495748224022549,0.0001281351954902643
1730277080.963192,0.54963889,0.5495107548045097,0.5495748224022549,0.0001281351954902643
1730277081.966584,0.54963889,0.5495107548045097,0.5495748224022549,0.0001281351954902643
1730277082.9693198,0.54963889,0.5495107548045097,0.5495748224022549,0.0001281351954902643
1730277083.972883,0.549724785,0.5495107548338557,0.5496177699169278,0.0002140301661442967
1730277084.9758458,0.549724785,0.5495107548338557,0.5496177699169278,0.0002140301661442967
1730277085.979209,0.549724785,0.5495107548338557,0.5496177699169278,0.0002140301661442967
1730277086.98252,0.549724785,0.5495107548338557,0.5496177699169278,0.0002140301661442967
1730277087.9860742,0.549724785,0.5495107548338557,0.5496177699169278,0.0002140301661442967
1730277088.989562,0.549724785,0.5495107548338557,0.5496177699169278,0.0002140301661442967
1730277089.992964,0.5497945962499999,0.5496089937844585,0.5497017950172292,0.00018560246554144566
1730277090.9964669,0.5497945962499999,0.5496089937844585,0.5497017950172292,0.00018560246554144566
1730277092.000103,0.5497945962499999,0.5496089937844585,0.5497017950172292,0.00018560246554144566
1730277093.0037189,0.5497945962499999,0.5496089937844585,0.5497017950172292,0.00018560246554144566
1730277094.007329,0.5497945962499999,0.5496089937844585,0.5497017950172292,0.00018560246554144566
1730277095.0105422,0.5497945962499999,0.5496089937844585,0.5497017950172292,0.00018560246554144566
1730277096.013929,0.5497945962499999,0.5496089937844585,0.5497017950172292,0.00018560246554144566
1730277097.01735,0.5497945962499999,0.5496089937844585,0.5497017950172292,0.00018560246554144566
1730277098.021018,0.5497945962499999,0.5496089937844585,0.5497017950172292,0.00018560246554144566
1730277099.024283,0.5497945962499999,0.5496089937844585,0.5497017950172292,0.00018560246554144566
1730277100.0273468,0.54981150625,0.5497076731046742,0.5497595896773371,0.00010383314532580457
1730277101.0311959,0.54981150625,0.5497076731046742,0.5497595896773371,0.00010383314532580457
1730277102.0359821,0.54981150625,0.5497076731046742,0.5497595896773371,0.00010383314532580457
1730277103.039561,0.54981150625,0.5497076731046742,0.5497595896773371,0.00010383314532580457
1730277104.043039,0.54981150625,0.5497076731046742,0.5497595896773371,0.00010383314532580457
1730277105.0459552,0.54981150625,0.5497076731046742,0.5497595896773371,0.00010383314532580457
1730277106.0491478,0.54978651875,0.5495609972614427,0.5496737580057214,0.0002255214885572565
1730277107.052316,0.54978651875,0.5495609972614427,0.5496737580057214,0.0002255214885572565
1730277108.0548658,0.54978651875,0.5495609972614427,0.5496737580057214,0.0002255214885572565
1730277109.0576708,0.54978651875,0.5495609972614427,0.5496737580057214,0.0002255214885572565
1730277110.061173,0.54978651875,0.5495609972614427,0.5496737580057214,0.0002255214885572565
1730277111.064629,0.54978651875,0.5495609972614427,0.5496737580057214,0.0002255214885572565
1730277112.0675719,0.549786615,0.549658681775014,0.5497226483875071,0.0001279332249860543
1730277113.0710568,0.549786615,0.549658681775014,0.5497226483875071,0.0001279332249860543
1730277114.07478,0.549786615,0.549658681775014,0.5497226483875071,0.0001279332249860543
1730277115.078141,0.549786615,0.549658681775014,0.5497226483875071,0.0001279332249860543
1730277116.0811908,0.549786615,0.549658681775014,0.5497226483875071,0.0001279332249860543
1730277117.084642,0.5497776175,0.5496453185631265,0.5497114680315632,0.00013229893687349836
1730277118.087986,0.5497776175,0.5496453185631265,0.5497114680315632,0.00013229893687349836
1730277119.0916522,0.5497776175,0.5496453185631265,0.5497114680315632,0.00013229893687349836
1730277120.094909,0.5497776175,0.5496453185631265,0.5497114680315632,0.00013229893687349836
1730277121.0983438,0.5497776175,0.5496453185631265,0.5497114680315632,0.00013229893687349836
1730277122.1018932,0.5497776175,0.5496453185631265,0.5497114680315632,0.00013229893687349836
1730277123.105379,0.54981823,0.5495567794706925,0.5496875047353462,0.00026145052930748314
1730277124.1089978,0.54981823,0.5495567794706925,0.5496875047353462,0.00026145052930748314
1730277125.111818,0.54981823,0.5495567794706925,0.5496875047353462,0.00026145052930748314
1730277126.115207,0.54981823,0.5495567794706925,0.5496875047353462,0.00026145052930748314
1730277127.118672,0.54981823,0.5495567794706925,0.5496875047353462,0.00026145052930748314
1730277128.122516,0.54981823,0.5495567794706925,0.5496875047353462,0.00026145052930748314
1730277129.125343,0.54981823,0.5495567794706925,0.5496875047353462,0.00026145052930748314
1730277130.1504798,0.54981823,0.5495567794706925,0.5496875047353462,0.00026145052930748314
1730277131.189114,0.54975731375,0.5495076715819812,0.5496324926659906,0.00024964216801881545
1730277132.244926,0.54975731375,0.5495076715819812,0.5496324926659906,0.00024964216801881545
1730277133.246356,0.54975731375,0.5495076715819812,0.5496324926659906,0.00024964216801881545
1730277134.2482471,0.54975731375,0.5495076715819812,0.5496324926659906,0.00024964216801881545
1730277135.252,0.54975731375,0.5495076715819812,0.5496324926659906,0.00024964216801881545
1730277136.2553442,0.54975731375,0.5495076715819812,0.5496324926659906,0.00024964216801881545
1730277137.258792,0.54975731375,0.5495076715819812,0.5496324926659906,0.00024964216801881545
1730277138.263371,0.54975731375,0.5495076715819812,0.5496324926659906,0.00024964216801881545
1730277139.267008,0.54981823,0.549532684588412,0.549675457294206,0.0002855454115879841
1730277140.270848,0.54981823,0.549532684588412,0.549675457294206,0.0002855454115879841
1730277141.2743769,0.54981823,0.549532684588412,0.549675457294206,0.0002855454115879841
1730277142.277749,0.54981823,0.549532684588412,0.549675457294206,0.0002855454115879841
1730277143.2810519,0.54981823,0.549532684588412,0.549675457294206,0.0002855454115879841
1730277144.284548,0.54981823,0.549532684588412,0.549675457294206,0.0002855454115879841
1730277145.2877371,0.54981823,0.549532684588412,0.549675457294206,0.0002855454115879841
1730277146.290487,0.549741445,0.5495449076028658,0.5496431763014329,0.00019653739713421103
1730277147.293216,0.549741445,0.5495449076028658,0.5496431763014329,0.00019653739713421103
1730277148.295957,0.549741445,0.5495449076028658,0.5496431763014329,0.00019653739713421103
1730277149.299728,0.549741445,0.5495449076028658,0.5496431763014329,0.00019653739713421103
1730277150.303361,0.549741445,0.5495449076028658,0.5496431763014329,0.00019653739713421103
1730277151.307125,0.549741445,0.5495369873837281,0.5496392161918641,0.0002044576162718581
1730277152.31099,0.549741445,0.5495369873837281,0.5496392161918641,0.0002044576162718581
1730277153.314232,0.549741445,0.5495369873837281,0.5496392161918641,0.0002044576162718581
1730277154.3177128,0.549741445,0.5495369873837281,0.5496392161918641,0.0002044576162718581
1730277155.3214002,0.549741445,0.5495369873837281,0.5496392161918641,0.0002044576162718581
1730277156.325004,0.549741445,0.5495369873837281,0.5496392161918641,0.0002044576162718581
1730277157.32861,0.549702435,0.5496076725947483,0.5496550537973741,9.476240525174706e-05
1730277158.332035,0.549702435,0.5496076725947483,0.5496550537973741,9.476240525174706e-05
1730277159.335741,0.549702435,0.5496076725947483,0.5496550537973741,9.476240525174706e-05
1730277160.338523,0.549702435,0.5496076725947483,0.5496550537973741,9.476240525174706e-05
1730277161.342161,0.549702435,0.5496076725947483,0.5496550537973741,9.476240525174706e-05
1730277162.345802,0.549702435,0.5496076725947483,0.5496550537973741,9.476240525174706e-05
1730277163.349449,0.549702435,0.5496076725947483,0.5496550537973741,9.476240525174706e-05
1730277164.353119,0.549702435,0.5496076725947483,0.5496550537973741,9.476240525174706e-05
1730277165.356103,0.54971597375,0.5495621929133903,0.5496390833316951,0.0001537808366097737
1730277166.358402,0.54971597375,0.5495621929133903,0.5496390833316951,0.0001537808366097737
1730277167.3607922,0.54971597375,0.5495621929133903,0.5496390833316951,0.0001537808366097737
1730277168.364129,0.54971597375,0.5495621929133903,0.5496390833316951,0.0001537808366097737
1730277169.367009,0.54971597375,0.5495621929133903,0.5496390833316951,0.0001537808366097737
1730277170.370603,0.54971597375,0.5495621929133903,0.5496390833316951,0.0001537808366097737
1730277171.3737779,0.54971597375,0.5495621929133903,0.5496390833316951,0.0001537808366097737
1730277172.3774679,0.54971597375,0.5495621929133903,0.5496390833316951,0.0001537808366097737
1730277173.3799229,0.54971597375,0.5495621929133903,0.5496390833316951,0.0001537808366097737
1730277174.383389,0.5497699149999999,0.5495625731437727,0.5496662440718862,0.0002073418562272833
1730277175.386754,0.5497699149999999,0.5495625731437727,0.5496662440718862,0.0002073418562272833
1730277176.38974,0.5497699149999999,0.5495625731437727,0.5496662440718862,0.0002073418562272833
1730277177.392846,0.5497699149999999,0.5495625731437727,0.5496662440718862,0.0002073418562272833
1730277178.396256,0.5497699149999999,0.5495625731437727,0.5496662440718862,0.0002073418562272833
1730277179.399586,0.5497699149999999,0.5495625731437727,0.5496662440718862,0.0002073418562272833
1730277180.402333,0.549733795,0.5495629569468657,0.5496483759734329,0.00017083805313422573
1730277181.405952,0.549733795,0.5495629569468657,0.5496483759734329,0.00017083805313422573
1730277182.4094222,0.549733795,0.5495629569468657,0.5496483759734329,0.00017083805313422573
1730277183.413217,0.549733795,0.5495629569468657,0.5496483759734329,0.00017083805313422573
1730277184.4166641,0.549733795,0.5495629569468657,0.5496483759734329,0.00017083805313422573
1730277185.42017,0.549733795,0.5495629569468657,0.5496483759734329,0.00017083805313422573
1730277186.423226,0.549733795,0.5495629569468657,0.5496483759734329,0.00017083805313422573
1730277187.4259079,0.549733795,0.5495629569468657,0.5496483759734329,0.00017083805313422573
1730277188.428624,0.549733795,0.5495629569468657,0.5496483759734329,0.00017083805313422573
1730277189.43179,0.549677235,0.5495641015069936,0.5496206682534968,0.00011313349300634545
1730277190.436248,0.549677235,0.5495641015069936,0.5496206682534968,0.00011313349300634545
1730277191.4386392,0.549677235,0.5495641015069936,0.5496206682534968,0.00011313349300634545
1730277192.4413571,0.549677235,0.5495641015069936,0.5496206682534968,0.00011313349300634545
1730277193.443865,0.549677235,0.5495641015069936,0.5496206682534968,0.00011313349300634545
1730277194.447126,0.549677235,0.5495641015069936,0.5496206682534968,0.00011313349300634545
1730277195.4504251,0.549677235,0.5495641015069936,0.5496206682534968,0.00011313349300634545
1730277196.4537659,0.549621265,0.5495661949404308,0.5495937299702154,5.5070059569173324e-05
1730277197.457348,0.549621265,0.5495661949404308,0.5495937299702154,5.5070059569173324e-05
1730277198.460858,0.549621265,0.5495661949404308,0.5495937299702154,5.5070059569173324e-05
1730277199.464261,0.549621265,0.5495661949404308,0.5495937299702154,5.5070059569173324e-05
1730277200.4675698,0.549621265,0.5495661949404308,0.5495937299702154,5.5070059569173324e-05
1730277201.469942,0.549621265,0.5495661949404308,0.5495937299702154,5.5070059569173324e-05
1730277202.473454,0.549621265,0.5495661949404308,0.5495937299702154,5.5070059569173324e-05
1730277203.4769018,0.549621265,0.5495661949404308,0.5495937299702154,5.5070059569173324e-05
1730277204.480125,0.54967515375,0.5495743948020879,0.549624774276044,0.00010075894791206075
1730277205.483458,0.54967515375,0.5495743948020879,0.549624774276044,0.00010075894791206075
1730277206.485922,0.54967515375,0.5495743948020879,0.549624774276044,0.00010075894791206075
1730277207.487936,0.54967515375,0.5495743948020879,0.549624774276044,0.00010075894791206075
1730277208.490189,0.54967515375,0.5495743948020879,0.549624774276044,0.00010075894791206075
1730277209.492857,0.54967515375,0.5495743948020879,0.549624774276044,0.00010075894791206075
1730277210.495724,0.54967515375,0.5495674716788076,0.5496213127144038,0.00010768207119238316
1730277211.499001,0.54967515375,0.5495674716788076,0.5496213127144038,0.00010768207119238316
1730277212.503506,0.54967515375,0.5495674716788076,0.5496213127144038,0.00010768207119238316
1730277213.507135,0.54967515375,0.5495674716788076,0.5496213127144038,0.00010768207119238316
1730277214.511225,0.54967515375,0.5495674716788076,0.5496213127144038,0.00010768207119238316
1730277215.5146859,0.54967515375,0.5495674716788076,0.5496213127144038,0.00010768207119238316
1730277216.517279,0.549712765,0.5493698915470293,0.5495413282735147,0.0003428734529706823
1730277217.52024,0.549712765,0.5493698915470293,0.5495413282735147,0.0003428734529706823
1730277218.523707,0.549712765,0.5493698915470293,0.5495413282735147,0.0003428734529706823
1730277219.527321,0.549712765,0.5493698915470293,0.5495413282735147,0.0003428734529706823
1730277220.530901,0.549712765,0.5493698915470293,0.5495413282735147,0.0003428734529706823
1730277221.5339022,0.549712765,0.5493698915470293,0.5495413282735147,0.0003428734529706823
1730277222.536581,0.549712765,0.5493698915470293,0.5495413282735147,0.0003428734529706823
1730277223.5390651,0.549712765,0.5493698915470293,0.5495413282735147,0.0003428734529706823
1730277224.542502,0.549712765,0.5493698915470293,0.5495413282735147,0.0003428734529706823
1730277225.545259,0.549712765,0.5493698915470293,0.5495413282735147,0.0003428734529706823
1730277226.548975,0.549523215,0.5492622462280637,0.5493927306140318,0.0002609687719362652
1730277227.5521228,0.549523215,0.5492622462280637,0.5493927306140318,0.0002609687719362652
1730277228.555419,0.549523215,0.5492622462280637,0.5493927306140318,0.0002609687719362652
1730277229.559036,0.549523215,0.5492622462280637,0.5493927306140318,0.0002609687719362652
1730277230.5627751,0.549523215,0.5492622462280637,0.5493927306140318,0.0002609687719362652
1730277231.566154,0.549523215,0.5492622462280637,0.5493927306140318,0.0002609687719362652
1730277232.5697122,0.549523215,0.5492622462280637,0.5493927306140318,0.0002609687719362652
1730277233.5731552,0.549523215,0.5492622462280637,0.5493927306140318,0.0002609687719362652
1730277234.576384,0.549416345,0.5492076689024553,0.5493120069512276,0.00020867609754471328
1730277235.580033,0.549416345,0.5492076689024553,0.5493120069512276,0.00020867609754471328
1730277236.58383,0.549416345,0.5492076689024553,0.5493120069512276,0.00020867609754471328
1730277237.5866508,0.549416345,0.5492076689024553,0.5493120069512276,0.00020867609754471328
1730277238.590197,0.549416345,0.5492076689024553,0.5493120069512276,0.00020867609754471328
1730277239.592814,0.549416345,0.5492076689024553,0.5493120069512276,0.00020867609754471328
1730277240.596053,0.54939177375,0.5492076689024553,0.5492997213262276,0.00018410484754471934
1730277241.5997791,0.54939177375,0.5492076689024553,0.5492997213262276,0.00018410484754471934
1730277242.60313,0.54939177375,0.5492076689024553,0.5492997213262276,0.00018410484754471934
1730277243.6067,0.54939177375,0.5492076689024553,0.5492997213262276,0.00018410484754471934
1730277244.610083,0.54939177375,0.5492076689024553,0.5492997213262276,0.00018410484754471934
1730277245.6135948,0.54939177375,0.5492076689024553,0.5492997213262276,0.00018410484754471934
1730277246.616867,0.54939177375,0.5492076689024553,0.5492997213262276,0.00018410484754471934
1730277247.620215,0.54939177375,0.5492076689024553,0.5492997213262276,0.00018410484754471934
1730277248.622587,0.54939177375,0.5492076689024553,0.5492997213262276,0.00018410484754471934
1730277249.625833,0.54939177375,0.5491846062308461,0.5492881899904231,0.00020716751915395015
1730277250.629744,0.54939177375,0.5491846062308461,0.5492881899904231,0.00020716751915395015
1730277251.633483,0.54939177375,0.5491846062308461,0.5492881899904231,0.00020716751915395015
1730277252.636875,0.54939177375,0.5491846062308461,0.5492881899904231,0.00020716751915395015
1730277253.6403651,0.54939177375,0.5491846062308461,0.5492881899904231,0.00020716751915395015
1730277254.6433952,0.54939177375,0.5491846062308461,0.5492881899904231,0.00020716751915395015
1730277255.646366,0.549386325,0.549164840436994,0.549275582718497,0.0002214845630059692
1730277256.6499572,0.549386325,0.549164840436994,0.549275582718497,0.0002214845630059692
1730277257.65341,0.549386325,0.549164840436994,0.549275582718497,0.0002214845630059692
1730277258.657045,0.549386325,0.549164840436994,0.549275582718497,0.0002214845630059692
1730277259.660629,0.549386325,0.549164840436994,0.549275582718497,0.0002214845630059692
1730277260.664429,0.549386325,0.549164840436994,0.549275582718497,0.0002214845630059692
1730277261.6680808,0.54938484125,0.5492461359427213,0.5493154885963607,0.0001387053072786637
1730277262.671364,0.54938484125,0.5492461359427213,0.5493154885963607,0.0001387053072786637
1730277263.6744561,0.54938484125,0.5492461359427213,0.5493154885963607,0.0001387053072786637
1730277264.67787,0.54938484125,0.5492461359427213,0.5493154885963607,0.0001387053072786637
1730277265.6817842,0.54938484125,0.5492461359427213,0.5493154885963607,0.0001387053072786637
1730277266.685066,0.54938484125,0.5492461359427213,0.5493154885963607,0.0001387053072786637
1730277267.688662,0.54938484125,0.5492461359427213,0.5493154885963607,0.0001387053072786637
1730277268.6918101,0.54940916625,0.549244224388718,0.549326695319359,0.0001649418612820197
1730277269.695223,0.54940916625,0.549244224388718,0.549326695319359,0.0001649418612820197
1730277270.697956,0.54940916625,0.549244224388718,0.549326695319359,0.0001649418612820197
1730277271.70142,0.54940916625,0.549244224388718,0.549326695319359,0.0001649418612820197
1730277272.7052732,0.54940916625,0.549244224388718,0.549326695319359,0.0001649418612820197
1730277273.7082,0.54940916625,0.549244224388718,0.549326695319359,0.0001649418612820197
1730277274.711802,0.54940916625,0.549244224388718,0.549326695319359,0.0001649418612820197
1730277275.715473,0.54940916625,0.549244224388718,0.549326695319359,0.0001649418612820197
1730277276.7183151,0.54935066125,0.5491777104932032,0.5492641858716016,0.00017295075679679695
1730277277.721814,0.54935066125,0.5491777104932032,0.5492641858716016,0.00017295075679679695
1730277278.723756,0.54935066125,0.5491777104932032,0.5492641858716016,0.00017295075679679695
1730277279.7273548,0.54935066125,0.5491777104932032,0.5492641858716016,0.00017295075679679695
1730277280.731034,0.54935066125,0.5491777104932032,0.5492641858716016,0.00017295075679679695
1730277281.7344918,0.54935066125,0.5491777104932032,0.5492641858716016,0.00017295075679679695
1730277282.738019,0.54935066125,0.5491777104932032,0.5492641858716016,0.00017295075679679695
1730277283.741514,0.54935066125,0.5491777104932032,0.5492641858716016,0.00017295075679679695
1730277284.745007,0.54935054875,0.5491730084297707,0.5492617785898853,0.0001775403202293191
1730277285.748489,0.54935054875,0.5491730084297707,0.5492617785898853,0.0001775403202293191
1730277286.751818,0.54935054875,0.5491730084297707,0.5492617785898853,0.0001775403202293191
1730277287.755471,0.54935054875,0.5491730084297707,0.5492617785898853,0.0001775403202293191
1730277288.75822,0.54935054875,0.5491730084297707,0.5492617785898853,0.0001775403202293191
1730277289.76184,0.54935054875,0.5491730084297707,0.5492617785898853,0.0001775403202293191
1730277290.765437,0.54935054875,0.5491730084297707,0.5492617785898853,0.0001775403202293191
1730277291.7688398,0.5493141225,0.5491376157124197,0.5492258691062099,0.00017650678758029947
1730277292.77205,0.5493141225,0.5491376157124197,0.5492258691062099,0.00017650678758029947
1730277293.775465,0.5493141225,0.5491376157124197,0.5492258691062099,0.00017650678758029947
1730277294.779038,0.5493141225,0.5491376157124197,0.5492258691062099,0.00017650678758029947
1730277295.78234,0.5493141225,0.5491376157124197,0.5492258691062099,0.00017650678758029947
1730277296.785742,0.5493141225,0.5491376157124197,0.5492258691062099,0.00017650678758029947
1730277297.7888498,0.5492985325,0.5491505913997586,0.5492245619498793,0.00014794110024141105
1730277298.7916842,0.5492985325,0.5491505913997586,0.5492245619498793,0.00014794110024141105
1730277299.795064,0.5492985325,0.5491505913997586,0.5492245619498793,0.00014794110024141105
1730277300.798388,0.5492985325,0.5491505913997586,0.5492245619498793,0.00014794110024141105
1730277301.8019898,0.5492985325,0.5491505913997586,0.5492245619498793,0.00014794110024141105
1730277302.805357,0.54929988,0.5491631787020337,0.5492315293510168,0.0001367012979662796
1730277303.80883,0.54929988,0.5491631787020337,0.5492315293510168,0.0001367012979662796
1730277304.8123252,0.54929988,0.5491631787020337,0.5492315293510168,0.0001367012979662796
1730277305.815674,0.54929988,0.5491631787020337,0.5492315293510168,0.0001367012979662796
1730277306.818966,0.54929988,0.5491631787020337,0.5492315293510168,0.0001367012979662796
1730277307.8221738,0.54929988,0.5491631787020337,0.5492315293510168,0.0001367012979662796
1730277308.824299,0.54929988,0.5491631787020337,0.5492315293510168,0.0001367012979662796
1730277309.827104,0.54929988,0.5491631787020337,0.5492315293510168,0.0001367012979662796
1730277310.830674,0.54935840875,0.5491485663338945,0.5492534875419472,0.00020984241610544352
1730277311.8343658,0.54935840875,0.5491485663338945,0.5492534875419472,0.00020984241610544352
1730277312.837733,0.54935840875,0.5491485663338945,0.5492534875419472,0.00020984241610544352
1730277313.841179,0.54935840875,0.5491485663338945,0.5492534875419472,0.00020984241610544352
1730277314.844634,0.54935840875,0.5491485663338945,0.5492534875419472,0.00020984241610544352
1730277315.848125,0.54935840875,0.5491485663338945,0.5492534875419472,0.00020984241610544352
1730277316.851667,0.54935840875,0.5491485663338945,0.5492534875419472,0.00020984241610544352
1730277317.855059,0.5493413512499999,0.5491537487722137,0.5492475500111068,0.00018760247778626393
1730277318.857041,0.5493413512499999,0.5491537487722137,0.5492475500111068,0.00018760247778626393
1730277319.860566,0.5493413512499999,0.5491537487722137,0.5492475500111068,0.00018760247778626393
1730277320.864118,0.5493413512499999,0.5491537487722137,0.5492475500111068,0.00018760247778626393
1730277321.867562,0.5493413512499999,0.5491537487722137,0.5492475500111068,0.00018760247778626393
1730277322.870615,0.5493413512499999,0.5491537487722137,0.5492475500111068,0.00018760247778626393
1730277323.874144,0.5493413512499999,0.5491537487722137,0.5492475500111068,0.00018760247778626393
1730277324.87771,0.54933688625,0.5489599139860353,0.5491484001180176,0.0003769722639647144
1730277325.881286,0.54933688625,0.5489599139860353,0.5491484001180176,0.0003769722639647144
1730277326.884632,0.54933688625,0.5489599139860353,0.5491484001180176,0.0003769722639647144
1730277327.889708,0.54933688625,0.5489599139860353,0.5491484001180176,0.0003769722639647144
1730277328.8926542,0.54933688625,0.5489599139860353,0.5491484001180176,0.0003769722639647144
1730277329.8960278,0.5493032212500001,0.5488646248221671,0.5490839230360836,0.00043859642783294905
1730277330.89947,0.5493032212500001,0.5488646248221671,0.5490839230360836,0.00043859642783294905
1730277331.9030359,0.5493032212500001,0.5488646248221671,0.5490839230360836,0.00043859642783294905
1730277332.906328,0.5493032212500001,0.5488646248221671,0.5490839230360836,0.00043859642783294905
1730277333.9097269,0.5493032212500001,0.5488646248221671,0.5490839230360836,0.00043859642783294905
1730277334.913032,0.5493032212500001,0.5488646248221671,0.5490839230360836,0.00043859642783294905
1730277335.916474,0.5493032212500001,0.5488646248221671,0.5490839230360836,0.00043859642783294905
1730277336.919913,0.5493032212500001,0.5488646248221671,0.5490839230360836,0.00043859642783294905
1730277337.9244318,0.5493032212500001,0.5488646248221671,0.5490839230360836,0.00043859642783294905
1730277338.927331,0.54937908,0.5489076628202081,0.549143371410104,0.0004714171797919331
1730277339.930766,0.54937908,0.5489076628202081,0.549143371410104,0.0004714171797919331
1730277340.934162,0.54937908,0.5489076628202081,0.549143371410104,0.0004714171797919331
1730277341.9377081,0.54937908,0.5489076628202081,0.549143371410104,0.0004714171797919331
1730277342.941366,0.54937908,0.5489076628202081,0.549143371410104,0.0004714171797919331
1730277343.944834,0.54937908,0.5489076628202081,0.549143371410104,0.0004714171797919331
1730277344.947731,0.54937908,0.5489076628202081,0.549143371410104,0.0004714171797919331
1730277345.951113,0.54937908,0.5489076628202081,0.549143371410104,0.0004714171797919331
1730277346.9545548,0.5494047075,0.54901543776753,0.549210072633765,0.00038926973246999896
1730277347.958106,0.5494047075,0.54901543776753,0.549210072633765,0.00038926973246999896
1730277348.96164,0.5494047075,0.54901543776753,0.549210072633765,0.00038926973246999896
1730277349.9645288,0.5494047075,0.54901543776753,0.549210072633765,0.00038926973246999896
1730277350.967229,0.5494047075,0.54901543776753,0.549210072633765,0.00038926973246999896
1730277351.970963,0.5494047075,0.54901543776753,0.549210072633765,0.00038926973246999896
1730277352.97447,0.5492586349999999,0.54901543776753,0.549137036383765,0.000243197232469905
1730277353.977398,0.5492586349999999,0.54901543776753,0.549137036383765,0.000243197232469905
1730277354.979557,0.5492586349999999,0.54901543776753,0.549137036383765,0.000243197232469905
1730277355.9829278,0.5492586349999999,0.54901543776753,0.549137036383765,0.000243197232469905
1730277356.986437,0.5492586349999999,0.54901543776753,0.549137036383765,0.000243197232469905
1730277357.98944,0.5492586349999999,0.54901543776753,0.549137036383765,0.000243197232469905
1730277359.011738,0.5492586349999999,0.54901543776753,0.549137036383765,0.000243197232469905
1730277360.1005719,0.54928130875,0.54901543776753,0.549148373258765,0.00026587098246999563
1730277361.211638,0.54928130875,0.54901543776753,0.549148373258765,0.00026587098246999563
1730277362.3310888,0.54928130875,0.54901543776753,0.549148373258765,0.00026587098246999563
1730277363.4252758,0.54928130875,0.54901543776753,0.549148373258765,0.00026587098246999563
1730277364.426858,0.54928130875,0.54901543776753,0.549148373258765,0.00026587098246999563
1730277365.429769,0.54942932875,0.5494138319789462,0.5494215803644731,1.54967710537246e-05
1730277366.432875,0.54942932875,0.5494138319789462,0.5494215803644731,1.54967710537246e-05
1730277367.435468,0.54942932875,0.5494138319789462,0.5494215803644731,1.54967710537246e-05
1730277368.478465,0.54942932875,0.5494138319789462,0.5494215803644731,1.54967710537246e-05
1730277369.479939,0.54942932875,0.5494138319789462,0.5494215803644731,1.54967710537246e-05
1730277370.48159,0.54942932875,0.5494138319789462,0.5494215803644731,1.54967710537246e-05
1730277371.4848819,0.5495896887499999,0.5494844129805155,0.5495370508652577,0.00010527576948438089
1730277372.488662,0.5495896887499999,0.5494844129805155,0.5495370508652577,0.00010527576948438089
1730277373.572356,0.5495896887499999,0.5494844129805155,0.5495370508652577,0.00010527576948438089
1730277374.602278,0.5495896887499999,0.5494844129805155,0.5495370508652577,0.00010527576948438089
1730277375.721081,0.5495896887499999,0.5494844129805155,0.5495370508652577,0.00010527576948438089
1730277376.771303,0.5495896887499999,0.5494844129805155,0.5495370508652577,0.00010527576948438089
1730277377.827451,0.5495990525,0.5495126694028049,0.5495558609514024,8.63830971951085e-05
1730277378.829204,0.5495990525,0.5495126694028049,0.5495558609514024,8.63830971951085e-05
1730277379.832324,0.5495990525,0.5495126694028049,0.5495558609514024,8.63830971951085e-05
1730277380.906003,0.5495990525,0.5495126694028049,0.5495558609514024,8.63830971951085e-05
1730277381.931755,0.5495990525,0.5495126694028049,0.5495558609514024,8.63830971951085e-05
1730277382.976338,0.5495990525,0.5495126694028049,0.5495558609514024,8.63830971951085e-05
1730277383.996584,0.5496311899999999,0.549492701273818,0.549561945636909,0.00013848872618194008
1730277384.9983182,0.5496311899999999,0.549492701273818,0.549561945636909,0.00013848872618194008
1730277386.001764,0.5496311899999999,0.549492701273818,0.549561945636909,0.00013848872618194008
1730277387.005158,0.5496311899999999,0.549492701273818,0.549561945636909,0.00013848872618194008
1730277388.0086179,0.5496311899999999,0.549492701273818,0.549561945636909,0.00013848872618194008
1730277389.0117528,0.5496311899999999,0.549492701273818,0.549561945636909,0.00013848872618194008
1730277390.01534,0.54962199,0.5495025493696798,0.5495622696848399,0.00011944063032021113
1730277391.018837,0.54962199,0.5495025493696798,0.5495622696848399,0.00011944063032021113
1730277392.0223901,0.54962199,0.5495025493696798,0.5495622696848399,0.00011944063032021113
1730277393.026009,0.54962199,0.5495025493696798,0.5495622696848399,0.00011944063032021113
1730277394.029452,0.54962199,0.5495025493696798,0.5495622696848399,0.00011944063032021113
1730277395.032494,0.54962199,0.5495025493696798,0.5495622696848399,0.00011944063032021113
1730277396.035189,0.54962199,0.5495025493696798,0.5495622696848399,0.00011944063032021113
1730277397.0385761,0.5497254862500001,0.5495509706053042,0.5496382284276522,0.00017451564469583847
1730277398.0421069,0.5497254862500001,0.5495509706053042,0.5496382284276522,0.00017451564469583847
1730277399.045748,0.5497254862500001,0.5495509706053042,0.5496382284276522,0.00017451564469583847
1730277400.049122,0.5497254862500001,0.5495509706053042,0.5496382284276522,0.00017451564469583847
1730277401.052616,0.5497254862500001,0.5495509706053042,0.5496382284276522,0.00017451564469583847
1730277402.0560598,0.5497254862500001,0.5495509706053042,0.5496382284276522,0.00017451564469583847
1730277403.059527,0.5497254862500001,0.5495509706053042,0.5496382284276522,0.00017451564469583847
1730277404.062825,0.5497254862500001,0.5495509706053042,0.5496382284276522,0.00017451564469583847
1730277405.066269,0.5497864862499999,0.549550970314862,0.549668728282431,0.000235515935137931
1730277406.069469,0.5497864862499999,0.549550970314862,0.549668728282431,0.000235515935137931
1730277407.073586,0.5497864862499999,0.549550970314862,0.549668728282431,0.000235515935137931
1730277408.076948,0.5497864862499999,0.549550970314862,0.549668728282431,0.000235515935137931
1730277409.080286,0.5497864862499999,0.549550970314862,0.549668728282431,0.000235515935137931
1730277410.08373,0.5497864862499999,0.549550970314862,0.549668728282431,0.000235515935137931
1730277411.087501,0.5497864862499999,0.549550970314862,0.549668728282431,0.000235515935137931
1730277412.090726,0.5497864862499999,0.549550970314862,0.549668728282431,0.000235515935137931
1730277413.0942552,0.5497864862499999,0.549550970314862,0.549668728282431,0.000235515935137931
1730277414.097121,0.5497864862499999,0.549550970314862,0.549668728282431,0.000235515935137931
1730277415.0995042,0.5497867949999999,0.5495509409400318,0.5496688679700159,0.00023585405996817688
1730277416.102816,0.5497867949999999,0.5495509409400318,0.5496688679700159,0.00023585405996817688
1730277417.106385,0.5497867949999999,0.5495509409400318,0.5496688679700159,0.00023585405996817688
1730277418.109754,0.5497867949999999,0.5495509409400318,0.5496688679700159,0.00023585405996817688
1730277419.1132631,0.5497867949999999,0.5495509409400318,0.5496688679700159,0.00023585405996817688
1730277420.1167731,0.5497867949999999,0.5495509409400318,0.5496688679700159,0.00023585405996817688
1730277421.184145,0.5497867949999999,0.5495509409400318,0.5496688679700159,0.00023585405996817688
1730277422.187052,0.5496290225,0.5495028254049733,0.5495659239524866,0.0001261970950267033
1730277423.188852,0.5496290225,0.5495028254049733,0.5495659239524866,0.0001261970950267033
1730277424.228576,0.5496290225,0.5495028254049733,0.5495659239524866,0.0001261970950267033
1730277425.2439628,0.5496290225,0.5495028254049733,0.5495659239524866,0.0001261970950267033
1730277426.3274,0.5496290225,0.5495028254049733,0.5495659239524866,0.0001261970950267033
1730277427.329,0.5496290225,0.5495028254049733,0.5495659239524866,0.0001261970950267033
1730277428.332017,0.5496290225,0.5495028254049733,0.5495659239524866,0.0001261970950267033
1730277429.335923,0.54945129,0.5495118634010743,0.5494815767005372,-6.057340107423759e-05
1730277430.339565,0.54945129,0.5495118634010743,0.5494815767005372,-6.057340107423759e-05
1730277431.342939,0.54945129,0.5495118634010743,0.5494815767005372,-6.057340107423759e-05
1730277432.346176,0.54945129,0.5495118634010743,0.5494815767005372,-6.057340107423759e-05
1730277433.3495958,0.54945129,0.5495118634010743,0.5494815767005372,-6.057340107423759e-05
1730277434.352819,0.54945129,0.5495118634010743,0.5494815767005372,-6.057340107423759e-05
1730277435.356305,0.54945129,0.5495118634010743,0.5494815767005372,-6.057340107423759e-05
1730277436.359843,0.54945129,0.5495118634010743,0.5494815767005372,-6.057340107423759e-05
1730277437.363242,0.54941475375,0.5494071749620175,0.5494109643560088,7.578787982520652e-06
1730277438.366457,0.54941475375,0.5494071749620175,0.5494109643560088,7.578787982520652e-06
1730277439.368706,0.54941475375,0.5494071749620175,0.5494109643560088,7.578787982520652e-06
1730277440.371836,0.54941475375,0.5494071749620175,0.5494109643560088,7.578787982520652e-06
1730277441.37505,0.54941475375,0.5494071749620175,0.5494109643560088,7.578787982520652e-06
1730277442.3784902,0.54941475375,0.5494071749620175,0.5494109643560088,7.578787982520652e-06
1730277443.381312,0.54941475375,0.5494071749620175,0.5494109643560088,7.578787982520652e-06
1730277444.384919,0.54934439625,0.5494065942419215,0.5493754952459607,-6.219799192153097e-05
1730277445.387876,0.54934439625,0.5494065942419215,0.5493754952459607,-6.219799192153097e-05
1730277446.391118,0.54934439625,0.5494065942419215,0.5493754952459607,-6.219799192153097e-05
1730277447.394849,0.54934439625,0.5494065942419215,0.5493754952459607,-6.219799192153097e-05
1730277448.3982358,0.54934439625,0.5494065942419215,0.5493754952459607,-6.219799192153097e-05
1730277449.4004438,0.54934439625,0.5494065942419215,0.5493754952459607,-6.219799192153097e-05
1730277450.4041972,0.54934439625,0.5494065942419215,0.5493754952459607,-6.219799192153097e-05
1730277451.407412,0.54934439625,0.5494065942419215,0.5493754952459607,-6.219799192153097e-05
1730277452.410733,0.54926889125,0.5493857502788086,0.5493273207644043,-0.00011685902880864685
1730277453.414134,0.54926889125,0.5493857502788086,0.5493273207644043,-0.00011685902880864685
1730277454.417516,0.54926889125,0.5493857502788086,0.5493273207644043,-0.00011685902880864685
1730277455.420647,0.54926889125,0.5493857502788086,0.5493273207644043,-0.00011685902880864685
1730277456.4238222,0.54926889125,0.5493857502788086,0.5493273207644043,-0.00011685902880864685
1730277457.42741,0.54926889125,0.549447027298155,0.5493579592740775,-0.0001781360481549754
1730277458.432105,0.54926889125,0.549447027298155,0.5493579592740775,-0.0001781360481549754
1730277459.435064,0.54926889125,0.549447027298155,0.5493579592740775,-0.0001781360481549754
1730277460.438323,0.54926889125,0.549447027298155,0.5493579592740775,-0.0001781360481549754
1730277461.441408,0.54926889125,0.549447027298155,0.5493579592740775,-0.0001781360481549754
1730277462.444802,0.54926889125,0.549447027298155,0.5493579592740775,-0.0001781360481549754
1730277463.448332,0.54926889125,0.549447027298155,0.5493579592740775,-0.0001781360481549754
1730277464.4517639,0.5493070237500001,0.5494807522407509,0.5493938879953755,-0.00017372849075081298
1730277465.4059289,0.5493070237500001,0.5494807522407509,0.5493938879953755,-0.00017372849075081298
1730277466.409405,0.5493070237500001,0.5494807522407509,0.5493938879953755,-0.00017372849075081298
1730277467.412856,0.5493070237500001,0.5494807522407509,0.5493938879953755,-0.00017372849075081298
1730277468.4199722,0.5493070237500001,0.5494807522407509,0.5493938879953755,-0.00017372849075081298
1730277469.425753,0.5493070237500001,0.5494807522407509,0.5493938879953755,-0.00017372849075081298
1730277470.429417,0.5493070237500001,0.5494807522407509,0.5493938879953755,-0.00017372849075081298
1730277471.433092,0.5493070237500001,0.5494807522407509,0.5493938879953755,-0.00017372849075081298
1730277472.4366841,0.5493070237500001,0.5494807522407509,0.5493938879953755,-0.00017372849075081298
1730277473.439919,0.54926889125,0.5494076628605964,0.5493382770552981,-0.00013877161059638876
1730277474.443286,0.54926889125,0.5494076628605964,0.5493382770552981,-0.00013877161059638876
1730277475.446818,0.54926889125,0.5494076628605964,0.5493382770552981,-0.00013877161059638876
1730277476.4503481,0.54926889125,0.5494076628605964,0.5493382770552981,-0.00013877161059638876
1730277477.453814,0.54926889125,0.5494076628605964,0.5493382770552981,-0.00013877161059638876
1730277478.456952,0.54926889125,0.5494076628605964,0.5493382770552981,-0.00013877161059638876
1730277479.4613051,0.5493070237500001,0.5494841115263639,0.549395567638182,-0.00017708777636382678
1730277480.46456,0.5493070237500001,0.5494841115263639,0.549395567638182,-0.00017708777636382678
1730277481.46811,0.5493070237500001,0.5494841115263639,0.549395567638182,-0.00017708777636382678
1730277482.471223,0.5493070237500001,0.5494841115263639,0.549395567638182,-0.00017708777636382678
1730277483.4745631,0.5493070237500001,0.5494841115263639,0.549395567638182,-0.00017708777636382678
1730277484.4779708,0.5493070237500001,0.5494841115263639,0.549395567638182,-0.00017708777636382678
1730277485.481538,0.5493070237500001,0.5494841115263639,0.549395567638182,-0.00017708777636382678
1730277486.4849331,0.5493560225,0.549446150568247,0.5494010865341235,-9.012806824693076e-05
1730277487.488223,0.5493560225,0.549446150568247,0.5494010865341235,-9.012806824693076e-05
1730277488.491658,0.5493560225,0.549446150568247,0.5494010865341235,-9.012806824693076e-05
1730277489.4953978,0.5493560225,0.549446150568247,0.5494010865341235,-9.012806824693076e-05
1730277490.4990568,0.5493560225,0.549446150568247,0.5494010865341235,-9.012806824693076e-05
1730277491.502688,0.5493560225,0.549446150568247,0.5494010865341235,-9.012806824693076e-05
1730277492.506167,0.54933380125,0.5494626537665311,0.5493982275082656,-0.0001288525165311638
1730277493.5095732,0.54933380125,0.5494626537665311,0.5493982275082656,-0.0001288525165311638
1730277494.512832,0.54933380125,0.5494626537665311,0.5493982275082656,-0.0001288525165311638
1730277495.515573,0.54933380125,0.5494626537665311,0.5493982275082656,-0.0001288525165311638
1730277496.518904,0.54933380125,0.5494626537665311,0.5493982275082656,-0.0001288525165311638
1730277497.522138,0.54933380125,0.5494626537665311,0.5493982275082656,-0.0001288525165311638
1730277498.525641,0.54933380125,0.5494626537665311,0.5493982275082656,-0.0001288525165311638
1730277499.529313,0.54933380125,0.5494785424921736,0.5494061718710868,-0.0001447412421736738
1730277500.533002,0.54933380125,0.5494785424921736,0.5494061718710868,-0.0001447412421736738
1730277501.538322,0.54933380125,0.5494785424921736,0.5494061718710868,-0.0001447412421736738
1730277502.5422668,0.54933380125,0.5494785424921736,0.5494061718710868,-0.0001447412421736738
1730277503.545863,0.54933380125,0.5494785424921736,0.5494061718710868,-0.0001447412421736738
1730277504.54973,0.54933380125,0.5494785424921736,0.5494061718710868,-0.0001447412421736738
1730277505.553154,0.54933380125,0.5494785424921736,0.5494061718710868,-0.0001447412421736738
1730277506.556233,0.54933380125,0.5494785424921736,0.5494061718710868,-0.0001447412421736738
1730277507.5597482,0.54933380125,0.5494785424921736,0.5494061718710868,-0.0001447412421736738
1730277508.563537,0.5493671062500001,0.5495076634864129,0.5494373848682065,-0.00014055723641281936
